config_name,enable_yolo,enable_hit_detection,enable_temporal,enable_overlay,frame_idx,yolo_ms,hit_det_ms,temporal_ms,overlay_ms,total_ms
Full Pipeline,True,True,True,True,0,13.343700004043058,0.003200009814463556,0.0018999999156221747,0.4604999994626269,13.80930001323577
Full Pipeline,True,True,True,True,1,11.24379999237135,0.0036999990697950125,0.0013999961083754897,0.3285999991931021,11.577499986742623
Full Pipeline,True,True,True,True,2,9.834999989834614,0.002900007530115545,0.002900007530115545,0.30839999089948833,10.149199995794334
Full Pipeline,True,True,True,True,3,10.181899997405708,0.0020000006770715117,0.001300009898841381,0.2832999889506027,10.468499996932223
Full Pipeline,True,True,True,True,4,9.68240000656806,0.0021000014385208488,0.001300009898841381,0.2933999930974096,9.979200011002831
Full Pipeline,True,True,True,True,5,9.586499989381991,0.0008999923011288047,0.0013999961083754897,0.2410000015515834,9.829799979343079
Full Pipeline,True,True,True,True,6,9.534500000881962,0.000800006091594696,0.0012999953469261527,0.2322000073036179,9.768800009624101
Full Pipeline,True,True,True,True,7,9.37099999282509,0.0022000021999701858,0.0011999945854768157,0.26420000358484685,9.638599993195385
Full Pipeline,True,True,True,True,8,9.423299998161383,0.0021000014385208488,0.0016999983927235007,0.2719000040087849,9.699000002001412
Full Pipeline,True,True,True,True,9,9.374500004923902,0.0024000037228688598,0.0014999968698248267,0.2778999914880842,9.65629999700468
Full Pipeline,True,True,True,True,10,9.452300000702962,0.0018999999156221747,0.0013999961083754897,0.27299999783281237,9.728599994559772
Full Pipeline,True,True,True,True,11,9.870399997453205,0.0017999991541728377,0.001500011421740055,0.28399999428074807,10.157700002309866
Full Pipeline,True,True,True,True,12,10.579199995845556,0.0018999999156221747,0.0020000006770715117,0.30869999318383634,10.891799989622086
Full Pipeline,True,True,True,True,13,9.954400011338294,0.0023000029614195228,0.0023000029614195228,0.35430000571068376,10.313300022971816
Full Pipeline,True,True,True,True,14,9.91500000236556,0.0021000014385208488,0.0020000006770715117,0.3142000059597194,10.233300010440871
Full Pipeline,True,True,True,True,15,9.490700002061203,0.0016999983927235007,0.0034999975468963385,0.2691000117920339,9.765000009792857
Full Pipeline,True,True,True,True,16,9.590799993020482,0.0007999915396794677,0.0011999945854768157,0.25939999613910913,9.852199975284748
Full Pipeline,True,True,True,True,17,9.937399998307228,0.0032999960239976645,0.0033999967854470015,0.4023999936180189,10.346499984734692
Full Pipeline,True,True,True,True,18,9.637499999371357,0.0020000006770715117,0.002800006768666208,0.3015999973285943,9.94390000414569
Full Pipeline,True,True,True,True,19,9.701200004201382,0.0015999976312741637,0.0014999968698248267,0.2921999985119328,9.996499997214414
Full Pipeline,True,True,True,True,20,9.370700005092658,0.001600012183189392,0.0014999968698248267,0.25749999622348696,9.63130001036916
Full Pipeline,True,True,True,True,21,9.377399997902103,0.0017999991541728377,0.0014999968698248267,0.2629999944474548,9.643699988373555
Full Pipeline,True,True,True,True,22,9.188400013954379,0.0024999899324029684,0.0016999983927235007,0.2851000026566908,9.477700004936196
Full Pipeline,True,True,True,True,23,9.219999992637895,0.0020000006770715117,0.001500011421740055,0.28839999868068844,9.511900003417395
Full Pipeline,True,True,True,True,24,10.22219999867957,0.0021999876480549574,0.0037999998312443495,0.2958999975817278,10.524099983740598
Full Pipeline,True,True,True,True,25,9.57130000460893,0.0020000006770715117,0.0020000006770715117,0.2994999958900735,9.874800001853146
Full Pipeline,True,True,True,True,26,9.492700002738275,0.0020000006770715117,0.0023000029614195228,0.3040000010514632,9.801000007428229
Full Pipeline,True,True,True,True,27,11.275800003204495,0.0021000014385208488,0.0023000029614195228,0.31489999673794955,11.595100004342385
Full Pipeline,True,True,True,True,28,9.996100008720532,0.00100000761449337,0.003200009814463556,0.2888000017264858,10.289100027875975
Full Pipeline,True,True,True,True,29,10.172800000873394,0.0006999907782301307,0.0021000014385208488,0.32500000088475645,10.500599993974902
Full Pipeline,True,True,True,True,30,9.444999988772906,0.0005999900167807937,0.0032999960239976645,0.27150000096298754,9.720399975776672
Full Pipeline,True,True,True,True,31,9.37109999358654,0.000800006091594696,0.0012999953469261527,0.2891000040108338,9.662299999035895
Full Pipeline,True,True,True,True,32,10.19349999842234,0.000600004568696022,0.0014999968698248267,0.28649999876506627,10.482099998625927
Full Pipeline,True,True,True,True,33,10.419400001410395,0.000700005330145359,0.0026999914553016424,0.25349999486934394,10.676299993065186
Full Pipeline,True,True,True,True,34,9.546900007990189,0.0007999915396794677,0.0012999953469261527,0.27740000223275274,9.826399997109547
Full Pipeline,True,True,True,True,35,9.381299998494796,0.0006999907782301307,0.0015999976312741637,0.27319999935571104,9.656799986260012
Full Pipeline,True,True,True,True,36,9.440199995879084,0.000800006091594696,0.001600012183189392,0.3542000049492344,9.796800019103102
Full Pipeline,True,True,True,True,37,9.590000001480803,0.000700005330145359,0.001500011421740055,0.29349999385885894,9.885700012091547
Full Pipeline,True,True,True,True,38,9.627300009015016,0.0005999900167807937,0.0012999953469261527,0.24339999072253704,9.87259998510126
Full Pipeline,True,True,True,True,39,9.780799999134615,0.0015999976312741637,0.0021000014385208488,0.27380000392440706,10.058300002128817
Full Pipeline,True,True,True,True,40,9.391999992658384,0.0022000021999701858,0.0023999891709536314,0.3170000127283856,9.713599996757694
Full Pipeline,True,True,True,True,41,9.766999995918013,0.0022000021999701858,0.001600012183189392,0.2547999902162701,10.025600000517443
Full Pipeline,True,True,True,True,42,10.499299998627976,0.0016999983927235007,0.0017999991541728377,0.2674999996088445,10.770299995783716
Full Pipeline,True,True,True,True,43,9.185199989588,0.0022000021999701858,0.0039000005926936865,0.2548999909777194,9.446199983358383
Full Pipeline,True,True,True,True,44,9.372000000439584,0.0016999983927235007,0.001200009137392044,0.27210000553168356,9.647000013501383
Full Pipeline,True,True,True,True,45,9.481300003244542,0.000600004568696022,0.0012999953469261527,0.2948000037577003,9.778000006917864
Full Pipeline,True,True,True,True,46,9.731800004374236,0.000700005330145359,0.0013999961083754897,0.25660000392235816,9.990500009735115
Full Pipeline,True,True,True,True,47,9.285100008128211,0.000600004568696022,0.001300009898841381,0.27740000223275274,9.564400024828501
Full Pipeline,True,True,True,True,48,9.053399990079924,0.001700012944638729,0.0015999976312741637,0.2657000004546717,9.322400001110509
Full Pipeline,True,True,True,True,49,9.523999993689358,0.0020999868866056204,0.0025000044843181968,0.2789999998640269,9.807599984924309
Full Pipeline,True,True,True,True,50,9.712700004456565,0.0020000006770715117,0.0016999983927235007,0.26369999977760017,9.98010000330396
Full Pipeline,True,True,True,True,51,11.114199995063245,0.0017999991541728377,0.0014999968698248267,0.2911000046879053,11.408599995775148
Full Pipeline,True,True,True,True,52,9.737999993376434,0.0015999976312741637,0.003300010575912893,0.26679999427869916,10.00969999586232
Full Pipeline,True,True,True,True,53,10.471800007508136,0.0008999923011288047,0.0023000029614195228,0.2590999938547611,10.734099996625446
Full Pipeline,True,True,True,True,54,9.716000000480562,0.0006999907782301307,0.0013999961083754897,0.24929999199230224,9.96739997935947
Full Pipeline,True,True,True,True,55,9.48680000146851,0.0009999930625781417,0.0011999945854768157,0.22669999452773482,9.7156999836443
Full Pipeline,True,True,True,True,56,9.342400007881224,0.000700005330145359,0.001400010660290718,0.23659999715164304,9.581100021023303
Full Pipeline,True,True,True,True,57,9.49179999588523,0.0016999983927235007,0.0016999983927235007,0.262400004430674,9.757599997101352
Full Pipeline,True,True,True,True,58,9.729199999128468,0.0018999999156221747,0.0014999968698248267,0.30110000807326287,10.033700003987178
Full Pipeline,True,True,True,True,59,9.463199996389449,0.0017999991541728377,0.0021000014385208488,0.2668999950401485,9.73399999202229
Full Pipeline,True,True,True,True,60,9.55699999758508,0.0017999991541728377,0.002900007530115545,0.2646000066306442,9.826300010900013
Full Pipeline,True,True,True,True,61,9.69200000690762,0.000700005330145359,0.001400010660290718,0.24539999139960855,9.939500014297664
Full Pipeline,True,True,True,True,62,9.660099996835925,0.0007999915396794677,0.0012999953469261527,0.24120000307448208,9.903399986797012
Full Pipeline,True,True,True,True,63,9.22079999872949,0.000600004568696022,0.001200009137392044,0.2359000063734129,9.45850001880899
Full Pipeline,True,True,True,True,64,9.663700009696186,0.0007999915396794677,0.0010999938240274787,0.2513999934308231,9.916999988490716
Full Pipeline,True,True,True,True,65,9.3238000117708,0.001800013706088066,0.001100008375942707,0.26610000350046903,9.5928000373533
Full Pipeline,True,True,True,True,66,9.321200006525032,0.0021000014385208488,0.0021000014385208488,0.26960000104736537,9.59500001044944
Full Pipeline,True,True,True,True,67,10.169600005610846,0.0021999876480549574,0.0016999983927235007,0.2947999892057851,10.46829998085741
Full Pipeline,True,True,True,True,68,9.493899997323751,0.0016999983927235007,0.0014999968698248267,0.3060000017285347,9.803099994314834
Full Pipeline,True,True,True,True,69,9.495899998000823,0.0021000014385208488,0.0016999983927235007,0.2703000063775107,9.770000004209578
Full Pipeline,True,True,True,True,70,9.628300002077594,0.0011999945854768157,0.0014999968698248267,0.33429999893996865,9.965299992472865
Full Pipeline,True,True,True,True,71,9.87350000650622,0.0016999983927235007,0.0025999906938523054,0.26619998971000314,10.143999985302798
Full Pipeline,True,True,True,True,72,9.595199997420423,0.0021000014385208488,0.001200009137392044,0.2722000062931329,9.870700014289469
Full Pipeline,True,True,True,True,73,9.523399989120662,0.0018999999156221747,0.001400010660290718,0.33710000570863485,9.86380000540521
Full Pipeline,True,True,True,True,74,10.286299992003478,0.000900006853044033,0.001500011421740055,0.3260999947087839,10.614800004987046
Full Pipeline,True,True,True,True,75,9.939799987478182,0.000700005330145359,0.0012999953469261527,0.26190000062342733,10.20369998877868
Full Pipeline,True,True,True,True,76,9.477599989622831,0.000600004568696022,0.0013999961083754897,0.27600000612437725,9.75559999642428
Full Pipeline,True,True,True,True,77,9.512299991911277,0.000800006091594696,0.0016999983927235007,0.27680001221597195,9.791600008611567
Full Pipeline,True,True,True,True,78,11.218499988899566,0.0013999961083754897,0.0014999968698248267,0.3220999933546409,11.543499975232407
Full Pipeline,True,True,True,True,79,9.642699995310977,0.0007999915396794677,0.0013999961083754897,0.25249998725485057,9.897399970213883
Full Pipeline,True,True,True,True,80,9.724300005473197,0.0008999923011288047,0.0013999961083754897,0.3360999980941415,10.062699991976842
Full Pipeline,True,True,True,True,81,9.759000007761642,0.000600004568696022,0.0012999953469261527,0.2769999991869554,10.03790000686422
Full Pipeline,True,True,True,True,82,9.677299996837974,0.000600004568696022,0.0011999945854768157,0.29180001001805067,9.970900006010197
Full Pipeline,True,True,True,True,83,9.561899991240352,0.0007999915396794677,0.0012999953469261527,0.28870000096503645,9.852699979091994
Full Pipeline,True,True,True,True,84,14.876500004902482,0.0006999907782301307,0.0016999983927235007,0.32079999800771475,15.19969999208115
Full Pipeline,True,True,True,True,85,9.819600003538653,0.00100000761449337,0.0016999983927235007,0.23370000417344272,10.056000013719313
Full Pipeline,True,True,True,True,86,9.4970999925863,0.0007999915396794677,0.0014999968698248267,0.291000003926456,9.79039998492226
Full Pipeline,True,True,True,True,87,9.538799989968538,0.0008999923011288047,0.0017999991541728377,0.22829999215900898,9.769799973582849
Full Pipeline,True,True,True,True,88,9.717299995827489,0.0006999907782301307,0.0014999968698248267,0.23330000112764537,9.952799984603189
Full Pipeline,True,True,True,True,89,10.135299991816282,0.000700005330145359,0.001500011421740055,0.24110000231303275,10.3786000108812
Full Pipeline,True,True,True,True,90,10.489699998288415,0.000800006091594696,0.001400010660290718,0.22339999850373715,10.715300013544038
Full Pipeline,True,True,True,True,91,9.233099990524352,0.0020000006770715117,0.0023000029614195228,0.2562000008765608,9.493599995039403
Full Pipeline,True,True,True,True,92,10.501400000066496,0.0026000052457675338,0.0015999976312741637,0.2778000052785501,10.783400008222088
Full Pipeline,True,True,True,True,93,10.008999990532175,0.0020000006770715117,0.0018999999156221747,0.2607999922474846,10.273699983372353
Full Pipeline,True,True,True,True,94,15.634900002623908,0.0017999991541728377,0.0013999961083754897,0.25599999935366213,15.894099997240119
Full Pipeline,True,True,True,True,95,9.406599987414666,0.0018999999156221747,0.001500011421740055,0.2548999909777194,9.664899989729747
Full Pipeline,True,True,True,True,96,9.2614000022877,0.0015999976312741637,0.0013999961083754897,0.2742000069702044,9.538600002997555
Full Pipeline,True,True,True,True,97,9.265800006687641,0.0017999991541728377,0.0028999929782003164,0.27550000231713057,9.546000001137145
Full Pipeline,True,True,True,True,98,13.671900000190362,0.0016999983927235007,0.00100000761449337,0.29490000451914966,13.969500010716729
Full Pipeline,True,True,True,True,99,12.976700003491715,0.000800006091594696,0.0013999961083754897,0.23990000772755593,13.21880001341924
Full Pipeline,True,True,True,True,100,13.7931000062963,0.0026000052457675338,0.0017999991541728377,0.2823999966494739,14.079900007345714
Full Pipeline,True,True,True,True,101,14.208299995516427,0.0016999983927235007,0.001500011421740055,0.2958999975817278,14.507400002912618
Full Pipeline,True,True,True,True,102,17.944399995030835,0.0021000014385208488,0.00340001133736223,0.2927999885287136,18.242699996335432
Full Pipeline,True,True,True,True,103,13.605600004666485,0.001400010660290718,0.00650000583846122,0.34339999547228217,13.956900016637519
Full Pipeline,True,True,True,True,104,13.969199993880466,0.0006999907782301307,0.0011999945854768157,0.25070000265259296,14.221799981896766
Full Pipeline,True,True,True,True,105,13.132799998857081,0.0018999999156221747,0.0020000006770715117,0.27010000485461205,13.406800004304387
Full Pipeline,True,True,True,True,106,12.198699987493455,0.0016999983927235007,0.001500011421740055,0.26869999419432133,12.47059999150224
Full Pipeline,True,True,True,True,107,10.015000007115304,0.0020000006770715117,0.0018999999156221747,0.30929999775253236,10.32820000546053
Full Pipeline,True,True,True,True,108,9.316800002125092,0.0018999999156221747,0.0021000014385208488,0.27180000324733555,9.59260000672657
Full Pipeline,True,True,True,True,109,9.587599997757934,0.0018999999156221747,0.001600012183189392,0.2663999912329018,9.857500001089647
Full Pipeline,True,True,True,True,110,9.974400003557093,0.0021999876480549574,0.0021000014385208488,0.2673999988473952,10.246099991491064
Full Pipeline,True,True,True,True,111,9.852700008195825,0.0018999999156221747,0.0035999983083456755,0.2530000056140125,10.111200012033805
Full Pipeline,True,True,True,True,112,9.525600005872548,0.0006999907782301307,0.0011999945854768157,0.2212000108556822,9.748700002091937
Full Pipeline,True,True,True,True,113,9.701899994979613,0.000700005330145359,0.0012999953469261527,0.22230000467970967,9.926200000336394
Full Pipeline,True,True,True,True,114,9.27619999856688,0.000600004568696022,0.0011999945854768157,0.2629000082379207,9.540900005958974
Full Pipeline,True,True,True,True,115,9.17640000989195,0.0006999907782301307,0.0013999961083754897,0.268299991148524,9.44679998792708
Full Pipeline,True,True,True,True,116,9.626099999877624,0.000600004568696022,0.0012999953469261527,0.25240000104531646,9.880400000838563
Full Pipeline,True,True,True,True,117,9.313400005339645,0.0006999907782301307,0.0011999945854768157,0.23350000265054405,9.548799993353896
Full Pipeline,True,True,True,True,118,9.51050000730902,0.0005999900167807937,0.0013999961083754897,0.24169999232981354,9.75419998576399
Full Pipeline,True,True,True,True,119,9.5053000113694,0.00100000761449337,0.001400010660290718,0.23190000501926988,9.739600034663454
Full Pipeline,True,True,True,True,120,9.642499993788078,0.000700005330145359,0.001300009898841381,0.2781999937724322,9.922700002789497
Full Pipeline,True,True,True,True,121,9.472400008235127,0.0006999907782301307,0.0011999945854768157,0.25150000874418765,9.725800002343021
Full Pipeline,True,True,True,True,122,9.525600005872548,0.0012999953469261527,0.0018999999156221747,0.27629999385681003,9.805099994991906
Full Pipeline,True,True,True,True,123,9.32660000398755,0.000600004568696022,0.0010999938240274787,0.2742000069702044,9.602500009350479
Full Pipeline,True,True,True,True,124,9.529100003419444,0.001100008375942707,0.001300009898841381,0.2894999925047159,9.821000014198944
Full Pipeline,True,True,True,True,125,9.38289999612607,0.0011999945854768157,0.0011999945854768157,0.2961999998660758,9.6814999851631
Full Pipeline,True,True,True,True,126,9.887300009722821,0.000800006091594696,0.0012999953469261527,0.3020000003743917,10.191400011535734
Full Pipeline,True,True,True,True,127,9.688699996331707,0.0008999923011288047,0.0012999953469261527,0.2781999937724322,9.969099977752194
Full Pipeline,True,True,True,True,128,9.318399999756366,0.001300009898841381,0.0024000037228688598,0.28789999487344176,9.610000008251518
Full Pipeline,True,True,True,True,129,9.488600000622682,0.0006999907782301307,0.0014999968698248267,0.3363000141689554,9.827100002439693
Full Pipeline,True,True,True,True,130,9.640399992349558,0.000800006091594696,0.0016999983927235007,0.305499997921288,9.948399994755164
Full Pipeline,True,True,True,True,131,9.384499993757345,0.000700005330145359,0.0013999961083754897,0.3538000019034371,9.740399997099303
Full Pipeline,True,True,True,True,132,10.306600001058541,0.0006999907782301307,0.0013999961083754897,0.3175000019837171,10.626199989928864
Full Pipeline,True,True,True,True,133,9.557299999869429,0.0008999923011288047,0.0016999983927235007,0.3352000057930127,9.895099996356294
Full Pipeline,True,True,True,True,134,9.633200010284781,0.0006999907782301307,0.0012999953469261527,0.3046000056201592,9.939800002030097
Full Pipeline,True,True,True,True,135,10.064999994938262,0.000700005330145359,0.001500011421740055,0.28419999580364674,10.351400007493794
Full Pipeline,True,True,True,True,136,9.46240000484977,0.000700005330145359,0.001400010660290718,0.2919999969890341,9.75650001782924
Full Pipeline,True,True,True,True,137,9.450199999264441,0.000700005330145359,0.0015999976312741637,0.3206999972462654,9.773199999472126
Full Pipeline,True,True,True,True,138,9.495299993432127,0.0006999907782301307,0.0010999938240274787,0.2761999930953607,9.773299971129745
Full Pipeline,True,True,True,True,139,9.560100006638095,0.000700005330145359,0.0015999976312741637,0.2569999924162403,9.819400002015755
Full Pipeline,True,True,True,True,140,9.203900001011789,0.0008999923011288047,0.0013999961083754897,0.24259999918285757,9.44879998860415
Full Pipeline,True,True,True,True,141,9.495499994955026,0.00100000761449337,0.0012999953469261527,0.2769999991869554,9.7747999971034
Full Pipeline,True,True,True,True,142,9.688000005553477,0.0006999907782301307,0.0011999945854768157,0.23150000197347254,9.921399992890656
Full Pipeline,True,True,True,True,143,9.686199991847388,0.001700012944638729,0.001300009898841381,0.2803999959724024,9.969600010663271
Full Pipeline,True,True,True,True,144,9.423299998161383,0.00100000761449337,0.0013999961083754897,0.24449999909847975,9.670200000982732
Full Pipeline,True,True,True,True,145,9.861800004728138,0.00100000761449337,0.001200009137392044,0.2556999970693141,10.119700018549338
Full Pipeline,True,True,True,True,146,9.516899997834116,0.000600004568696022,0.0011999945854768157,0.24580000899732113,9.76450000598561
Full Pipeline,True,True,True,True,147,9.759799999301322,0.0016999983927235007,0.0018999999156221747,0.25969999842345715,10.023099996033125
Full Pipeline,True,True,True,True,148,9.227200003806502,0.0017999991541728377,0.0013999961083754897,0.2671999973244965,9.497599996393546
Full Pipeline,True,True,True,True,149,9.321200006525032,0.0015999976312741637,0.0012999953469261527,0.27749998844228685,9.60159998794552
Full Pipeline,True,True,True,True,150,9.562600011122413,0.0021000014385208488,0.0020000006770715117,0.27990000671707094,9.846600019955076
Full Pipeline,True,True,True,True,151,9.893100010231137,0.0018999999156221747,0.0018999999156221747,0.28500000189524144,10.181900011957623
Full Pipeline,True,True,True,True,152,9.76739999896381,0.0018999999156221747,0.0017999991541728377,0.2832000027410686,10.054300000774674
Full Pipeline,True,True,True,True,153,12.452299997676164,0.0027999922167509794,0.0023000029614195228,0.38749999657738954,12.844899989431724
Full Pipeline,True,True,True,True,154,12.221199998748489,0.0017999991541728377,0.003000008291564882,0.30420000257436186,12.530200008768588
Full Pipeline,True,True,True,True,155,12.7041000087047,0.0026999914553016424,0.0033999967854470015,0.3252000024076551,13.035399999353103
Full Pipeline,True,True,True,True,156,12.864399992395192,0.000800006091594696,0.003000008291564882,0.2641000028233975,13.13230000960175
Full Pipeline,True,True,True,True,157,12.454800002160482,0.0012999953469261527,0.00589998671784997,0.32169999030884355,12.783699974534102
Full Pipeline,True,True,True,True,158,11.257699996349402,0.000900006853044033,0.001400010660290718,0.25179999647662044,11.511800010339357
Full Pipeline,True,True,True,True,159,11.011599999619648,0.0010999938240274787,0.0011999945854768157,0.26110000908374786,11.2749999971129
Full Pipeline,True,True,True,True,160,10.512900000321679,0.0009999930625781417,0.0014999968698248267,0.2643000043462962,10.779699994600378
Full Pipeline,True,True,True,True,161,9.934300003806129,0.0009999930625781417,0.0012999953469261527,0.25770001229830086,10.194300004513934
Full Pipeline,True,True,True,True,162,9.734700011904351,0.000900006853044033,0.001300009898841381,0.2466000005370006,9.983500029193237
Full Pipeline,True,True,True,True,163,10.349599993787706,0.000900006853044033,0.0012999953469261527,0.29660000291187316,10.64839999889955
Full Pipeline,True,True,True,True,164,9.725800002343021,0.001100008375942707,0.0047000066842883825,0.4558000073302537,10.187400024733506
Full Pipeline,True,True,True,True,165,10.455900002853014,0.0006999907782301307,0.0011999945854768157,0.28670000028796494,10.744499988504685
Full Pipeline,True,True,True,True,166,9.98460000846535,0.000700005330145359,0.0013999961083754897,0.2871999895432964,10.273899999447167
Full Pipeline,True,True,True,True,167,9.708099998533726,0.000800006091594696,0.001500011421740055,0.3077000001212582,10.018100016168319
Full Pipeline,True,True,True,True,168,9.972599989851005,0.001100008375942707,0.0014999968698248267,0.291300006210804,10.266500001307577
Full Pipeline,True,True,True,True,169,10.332400008337572,0.000800006091594696,0.0014999968698248267,0.32160000409930944,10.656300015398301
Full Pipeline,True,True,True,True,170,9.688200007076375,0.0007999915396794677,0.0015999976312741637,0.3488000074867159,10.039400003734045
Full Pipeline,True,True,True,True,171,10.059900014312007,0.000700005330145359,0.0014999968698248267,0.251300007221289,10.313400023733266
Full Pipeline,True,True,True,True,172,9.697400004370138,0.000800006091594696,0.0012999953469261527,0.2305999951204285,9.930100000929087
Full Pipeline,True,True,True,True,173,9.609100001398474,0.0006999907782301307,0.0013999961083754897,0.2401000092504546,9.851299997535534
Full Pipeline,True,True,True,True,174,9.473500002059154,0.000700005330145359,0.0014999968698248267,0.24059999850578606,9.71630000276491
Full Pipeline,True,True,True,True,175,9.393999993335456,0.0008999923011288047,0.0012999953469261527,0.26590000197757035,9.662099982961081
Full Pipeline,True,True,True,True,176,9.55249999242369,0.000800006091594696,0.001500011421740055,0.2410000015515834,9.795800011488609
Full Pipeline,True,True,True,True,177,9.684599994216114,0.0017999991541728377,0.0016999983927235007,0.3060000017285347,9.994099993491545
Full Pipeline,True,True,True,True,178,9.736799998790957,0.000700005330145359,0.0010999938240274787,0.29850000282749534,10.037100000772625
Full Pipeline,True,True,True,True,179,9.307200001785532,0.0007999915396794677,0.0011999945854768157,0.17880000814329833,9.487999996053986
Full Pipeline,True,True,True,True,180,9.40380000974983,0.000600004568696022,0.001500011421740055,0.2317000034963712,9.637600029236637
Full Pipeline,True,True,True,True,181,9.573000003001653,0.000800006091594696,0.001600012183189392,0.24689998826943338,9.82230000954587
Full Pipeline,True,True,True,True,182,9.714699990581721,0.0020000006770715117,0.0018999999156221747,0.26789998810272664,9.986499979277141
Full Pipeline,True,True,True,True,183,9.295299998484552,0.0016999983927235007,0.0013999961083754897,0.2781999937724322,9.576599986758083
Full Pipeline,True,True,True,True,184,9.87419999728445,0.0018999999156221747,0.0013999961083754897,0.2894000062951818,10.16689999960363
Full Pipeline,True,True,True,True,185,9.210399992298335,0.0022000021999701858,0.0014999968698248267,0.27180000324733555,9.485899994615465
Full Pipeline,True,True,True,True,186,9.514799996395595,0.0017999991541728377,0.0020000006770715117,0.2817000058712438,9.800300002098083
Full Pipeline,True,True,True,True,187,9.73350000276696,0.0020000006770715117,0.0016999983927235007,0.27350000164005905,10.010700003476813
Full Pipeline,True,True,True,True,188,9.20380000025034,0.0020000006770715117,0.0017999991541728377,0.2677000011317432,9.475300001213327
Full Pipeline,True,True,True,True,189,9.502699991571717,0.0015999976312741637,0.0016999983927235007,0.26760000037029386,9.773599987966008
Full Pipeline,True,True,True,True,190,9.398599999258295,0.0016999983927235007,0.0015999976312741637,0.2575999969849363,9.659499992267229
Full Pipeline,True,True,True,True,191,9.512000004178844,0.000600004568696022,0.0018999999156221747,0.23540000256616622,9.749900011229329
Full Pipeline,True,True,True,True,192,9.728000004542992,0.0005999900167807937,0.0020000006770715117,0.24589999520685524,9.976499990443699
Full Pipeline,True,True,True,True,193,9.62289999006316,0.0010999938240274787,0.0033999967854470015,0.36539998836815357,9.992799969040789
Full Pipeline,True,True,True,True,194,12.992099989787675,0.0010999938240274787,0.004799992893822491,0.28140000358689576,13.279399980092421
Full Pipeline,True,True,True,True,195,12.50189999700524,0.000700005330145359,0.0018999999156221747,0.2662999904714525,12.77079999272246
Full Pipeline,True,True,True,True,196,11.593000002903864,0.00100000761449337,0.0015999976312741637,0.3195000026607886,11.91510001081042
Full Pipeline,True,True,True,True,197,13.28790000115987,0.0007999915396794677,0.0021000014385208488,0.46889999066479504,13.759699984802864
Full Pipeline,True,True,True,True,198,13.226800001575612,0.0010999938240274787,0.0020000006770715117,0.3001000004587695,13.52999999653548
Full Pipeline,True,True,True,True,199,11.345400009304285,0.0008999923011288047,0.0018999999156221747,0.3539000026648864,11.702100004185922
Full Pipeline,True,True,True,True,200,12.796799986972474,0.000900006853044033,0.0015999976312741637,0.265499998931773,13.064799990388565
Full Pipeline,True,True,True,True,201,12.305099997320212,0.000700005330145359,0.001300009898841381,0.2545999886933714,12.56170000124257
Full Pipeline,True,True,True,True,202,11.05210000241641,0.000800006091594696,0.001300009898841381,0.34220000088680536,11.396400019293651
Full Pipeline,True,True,True,True,203,14.431000003241934,0.000900006853044033,0.0023000029614195228,0.36980000732000917,14.804000020376407
Full Pipeline,True,True,True,True,204,12.258000002475455,0.00100000761449337,0.001400010660290718,0.35990000469610095,12.62030002544634
Full Pipeline,True,True,True,True,205,12.110800002119504,0.000800006091594696,0.001500011421740055,0.4391999973449856,12.552300016977824
Full Pipeline,True,True,True,True,206,11.531099997228011,0.0010999938240274787,0.0017999991541728377,0.3415000101085752,11.875500000314787
Full Pipeline,True,True,True,True,207,9.757699997862801,0.0007999915396794677,0.0013999961083754897,0.25430000096093863,10.014199986471795
Full Pipeline,True,True,True,True,208,11.454899999080226,0.0006999907782301307,0.0012999953469261527,0.27290001162327826,11.72979999682866
Full Pipeline,True,True,True,True,209,11.989599996013567,0.000700005330145359,0.001300009898841381,0.2440999960526824,12.235700007295236
Full Pipeline,True,True,True,True,210,9.219500003382564,0.0028999929782003164,0.0026999914553016424,0.31879999733064324,9.543899985146709
Full Pipeline,True,True,True,True,211,12.969500006875023,0.0007999915396794677,0.001100008375942707,0.23330000112764537,13.20470000791829
Full Pipeline,True,True,True,True,212,13.095300004351884,0.0007999915396794677,0.0010999938240274787,0.2418000076431781,13.33899999735877
Full Pipeline,True,True,True,True,213,14.079500004299916,0.0016999983927235007,0.001300009898841381,1.0639999964041635,15.146500008995645
Full Pipeline,True,True,True,True,214,13.553500000853091,0.000700005330145359,0.001300009898841381,0.259300009929575,13.814800026011653
Full Pipeline,True,True,True,True,215,14.320000002044253,0.0022000021999701858,0.0042000028770416975,0.30470000638160855,14.631100013502873
Full Pipeline,True,True,True,True,216,15.093400012119673,0.0018999999156221747,0.0030999945010989904,0.30250000418163836,15.400900010718033
Full Pipeline,True,True,True,True,217,14.59219999378547,0.0018999999156221747,0.0017999991541728377,0.32079999800771475,14.91669999086298
Full Pipeline,True,True,True,True,218,14.58699999784585,0.0017999991541728377,0.0015999976312741637,0.28509998810477555,14.875499982736073
Full Pipeline,True,True,True,True,219,14.853499989840202,0.0016999983927235007,0.0016999983927235007,0.28920000477228314,15.146099991397932
Full Pipeline,True,True,True,True,220,13.82920000469312,0.0016999983927235007,0.0013999961083754897,0.3105000068899244,14.142800006084144
Full Pipeline,True,True,True,True,221,13.818200008245185,0.0016999983927235007,0.001500011421740055,0.27709999994840473,14.098500018008053
Full Pipeline,True,True,True,True,222,16.149000002769753,0.0018999999156221747,0.002900007530115545,0.33989999792538583,16.493700008140877
Full Pipeline,True,True,True,True,223,14.821600008872338,0.0018999999156221747,0.0017999991541728377,0.302400003420189,15.127700011362322
Full Pipeline,True,True,True,True,224,15.131399995880201,0.0017999991541728377,0.0015999976312741637,0.2834000042639673,15.418199996929616
Full Pipeline,True,True,True,True,225,14.656100000138395,0.000700005330145359,0.0022999884095042944,0.32759999157860875,14.986699985456653
Full Pipeline,True,True,True,True,226,13.794599988614209,0.000700005330145359,0.0016999983927235007,0.25460000324528664,14.051599995582364
Full Pipeline,True,True,True,True,227,13.8271000032546,0.000800006091594696,0.0017999991541728377,0.30089999199844897,14.130600000498816
Full Pipeline,True,True,True,True,228,13.45289999153465,0.0006999907782301307,0.0026000052457675338,0.2899999963119626,13.74619998387061
Full Pipeline,True,True,True,True,229,9.497200007899664,0.0006999907782301307,0.00100000761449337,0.28670000028796494,9.785600006580353
Full Pipeline,True,True,True,True,230,10.007899996708147,0.000900006853044033,0.001400010660290718,0.29460000223480165,10.304800016456284
Full Pipeline,True,True,True,True,231,9.218600011081435,0.000800006091594696,0.0011999945854768157,0.2835000050254166,9.504100016783923
Full Pipeline,True,True,True,True,232,9.197199993650429,0.000700005330145359,0.0011999945854768157,0.2857000072253868,9.484800000791438
Full Pipeline,True,True,True,True,233,9.18729999102652,0.000600004568696022,0.0012999953469261527,0.28279999969527125,9.471999990637414
Full Pipeline,True,True,True,True,234,9.166200004983693,0.0006999907782301307,0.0011999945854768157,0.2899000101024285,9.458000000449829
Full Pipeline,True,True,True,True,235,9.071699998457916,0.0006999907782301307,0.0010999938240274787,0.235699990298599,9.309199973358773
Full Pipeline,True,True,True,True,236,9.176100007607602,0.0005999900167807937,0.0011999945854768157,0.2830000012181699,9.46089999342803
Full Pipeline,True,True,True,True,237,9.152999991783872,0.0007999915396794677,0.0013999961083754897,0.27940000290982425,9.434599982341751
Full Pipeline,True,True,True,True,238,9.216099992045201,0.000800006091594696,0.001400010660290718,0.2744999947026372,9.492800003499724
Full Pipeline,True,True,True,True,239,9.407600009581074,0.0006999907782301307,0.0012999953469261527,0.2364000101806596,9.64600000588689
Full Pipeline,True,True,True,True,240,9.219400002621114,0.0006999907782301307,0.0011999945854768157,0.2789999998640269,9.500299987848848
Full Pipeline,True,True,True,True,241,9.1480999981286,0.0006999907782301307,0.0013999961083754897,0.24049999774433672,9.390699982759543
Full Pipeline,True,True,True,True,242,9.118800007854588,0.000800006091594696,0.0016999983927235007,0.27709999994840473,9.398400012287311
Full Pipeline,True,True,True,True,243,9.178699998301454,0.0018999999156221747,0.0016999983927235007,0.3169999981764704,9.49929999478627
Full Pipeline,True,True,True,True,244,9.408400001120754,0.0020000006770715117,0.0021000014385208488,0.28360000578686595,9.696100009023212
Full Pipeline,True,True,True,True,245,9.03929999913089,0.0017999991541728377,0.001500011421740055,0.2674999996088445,9.310100009315647
Full Pipeline,True,True,True,True,246,9.143899995251559,0.0016999983927235007,0.0021000014385208488,0.2736000024015084,9.421299997484311
Full Pipeline,True,True,True,True,247,9.306699997978285,0.0020000006770715117,0.0020000006770715117,0.295600009849295,9.606300009181723
Full Pipeline,True,True,True,True,248,9.319399992818944,0.0020000006770715117,0.0020000006770715117,0.2716000017244369,9.594999995897524
Full Pipeline,True,True,True,True,249,10.091400006785989,0.0018999999156221747,0.0016999983927235007,0.2623000036692247,10.35730000876356
Full Pipeline,True,True,True,True,250,9.358800001791678,0.0022000021999701858,0.0013999961083754897,0.3277000068919733,9.690100006991997
Full Pipeline,True,True,True,True,251,9.781000000657514,0.0018999999156221747,0.0017999991541728377,0.26760000037029386,10.052300000097603
Full Pipeline,True,True,True,True,252,9.448800003156066,0.0005999900167807937,0.0031999952625483274,0.2486000012140721,9.701199989649467
Full Pipeline,True,True,True,True,253,9.308799999416806,0.0021000014385208488,0.0020000006770715117,0.27019999106414616,9.583099992596544
Full Pipeline,True,True,True,True,254,9.538400001474656,0.0017999991541728377,0.0020000006770715117,0.269199998001568,9.811399999307469
Full Pipeline,True,True,True,True,255,9.437100001377985,0.000700005330145359,0.0029999937396496534,0.2406999992672354,9.681499999715015
Full Pipeline,True,True,True,True,256,10.07489999756217,0.0021000014385208488,0.0015999976312741637,0.2970999921672046,10.37569998879917
Full Pipeline,True,True,True,True,257,9.96459998714272,0.0021999876480549574,0.0015999976312741637,0.2837999927578494,10.252199965179898
Full Pipeline,True,True,True,True,258,9.539499995298684,0.0009999930625781417,0.0012999953469261527,0.24170000688172877,9.783499990589917
Full Pipeline,True,True,True,True,259,9.11189999897033,0.0014999968698248267,0.0013999961083754897,0.2643000043462962,9.379099996294826
Full Pipeline,True,True,True,True,260,9.279899997636676,0.0007999915396794677,0.0014999968698248267,0.2373000024817884,9.519499988527969
Full Pipeline,True,True,True,True,261,9.655400004703552,0.000700005330145359,0.0014999968698248267,0.2516999957151711,9.909300002618693
Full Pipeline,True,True,True,True,262,9.632700006477535,0.0020999868866056204,0.0025000044843181968,0.2778000052785501,9.915100003127009
Full Pipeline,True,True,True,True,263,9.481000000960194,0.0018999999156221747,0.0018999999156221747,0.2986000035889447,9.783400004380383
Full Pipeline,True,True,True,True,264,10.396900004707277,0.0023000029614195228,0.0022000021999701858,0.30280000646598637,10.704200016334653
Full Pipeline,True,True,True,True,265,10.420000005979091,0.0017999991541728377,0.0017999991541728377,0.3085000062128529,10.73210001050029
Full Pipeline,True,True,True,True,266,9.68760000250768,0.0021000014385208488,0.0017999991541728377,0.27639999461825937,9.967899997718632
Full Pipeline,True,True,True,True,267,11.91199998720549,0.0015999976312741637,0.0039000005926936865,0.3218999918317422,12.2393999772612
Full Pipeline,True,True,True,True,268,11.582100007217377,0.000900006853044033,0.003000008291564882,0.29340000764932483,11.879400030011311
Full Pipeline,True,True,True,True,269,10.637200000928715,0.000800006091594696,0.0034999975468963385,0.2553999947849661,10.896899999352172
Full Pipeline,True,True,True,True,270,10.699500009650365,0.0009999930625781417,0.004399989848025143,0.28059999749530107,10.985499990056269
Full Pipeline,True,True,True,True,271,10.680100007448345,0.00100000761449337,0.0021000014385208488,0.27319999935571104,10.95640001585707
Full Pipeline,True,True,True,True,272,11.494499995023943,0.000800006091594696,0.001500011421740055,0.24510000366717577,11.741900016204454
Full Pipeline,True,True,True,True,273,9.812100004637614,0.000800006091594696,0.0015999976312741637,0.2482999989297241,10.062800007290207
Full Pipeline,True,True,True,True,274,9.529899994959123,0.0009999930625781417,0.0013999961083754897,0.23150000197347254,9.76379998610355
Full Pipeline,True,True,True,True,275,9.526099995127879,0.000700005330145359,0.0014999968698248267,0.25290000485256314,9.781200002180412
Full Pipeline,True,True,True,True,276,9.766100003616884,0.0018999999156221747,0.0015999976312741637,0.2978000120492652,10.067400013213046
Full Pipeline,True,True,True,True,277,10.384399996837601,0.0026999914553016424,0.0028999929782003164,0.29579999682027847,10.685799978091381
Full Pipeline,True,True,True,True,278,11.705800003255717,0.0010999938240274787,0.0029999937396496534,0.2578999992692843,11.967799990088679
Full Pipeline,True,True,True,True,279,9.621899997000583,0.000900006853044033,0.0025000044843181968,0.23910000163596123,9.864400009973906
Full Pipeline,True,True,True,True,280,9.72459999320563,0.0017999991541728377,0.0017999991541728377,0.26220000290777534,9.99039999442175
Full Pipeline,True,True,True,True,281,9.98220000474248,0.0018999999156221747,0.0023000029614195228,0.27489999774843454,10.261300005367957
Full Pipeline,True,True,True,True,282,9.58830000308808,0.000700005330145359,0.003000008291564882,0.23429999419022352,9.826300010900013
Full Pipeline,True,True,True,True,283,9.458200001972727,0.0017999991541728377,0.0020000006770715117,0.27060000866185874,9.73260001046583
Full Pipeline,True,True,True,True,284,9.588399989297614,0.0018999999156221747,0.001800013706088066,0.2663999912329018,9.858499994152226
Full Pipeline,True,True,True,True,285,10.14390001364518,0.0016999983927235007,0.0021000014385208488,0.2835999912349507,10.431300004711375
Full Pipeline,True,True,True,True,286,10.693599993828684,0.0013999961083754897,0.0022000021999701858,0.3293000045232475,11.026499996660277
Full Pipeline,True,True,True,True,287,9.657100003096275,0.001700012944638729,0.0032999960239976645,0.2671999973244965,9.929300009389408
Full Pipeline,True,True,True,True,288,9.498100000200793,0.0015999976312741637,0.0018999999156221747,0.2775000029942021,9.779100000741892
Full Pipeline,True,True,True,True,289,9.988499994506128,0.0018999999156221747,0.0023999891709536314,0.2789999998640269,10.27179998345673
Full Pipeline,True,True,True,True,290,10.29279999784194,0.0016999983927235007,0.0025999906938523054,0.27949998911935836,10.576599976047873
Full Pipeline,True,True,True,True,291,9.657500006142072,0.0007999915396794677,0.0023000029614195228,0.24819999816827476,9.908799998811446
Full Pipeline,True,True,True,True,292,9.834999989834614,0.0009999930625781417,0.0034999975468963385,0.2536999963922426,10.093199976836331
Full Pipeline,True,True,True,True,293,9.998100009397604,0.0008999923011288047,0.0011999945854768157,0.29739999445155263,10.297599990735762
Full Pipeline,True,True,True,True,294,10.054700003820471,0.000700005330145359,0.001400010660290718,0.3130999975837767,10.369900017394684
Full Pipeline,True,True,True,True,295,10.470599998370744,0.000800006091594696,0.0012999953469261527,0.25379999715369195,10.726499996962957
Full Pipeline,True,True,True,True,296,9.69940000504721,0.0006999907782301307,0.0014999968698248267,0.25179999647662044,9.953399989171885
Full Pipeline,True,True,True,True,297,9.749300006660633,0.0006999907782301307,0.0014999968698248267,0.24370000755880028,9.995200001867488
Full Pipeline,True,True,True,True,298,9.625799997593276,0.0009999930625781417,0.0014999968698248267,0.30720001086592674,9.935499998391606
Full Pipeline,True,True,True,True,299,9.723099996335804,0.000700005330145359,0.0014999968698248267,0.27820000832434744,10.003500006860122
No YOLO,False,True,True,True,0,0.000400003045797348,0.000600004568696022,0.0009999930625781417,0.09640000644139946,0.09840000711847097
No YOLO,False,True,True,True,1,0.000700005330145359,0.000600004568696022,0.000900006853044033,0.09500001033302397,0.09720002708490938
No YOLO,False,True,True,True,2,0.0005999900167807937,0.0004999892553314567,0.000800006091594696,0.09000000136438757,0.09189998672809452
No YOLO,False,True,True,True,3,0.000500003807246685,0.000500003807246685,0.000500003807246685,0.08129999332595617,0.08280000474769622
No YOLO,False,True,True,True,4,0.000400003045797348,0.00029998773243278265,0.000700005330145359,0.08550001075491309,0.08690000686328858
No YOLO,False,True,True,True,5,0.000400003045797348,0.00039998849388211966,0.000600004568696022,0.08250000246334821,0.0838999985717237
No YOLO,False,True,True,True,6,0.0008999923011288047,0.0005999900167807937,0.0010999938240274787,0.10659999679774046,0.10919997293967754
No YOLO,False,True,True,True,7,0.0005999900167807937,0.000500003807246685,0.00100000761449337,0.10350000229664147,0.10560000373516232
No YOLO,False,True,True,True,8,0.000700005330145359,0.000400003045797348,0.000800006091594696,0.08460000390186906,0.08650001836940646
No YOLO,False,True,True,True,9,0.000400003045797348,0.000500003807246685,0.000800006091594696,0.08230000094044954,0.08400001388508826
No YOLO,False,True,True,True,10,0.000400003045797348,0.000400003045797348,0.0006999907782301307,0.08270000398624688,0.08420000085607171
No YOLO,False,True,True,True,11,0.000400003045797348,0.00039998849388211966,0.000500003807246685,0.0850000069476664,0.08630000229459256
No YOLO,False,True,True,True,12,0.00039998849388211966,0.000300002284348011,0.0006999907782301307,0.08849998994264752,0.08989997149910778
No YOLO,False,True,True,True,13,0.000500003807246685,0.000500003807246685,0.00100000761449337,0.11409999569877982,0.11610001092776656
No YOLO,False,True,True,True,14,0.000800006091594696,0.0004999892553314567,0.00100000761449337,0.08519999391864985,0.08749999688006938
No YOLO,False,True,True,True,15,0.000400003045797348,0.000500003807246685,0.000800006091594696,0.07890000415500253,0.08060001709964126
No YOLO,False,True,True,True,16,0.000300002284348011,0.000400003045797348,0.000600004568696022,0.07409999670926481,0.0754000066081062
No YOLO,False,True,True,True,17,0.00029998773243278265,0.000300002284348011,0.0006999907782301307,0.08410000009462237,0.0853999808896333
No YOLO,False,True,True,True,18,0.000300002284348011,0.000300002284348011,0.000800006091594696,0.07860000187065452,0.08000001253094524
No YOLO,False,True,True,True,19,0.000600004568696022,0.000400003045797348,0.000900006853044033,0.10229999315924942,0.10420000762678683
No YOLO,False,True,True,True,20,0.000400003045797348,0.000300002284348011,0.0007999915396794677,0.08209999941755086,0.08359999628737569
No YOLO,False,True,True,True,21,0.000500003807246685,0.000400003045797348,0.000600004568696022,0.07959999493323267,0.08110000635497272
No YOLO,False,True,True,True,22,0.000500003807246685,0.00029998773243278265,0.000700005330145359,0.08320000779349357,0.0847000046633184
No YOLO,False,True,True,True,23,0.000400003045797348,0.000400003045797348,0.000600004568696022,0.08149999484885484,0.08290000550914556
No YOLO,False,True,True,True,24,0.000500003807246685,0.000200001522898674,0.000600004568696022,0.07840000034775585,0.07970001024659723
No YOLO,False,True,True,True,25,0.0006999907782301307,0.000400003045797348,0.000900006853044033,0.0847000046633184,0.08670000534038991
No YOLO,False,True,True,True,26,0.000700005330145359,0.000400003045797348,0.0005999900167807937,0.08339999476447701,0.08509999315720052
No YOLO,False,True,True,True,27,0.000500003807246685,0.000400003045797348,0.000500003807246685,0.08199999865610152,0.08340000931639224
No YOLO,False,True,True,True,28,0.000400003045797348,0.000300002284348011,0.0006999907782301307,0.08260000322479755,0.08399999933317304
No YOLO,False,True,True,True,29,0.000400003045797348,0.000400003045797348,0.000600004568696022,0.08290000550914556,0.08430001616943628
No YOLO,False,True,True,True,30,0.00039998849388211966,0.000300002284348011,0.0005999900167807937,0.08250000246334821,0.08379998325835913
No YOLO,False,True,True,True,31,0.000700005330145359,0.000300002284348011,0.000800006091594696,0.0847000046633184,0.08650001836940646
No YOLO,False,True,True,True,32,0.00029998773243278265,0.000300002284348011,0.0006999907782301307,0.08240000170189887,0.0836999824969098
No YOLO,False,True,True,True,33,0.000400003045797348,0.000300002284348011,0.000600004568696022,0.08529999468009919,0.08660000457894057
No YOLO,False,True,True,True,34,0.00029998773243278265,0.000300002284348011,0.000800006091594696,0.08680000610183924,0.08820000221021473
No YOLO,False,True,True,True,35,0.000400003045797348,0.00039998849388211966,0.000600004568696022,0.08589999924879521,0.0872999953571707
No YOLO,False,True,True,True,36,0.00039998849388211966,0.000300002284348011,0.0007999915396794677,0.08959999831859022,0.09109998063649982
No YOLO,False,True,True,True,37,0.000300002284348011,0.000300002284348011,0.000600004568696022,0.07510000432375818,0.07630001346115023
No YOLO,False,True,True,True,38,0.000300002284348011,0.000400003045797348,0.000600004568696022,0.08369999704882503,0.0850000069476664
No YOLO,False,True,True,True,39,0.000400003045797348,0.000300002284348011,0.0004999892553314567,0.0822000001790002,0.08339999476447701
No YOLO,False,True,True,True,40,0.000400003045797348,0.000300002284348011,0.000500003807246685,0.0855999969644472,0.08680000610183924
No YOLO,False,True,True,True,41,0.000300002284348011,0.000300002284348011,0.000500003807246685,0.08009999874047935,0.08120000711642206
No YOLO,False,True,True,True,42,0.000300002284348011,0.000300002284348011,0.000600004568696022,0.09100000897888094,0.09220001811627299
No YOLO,False,True,True,True,43,0.000400003045797348,0.00029998773243278265,0.000700005330145359,0.08380001236218959,0.08520000847056508
No YOLO,False,True,True,True,44,0.00029998773243278265,0.000400003045797348,0.0006999907782301307,0.08490000618621707,0.08629998774267733
No YOLO,False,True,True,True,45,0.00029998773243278265,0.000300002284348011,0.0005999900167807937,0.08319999324157834,0.08439997327513993
No YOLO,False,True,True,True,46,0.000300002284348011,0.000300002284348011,0.0006999907782301307,0.08779999916441739,0.08909999451134354
No YOLO,False,True,True,True,47,0.000400003045797348,0.000400003045797348,0.0006999907782301307,0.08589999924879521,0.08739999611862004
No YOLO,False,True,True,True,48,0.000300002284348011,0.000400003045797348,0.000600004568696022,0.08099999104160815,0.08230000094044954
No YOLO,False,True,True,True,49,0.000400003045797348,0.000400003045797348,0.000600004568696022,0.08280000474769622,0.08420001540798694
No YOLO,False,True,True,True,50,0.0006999907782301307,0.000500003807246685,0.00100000761449337,0.10320000001229346,0.10540000221226364
No YOLO,False,True,True,True,51,0.000700005330145359,0.000400003045797348,0.000800006091594696,0.09580000187270343,0.09770001634024084
No YOLO,False,True,True,True,52,0.0005999900167807937,0.000600004568696022,0.0009999930625781417,0.0931999966269359,0.09539998427499086
No YOLO,False,True,True,True,53,0.000400003045797348,0.000400003045797348,0.000700005330145359,0.09070000669453293,0.09220001811627299
No YOLO,False,True,True,True,54,0.000600004568696022,0.000400003045797348,0.0008999923011288047,0.0926000066101551,0.09450000652577728
No YOLO,False,True,True,True,55,0.000500003807246685,0.000400003045797348,0.0006999907782301307,0.09339999814983457,0.09499999578110874
No YOLO,False,True,True,True,56,0.000400003045797348,0.000400003045797348,0.0006999907782301307,0.10130000009667128,0.10279999696649611
No YOLO,False,True,True,True,57,0.000500003807246685,0.000500003807246685,0.000900006853044033,0.09980000322684646,0.10170001769438386
No YOLO,False,True,True,True,58,0.000400003045797348,0.0004999892553314567,0.000700005330145359,0.09159999899566174,0.0931999966269359
No YOLO,False,True,True,True,59,0.000400003045797348,0.000400003045797348,0.000600004568696022,0.09010000212583691,0.09150001278612763
No YOLO,False,True,True,True,60,0.0006999907782301307,0.000400003045797348,0.00100000761449337,0.106100007542409,0.10820000898092985
No YOLO,False,True,True,True,61,0.000400003045797348,0.000400003045797348,0.0006999907782301307,0.09229998977389187,0.09379998664371669
No YOLO,False,True,True,True,62,0.00039998849388211966,0.000400003045797348,0.0005999900167807937,0.08929999603424221,0.09069997759070247
No YOLO,False,True,True,True,63,0.000700005330145359,0.000400003045797348,0.0010999938240274787,0.1205000007757917,0.12270000297576189
No YOLO,False,True,True,True,64,0.000500003807246685,0.000400003045797348,0.000900006853044033,0.08850000449456275,0.09030001820065081
No YOLO,False,True,True,True,65,0.000800006091594696,0.000400003045797348,0.000900006853044033,0.09390000195708126,0.09600001794751734
No YOLO,False,True,True,True,66,0.000500003807246685,0.000400003045797348,0.0005999900167807937,0.08519999391864985,0.08669999078847468
No YOLO,False,True,True,True,67,0.000400003045797348,0.000400003045797348,0.000500003807246685,0.08860000525601208,0.08990001515485346
No YOLO,False,True,True,True,68,0.000400003045797348,0.000300002284348011,0.000600004568696022,0.08679999154992402,0.0881000014487654
No YOLO,False,True,True,True,69,0.000400003045797348,0.000400003045797348,0.000700005330145359,0.09079999290406704,0.0923000043258071
No YOLO,False,True,True,True,70,0.000600004568696022,0.000500003807246685,0.000700005330145359,0.0923000043258071,0.09410001803189516
No YOLO,False,True,True,True,71,0.000400003045797348,0.00039998849388211966,0.000600004568696022,0.09180000051856041,0.0931999966269359
No YOLO,False,True,True,True,72,0.000400003045797348,0.00039998849388211966,0.000500003807246685,0.08850000449456275,0.0897999998414889
No YOLO,False,True,True,True,73,0.000500003807246685,0.00039998849388211966,0.000600004568696022,0.0897999998414889,0.09129999671131372
No YOLO,False,True,True,True,74,0.000300002284348011,0.000400003045797348,0.000700005330145359,0.08850000449456275,0.08990001515485346
No YOLO,False,True,True,True,75,0.000400003045797348,0.00039998849388211966,0.000800006091594696,0.08710000838618726,0.08870000601746142
No YOLO,False,True,True,True,76,0.0007999915396794677,0.000500003807246685,0.0008999923011288047,0.09419998968951404,0.096399977337569
No YOLO,False,True,True,True,77,0.000600004568696022,0.000400003045797348,0.0007999915396794677,0.09539999882690609,0.09719999798107892
No YOLO,False,True,True,True,78,0.000500003807246685,0.00039998849388211966,0.000700005330145359,0.0909000082174316,0.09250000584870577
No YOLO,False,True,True,True,79,0.000500003807246685,0.000300002284348011,0.000500003807246685,0.08969999908003956,0.09100000897888094
No YOLO,False,True,True,True,80,0.000400003045797348,0.000300002284348011,0.0005999900167807937,0.09169999975711107,0.09299999510403723
No YOLO,False,True,True,True,81,0.000500003807246685,0.000400003045797348,0.000600004568696022,0.09109999518841505,0.0926000066101551
No YOLO,False,True,True,True,82,0.000400003045797348,0.000300002284348011,0.0006999907782301307,0.08769999840296805,0.08909999451134354
No YOLO,False,True,True,True,83,0.000500003807246685,0.000400003045797348,0.0005999900167807937,0.09249999129679054,0.09399998816661537
No YOLO,False,True,True,True,84,0.000300002284348011,0.000400003045797348,0.000700005330145359,0.0914999982342124,0.09290000889450312
No YOLO,False,True,True,True,85,0.00039998849388211966,0.000400003045797348,0.000600004568696022,0.08930001058615744,0.09070000669453293
No YOLO,False,True,True,True,86,0.0004999892553314567,0.000400003045797348,0.0006999907782301307,0.0914999982342124,0.09309998131357133
No YOLO,False,True,True,True,87,0.000700005330145359,0.000400003045797348,0.000900006853044033,0.09690001024864614,0.09890002547763288
No YOLO,False,True,True,True,88,0.000600004568696022,0.000400003045797348,0.0007999915396794677,0.09139999747276306,0.0931999966269359
No YOLO,False,True,True,True,89,0.0004999892553314567,0.00039998849388211966,0.000700005330145359,0.08769999840296805,0.08929998148232698
No YOLO,False,True,True,True,90,0.000400003045797348,0.000300002284348011,0.0006999907782301307,0.09539999882690609,0.09679999493528157
No YOLO,False,True,True,True,91,0.000400003045797348,0.000300002284348011,0.000600004568696022,0.0881000014487654,0.08940001134760678
No YOLO,False,True,True,True,92,0.0004999892553314567,0.000300002284348011,0.000600004568696022,0.09140001202467829,0.09280000813305378
No YOLO,False,True,True,True,93,0.000600004568696022,0.000400003045797348,0.0006999907782301307,0.09329999738838524,0.09499999578110874
No YOLO,False,True,True,True,94,0.000400003045797348,0.00039998849388211966,0.000700005330145359,0.0909000082174316,0.09240000508725643
No YOLO,False,True,True,True,95,0.000400003045797348,0.00039998849388211966,0.000700005330145359,0.08650000381749123,0.08800000068731606
No YOLO,False,True,True,True,96,0.000600004568696022,0.000400003045797348,0.0007999915396794677,0.09359999967273325,0.09539999882690609
No YOLO,False,True,True,True,97,0.000400003045797348,0.000300002284348011,0.000800006091594696,0.08820000221021473,0.08970001363195479
No YOLO,False,True,True,True,98,0.000800006091594696,0.000500003807246685,0.00100000761449337,0.09869999485090375,0.1010000123642385
No YOLO,False,True,True,True,99,0.000500003807246685,0.000400003045797348,0.0006999907782301307,0.08209999941755086,0.08369999704882503
No YOLO,False,True,True,True,100,0.0006999907782301307,0.0004999892553314567,0.0009999930625781417,0.10359998850617558,0.1057999616023153
No YOLO,False,True,True,True,101,0.000700005330145359,0.000400003045797348,0.000900006853044033,0.0940000027185306,0.09600001794751734
No YOLO,False,True,True,True,102,0.000400003045797348,0.000500003807246685,0.0008999923011288047,0.08459998934995383,0.08639998850412667
No YOLO,False,True,True,True,103,0.000600004568696022,0.000400003045797348,0.0007999915396794677,0.09049999061971903,0.09229998977389187
No YOLO,False,True,True,True,104,0.000600004568696022,0.000400003045797348,0.0007999915396794677,0.09049999061971903,0.09229998977389187
No YOLO,False,True,True,True,105,0.000300002284348011,0.000400003045797348,0.000800006091594696,0.08870000601746142,0.09020001743920147
No YOLO,False,True,True,True,106,0.000400003045797348,0.00029998773243278265,0.000600004568696022,0.08840000373311341,0.08969999908003956
No YOLO,False,True,True,True,107,0.00039998849388211966,0.000400003045797348,0.000700005330145359,0.0892000098247081,0.09070000669453293
No YOLO,False,True,True,True,108,0.000400003045797348,0.000400003045797348,0.0006999907782301307,0.08549999620299786,0.08699999307282269
No YOLO,False,True,True,True,109,0.0004999892553314567,0.000400003045797348,0.000600004568696022,0.08429998706560582,0.08579998393543065
No YOLO,False,True,True,True,110,0.0005999900167807937,0.00039998849388211966,0.000800006091594696,0.09050000517163426,0.09229998977389187
No YOLO,False,True,True,True,111,0.00039998849388211966,0.000300002284348011,0.0006999907782301307,0.08630000229459256,0.08769998385105282
No YOLO,False,True,True,True,112,0.000400003045797348,0.00029998773243278265,0.000600004568696022,0.08870000601746142,0.09000000136438757
No YOLO,False,True,True,True,113,0.000400003045797348,0.000400003045797348,0.000600004568696022,0.0872999953571707,0.08870000601746142
No YOLO,False,True,True,True,114,0.000400003045797348,0.000400003045797348,0.000600004568696022,0.0838999985717237,0.08530000923201442
No YOLO,False,True,True,True,115,0.000700005330145359,0.000400003045797348,0.000800006091594696,0.08759999764151871,0.08950001210905612
No YOLO,False,True,True,True,116,0.000400003045797348,0.00039998849388211966,0.000700005330145359,0.08860000525601208,0.09010000212583691
No YOLO,False,True,True,True,117,0.000400003045797348,0.000400003045797348,0.000600004568696022,0.08759999764151871,0.08900000830180943
No YOLO,False,True,True,True,118,0.000300002284348011,0.000400003045797348,0.000500003807246685,0.08549999620299786,0.08670000534038991
No YOLO,False,True,True,True,119,0.00039998849388211966,0.000300002284348011,0.0004999892553314567,0.08669999078847468,0.08789997082203627
No YOLO,False,True,True,True,120,0.00029998773243278265,0.000400003045797348,0.0005999900167807937,0.08800000068731606,0.08929998148232698
No YOLO,False,True,True,True,121,0.000600004568696022,0.000500003807246685,0.0008999923011288047,0.08809998689685017,0.09009998757392168
No YOLO,False,True,True,True,122,0.000700005330145359,0.000500003807246685,0.00100000761449337,0.09000000136438757,0.09220001811627299
No YOLO,False,True,True,True,123,0.000600004568696022,0.000400003045797348,0.0008999923011288047,0.0897999998414889,0.09169999975711107
No YOLO,False,True,True,True,124,0.000400003045797348,0.000300002284348011,0.0006999907782301307,0.07989999721758068,0.08129999332595617
No YOLO,False,True,True,True,125,0.000500003807246685,0.00039998849388211966,0.000600004568696022,0.0923000043258071,0.09380000119563192
No YOLO,False,True,True,True,126,0.000400003045797348,0.000400003045797348,0.000600004568696022,0.08910000906325877,0.09050001972354949
No YOLO,False,True,True,True,127,0.00039998849388211966,0.000400003045797348,0.000700005330145359,0.09020000288728625,0.09169999975711107
No YOLO,False,True,True,True,128,0.000500003807246685,0.000400003045797348,0.000600004568696022,0.08769999840296805,0.0892000098247081
No YOLO,False,True,True,True,129,0.00039998849388211966,0.000400003045797348,0.0005999900167807937,0.08620000153314322,0.08759998308960348
No YOLO,False,True,True,True,130,0.0004999892553314567,0.000400003045797348,0.000600004568696022,0.08929999603424221,0.09079999290406704
No YOLO,False,True,True,True,131,0.000400003045797348,0.000300002284348011,0.000600004568696022,0.08870000601746142,0.0900000159163028
No YOLO,False,True,True,True,132,0.000700005330145359,0.000400003045797348,0.000900006853044033,0.10219999239780009,0.10420000762678683
No YOLO,False,True,True,True,133,0.000400003045797348,0.000400003045797348,0.000700005330145359,0.08739999611862004,0.0889000075403601
No YOLO,False,True,True,True,134,0.000400003045797348,0.000300002284348011,0.0008999923011288047,0.08850000449456275,0.09010000212583691
No YOLO,False,True,True,True,135,0.000400003045797348,0.00039998849388211966,0.000600004568696022,0.08779999916441739,0.08919999527279288
No YOLO,False,True,True,True,136,0.000300002284348011,0.000300002284348011,0.0006999907782301307,0.08849998994264752,0.08979998528957367
No YOLO,False,True,True,True,137,0.0005999900167807937,0.000500003807246685,0.001100008375942707,0.10040000779554248,0.10260000999551266
No YOLO,False,True,True,True,138,0.000500003807246685,0.000400003045797348,0.0008999923011288047,0.0926000066101551,0.09440000576432794
No YOLO,False,True,True,True,139,0.0006999907782301307,0.0004999892553314567,0.000800006091594696,0.09070000669453293,0.09269999281968921
No YOLO,False,True,True,True,140,0.000600004568696022,0.000400003045797348,0.000700005330145359,0.0822000001790002,0.08390001312363893
No YOLO,False,True,True,True,141,0.000300002284348011,0.00029998773243278265,0.000400003045797348,0.08410000009462237,0.08509999315720052
No YOLO,False,True,True,True,142,0.000300002284348011,0.000400003045797348,0.000600004568696022,0.0796000094851479,0.08090001938398927
No YOLO,False,True,True,True,143,0.000500003807246685,0.000400003045797348,0.000700005330145359,0.08650000381749123,0.08810001600068063
No YOLO,False,True,True,True,144,0.000600004568696022,0.000500003807246685,0.0007999915396794677,0.08420000085607171,0.08610000077169389
No YOLO,False,True,True,True,145,0.000500003807246685,0.000300002284348011,0.000700005330145359,0.08270000398624688,0.08420001540798694
No YOLO,False,True,True,True,146,0.000400003045797348,0.000400003045797348,0.0006999907782301307,0.08569999772589654,0.08719999459572136
No YOLO,False,True,True,True,147,0.000600004568696022,0.000400003045797348,0.000700005330145359,0.09679999493528157,0.0985000078799203
No YOLO,False,True,True,True,148,0.0008999923011288047,0.000600004568696022,0.0010999938240274787,0.09449999197386205,0.09709998266771436
No YOLO,False,True,True,True,149,0.000500003807246685,0.000400003045797348,0.0007999915396794677,0.0844999885885045,0.086199986981228
No YOLO,False,True,True,True,150,0.000800006091594696,0.000500003807246685,0.000900006853044033,0.09200000204145908,0.0942000187933445
No YOLO,False,True,True,True,151,0.000500003807246685,0.00029998773243278265,0.000700005330145359,0.08420000085607171,0.08569999772589654
No YOLO,False,True,True,True,152,0.00029998773243278265,0.000300002284348011,0.0007999915396794677,0.0813999940874055,0.08279997564386576
No YOLO,False,True,True,True,153,0.000500003807246685,0.000300002284348011,0.0006999907782301307,0.0850000069476664,0.08650000381749123
No YOLO,False,True,True,True,154,0.000500003807246685,0.000300002284348011,0.000700005330145359,0.09370000043418258,0.09520001185592264
No YOLO,False,True,True,True,155,0.0004999892553314567,0.000400003045797348,0.000600004568696022,0.10789999214466661,0.10939998901449144
No YOLO,False,True,True,True,156,0.000500003807246685,0.000400003045797348,0.000700005330145359,0.0847999908728525,0.0864000030560419
No YOLO,False,True,True,True,157,0.0007999915396794677,0.0004999892553314567,0.0011999945854768157,0.1340000017080456,0.13649997708853334
No YOLO,False,True,True,True,158,0.0010999938240274787,0.0006999907782301307,0.0020000006770715117,0.1320000010309741,0.1357999863103032
No YOLO,False,True,True,True,159,0.000700005330145359,0.000400003045797348,0.0013999961083754897,0.1145999995060265,0.1171000039903447
No YOLO,False,True,True,True,160,0.0008999923011288047,0.0006999907782301307,0.0015999976312741637,0.1260999997612089,0.129299980471842
No YOLO,False,True,True,True,161,0.0009999930625781417,0.000600004568696022,0.0013999961083754897,0.10619999375194311,0.10919998749159276
No YOLO,False,True,True,True,162,0.0006999907782301307,0.000500003807246685,0.0010999938240274787,0.09700001101009548,0.09929999941959977
No YOLO,False,True,True,True,163,0.000600004568696022,0.000500003807246685,0.001200009137392044,0.10980000661220402,0.11210002412553877
No YOLO,False,True,True,True,164,0.000600004568696022,0.000400003045797348,0.0010999938240274787,0.08310000703204423,0.08520000847056508
No YOLO,False,True,True,True,165,0.0005999900167807937,0.000400003045797348,0.000800006091594696,0.09169999975711107,0.09349999891128391
No YOLO,False,True,True,True,166,0.000800006091594696,0.000500003807246685,0.0009999930625781417,0.10370000381954014,0.10600000678095967
No YOLO,False,True,True,True,167,0.00039998849388211966,0.000400003045797348,0.000900006853044033,0.08749999688006938,0.08919999527279288
No YOLO,False,True,True,True,168,0.00039998849388211966,0.000400003045797348,0.0009999930625781417,0.08909999451134354,0.09089997911360115
No YOLO,False,True,True,True,169,0.000600004568696022,0.00029998773243278265,0.000900006853044033,0.09000000136438757,0.09180000051856041
No YOLO,False,True,True,True,170,0.000600004568696022,0.000300002284348011,0.0007999915396794677,0.09339999814983457,0.09509999654255807
No YOLO,False,True,True,True,171,0.000400003045797348,0.000300002284348011,0.000700005330145359,0.0906000059330836,0.09200001659337431
No YOLO,False,True,True,True,172,0.000600004568696022,0.000400003045797348,0.000900006853044033,0.09280000813305378,0.09470002260059118
No YOLO,False,True,True,True,173,0.000500003807246685,0.00039998849388211966,0.000700005330145359,0.08929999603424221,0.09089999366551638
No YOLO,False,True,True,True,174,0.000400003045797348,0.000300002284348011,0.0007999915396794677,0.08610000077169389,0.08759999764151871
No YOLO,False,True,True,True,175,0.00029998773243278265,0.000400003045797348,0.000900006853044033,0.08630000229459256,0.08789999992586672
No YOLO,False,True,True,True,176,0.000400003045797348,0.00029998773243278265,0.000700005330145359,0.08620000153314322,0.08759999764151871
No YOLO,False,True,True,True,177,0.000600004568696022,0.00039998849388211966,0.000800006091594696,0.11470000026747584,0.11649999942164868
No YOLO,False,True,True,True,178,0.000600004568696022,0.000300002284348011,0.0008999923011288047,0.08870000601746142,0.09050000517163426
No YOLO,False,True,True,True,179,0.000400003045797348,0.00039998849388211966,0.000800006091594696,0.0830000062705949,0.08460000390186906
No YOLO,False,True,True,True,180,0.0004999892553314567,0.000300002284348011,0.00100000761449337,0.08569999772589654,0.08749999688006938
No YOLO,False,True,True,True,181,0.000400003045797348,0.000300002284348011,0.000600004568696022,0.08749999688006938,0.08880000677891076
No YOLO,False,True,True,True,182,0.000400003045797348,0.000400003045797348,0.000700005330145359,0.08260000322479755,0.0841000146465376
No YOLO,False,True,True,True,183,0.000700005330145359,0.000300002284348011,0.000800006091594696,0.09020000288728625,0.09200001659337431
No YOLO,False,True,True,True,184,0.0005999900167807937,0.000400003045797348,0.000800006091594696,0.08820000221021473,0.09000000136438757
No YOLO,False,True,True,True,185,0.000500003807246685,0.000400003045797348,0.000700005330145359,0.08359999628737569,0.08520000847056508
No YOLO,False,True,True,True,186,0.000400003045797348,0.000300002284348011,0.000700005330145359,0.08820000221021473,0.08960001287050545
No YOLO,False,True,True,True,187,0.000400003045797348,0.000400003045797348,0.000600004568696022,0.08959999831859022,0.09100000897888094
No YOLO,False,True,True,True,188,0.0004999892553314567,0.00029998773243278265,0.000800006091594696,0.09000000136438757,0.09159998444374651
No YOLO,False,True,True,True,189,0.000800006091594696,0.000400003045797348,0.0010999938240274787,0.09700001101009548,0.099300013971515
No YOLO,False,True,True,True,190,0.000400003045797348,0.000400003045797348,0.0007999915396794677,0.0838999985717237,0.08549999620299786
No YOLO,False,True,True,True,191,0.000400003045797348,0.000300002284348011,0.000700005330145359,0.08260000322479755,0.08400001388508826
No YOLO,False,True,True,True,192,0.000500003807246685,0.00039998849388211966,0.000700005330145359,0.0889000075403601,0.09050000517163426
No YOLO,False,True,True,True,193,0.000300002284348011,0.00029998773243278265,0.000500003807246685,0.08410000009462237,0.08519999391864985
No YOLO,False,True,True,True,194,0.000500003807246685,0.000400003045797348,0.000600004568696022,0.11140000424347818,0.11290001566521823
No YOLO,False,True,True,True,195,0.0005999900167807937,0.000300002284348011,0.000900006853044033,0.10150000161956996,0.1033000007737428
No YOLO,False,True,True,True,196,0.000600004568696022,0.000400003045797348,0.0008999923011288047,0.09150001278612763,0.0934000127017498
No YOLO,False,True,True,True,197,0.00039998849388211966,0.000300002284348011,0.000600004568696022,0.07860000187065452,0.07989999721758068
No YOLO,False,True,True,True,198,0.000500003807246685,0.000300002284348011,0.000700005330145359,0.08929999603424221,0.09080000745598227
No YOLO,False,True,True,True,199,0.000300002284348011,0.0004999892553314567,0.000900006853044033,0.0850000069476664,0.08670000534038991
No YOLO,False,True,True,True,200,0.000600004568696022,0.000600004568696022,0.0009999930625781417,0.13040000339969993,0.1326000055996701
No YOLO,False,True,True,True,201,0.0007999915396794677,0.000500003807246685,0.00100000761449337,0.09410000347997993,0.09640000644139946
No YOLO,False,True,True,True,202,0.0005999900167807937,0.000400003045797348,0.0008999923011288047,0.09269999281968921,0.09459997818339616
No YOLO,False,True,True,True,203,0.000500003807246685,0.000500003807246685,0.000800006091594696,0.0951000110944733,0.09690002480056137
No YOLO,False,True,True,True,204,0.000400003045797348,0.000400003045797348,0.0007999915396794677,0.09379998664371669,0.09539998427499086
No YOLO,False,True,True,True,205,0.000500003807246685,0.000500003807246685,0.0008999923011288047,0.11819999781437218,0.12009999772999436
No YOLO,False,True,True,True,206,0.000700005330145359,0.000500003807246685,0.0007999915396794677,0.10509999992791563,0.10710000060498714
No YOLO,False,True,True,True,207,0.000600004568696022,0.000400003045797348,0.0007999915396794677,0.09359999967273325,0.09539999882690609
No YOLO,False,True,True,True,208,0.000600004568696022,0.000300002284348011,0.0006999907782301307,0.09479999425821006,0.09639999188948423
No YOLO,False,True,True,True,209,0.0004999892553314567,0.000400003045797348,0.000700005330145359,0.08949999755714089,0.09109999518841505
No YOLO,False,True,True,True,210,0.000300002284348011,0.00039998849388211966,0.000700005330145359,0.08150000940077007,0.08290000550914556
No YOLO,False,True,True,True,211,0.0005999900167807937,0.000400003045797348,0.0010999938240274787,0.10570000449661165,0.10779999138321728
No YOLO,False,True,True,True,212,0.0004999892553314567,0.00039998849388211966,0.000900006853044033,0.09109999518841505,0.09289997979067266
No YOLO,False,True,True,True,213,0.000700005330145359,0.0004999892553314567,0.000900006853044033,0.09499999578110874,0.09709999721962959
No YOLO,False,True,True,True,214,0.0009999930625781417,0.000800006091594696,0.0016999983927235007,0.1951000012923032,0.19859999883919954
No YOLO,False,True,True,True,215,0.0009999930625781417,0.000600004568696022,0.0014999968698248267,0.13159999798517674,0.13469999248627573
No YOLO,False,True,True,True,216,0.0009999930625781417,0.0006999907782301307,0.0011999945854768157,0.12379999679978937,0.12669997522607446
No YOLO,False,True,True,True,217,0.000600004568696022,0.000600004568696022,0.0013999961083754897,0.14799999189563096,0.1505999971413985
No YOLO,False,True,True,True,218,0.000700005330145359,0.000500003807246685,0.00100000761449337,0.1109000004362315,0.11310001718811691
No YOLO,False,True,True,True,219,0.000500003807246685,0.000500003807246685,0.000900006853044033,0.09200000204145908,0.09390001650899649
No YOLO,False,True,True,True,220,0.000600004568696022,0.000400003045797348,0.000900006853044033,0.0957000011112541,0.0976000155787915
No YOLO,False,True,True,True,221,0.000900006853044033,0.0004999892553314567,0.0010999938240274787,0.09249999129679054,0.09499998122919351
No YOLO,False,True,True,True,222,0.000800006091594696,0.000400003045797348,0.000800006091594696,0.08850000449456275,0.09050001972354949
No YOLO,False,True,True,True,223,0.000400003045797348,0.00029998773243278265,0.000600004568696022,0.08900000830180943,0.09030000364873558
No YOLO,False,True,True,True,224,0.000300002284348011,0.000400003045797348,0.000600004568696022,0.08209999941755086,0.08340000931639224
No YOLO,False,True,True,True,225,0.000500003807246685,0.000300002284348011,0.0005999900167807937,0.08589999924879521,0.0872999953571707
No YOLO,False,True,True,True,226,0.000600004568696022,0.000400003045797348,0.000600004568696022,0.08570001227781177,0.08730002446100116
No YOLO,False,True,True,True,227,0.0007999915396794677,0.000400003045797348,0.0008999923011288047,0.09220000356435776,0.09429999045096338
No YOLO,False,True,True,True,228,0.0009999930625781417,0.000500003807246685,0.0008999923011288047,0.09150001278612763,0.09390000195708126
No YOLO,False,True,True,True,229,0.000700005330145359,0.000500003807246685,0.000900006853044033,0.0838999985717237,0.08600001456215978
No YOLO,False,True,True,True,230,0.000300002284348011,0.00039998849388211966,0.000600004568696022,0.0779999973019585,0.07929999264888465
No YOLO,False,True,True,True,231,0.000400003045797348,0.000300002284348011,0.0006999907782301307,0.08879999222699553,0.09019998833537102
No YOLO,False,True,True,True,232,0.0004999892553314567,0.000400003045797348,0.000700005330145359,0.08889999298844486,0.09049999061971903
No YOLO,False,True,True,True,233,0.0005999900167807937,0.00039998849388211966,0.000700005330145359,0.08549999620299786,0.08719998004380614
No YOLO,False,True,True,True,234,0.000400003045797348,0.000300002284348011,0.000600004568696022,0.08779999916441739,0.08910000906325877
No YOLO,False,True,True,True,235,0.000400003045797348,0.000300002284348011,0.000500003807246685,0.08589999924879521,0.08710000838618726
No YOLO,False,True,True,True,236,0.0004999892553314567,0.000400003045797348,0.000700005330145359,0.08569999772589654,0.0872999953571707
No YOLO,False,True,True,True,237,0.00039998849388211966,0.000300002284348011,0.000700005330145359,0.08570001227781177,0.08710000838618726
No YOLO,False,True,True,True,238,0.000800006091594696,0.0004999892553314567,0.0007999915396794677,0.11409999569877982,0.11619998258538544
No YOLO,False,True,True,True,239,0.0008999923011288047,0.000500003807246685,0.0007999915396794677,0.09229998977389187,0.09449997742194682
No YOLO,False,True,True,True,240,0.000700005330145359,0.000400003045797348,0.0006999907782301307,0.08149999484885484,0.08329999400302768
No YOLO,False,True,True,True,241,0.000600004568696022,0.00029998773243278265,0.000600004568696022,0.09370000043418258,0.09519999730400741
No YOLO,False,True,True,True,242,0.000500003807246685,0.000300002284348011,0.0005999900167807937,0.08569999772589654,0.08709999383427203
No YOLO,False,True,True,True,243,0.00039998849388211966,0.000400003045797348,0.000600004568696022,0.0897999998414889,0.09119999594986439
No YOLO,False,True,True,True,244,0.000700005330145359,0.000400003045797348,0.000800006091594696,0.08860000525601208,0.09050001972354949
No YOLO,False,True,True,True,245,0.0006999907782301307,0.00029998773243278265,0.000700005330145359,0.08830000297166407,0.08999998681247234
No YOLO,False,True,True,True,246,0.000600004568696022,0.000400003045797348,0.0006999907782301307,0.07999999797903001,0.08169999637175351
No YOLO,False,True,True,True,247,0.000600004568696022,0.000400003045797348,0.000600004568696022,0.0875000114319846,0.089100023615174
No YOLO,False,True,True,True,248,0.0010999938240274787,0.000600004568696022,0.0013999961083754897,0.12630000128410757,0.12939999578520656
No YOLO,False,True,True,True,249,0.0007999915396794677,0.000600004568696022,0.0010999938240274787,0.11800001084338874,0.1205000007757917
No YOLO,False,True,True,True,250,0.0006999907782301307,0.000500003807246685,0.001200009137392044,0.10569998994469643,0.10809999366756529
No YOLO,False,True,True,True,251,0.000600004568696022,0.0004999892553314567,0.00100000761449337,0.09459999273531139,0.09669999417383224
No YOLO,False,True,True,True,252,0.0005999900167807937,0.000400003045797348,0.0008999923011288047,0.10539998766034842,0.10729997302405536
No YOLO,False,True,True,True,253,0.000600004568696022,0.000600004568696022,0.0010999938240274787,0.09660000796429813,0.09890001092571765
No YOLO,False,True,True,True,254,0.0004999892553314567,0.000400003045797348,0.0008999923011288047,0.09010000212583691,0.09189998672809452
No YOLO,False,True,True,True,255,0.0004999892553314567,0.000500003807246685,0.0007999915396794677,0.09519999730400741,0.09699998190626502
No YOLO,False,True,True,True,256,0.000600004568696022,0.000400003045797348,0.000900006853044033,0.0889999937498942,0.0909000082174316
No YOLO,False,True,True,True,257,0.000400003045797348,0.000400003045797348,0.0007999915396794677,0.0864000030560419,0.08800000068731606
No YOLO,False,True,True,True,258,0.00039998849388211966,0.000300002284348011,0.000800006091594696,0.08279999019578099,0.08429998706560582
No YOLO,False,True,True,True,259,0.000500003807246685,0.000400003045797348,0.000800006091594696,0.08009999874047935,0.08180001168511808
No YOLO,False,True,True,True,260,0.000400003045797348,0.000400003045797348,0.0006999907782301307,0.08519999391864985,0.08669999078847468
No YOLO,False,True,True,True,261,0.000600004568696022,0.00039998849388211966,0.000900006853044033,0.08569999772589654,0.08759999764151871
No YOLO,False,True,True,True,262,0.000700005330145359,0.000400003045797348,0.0010999938240274787,0.08860000525601208,0.09080000745598227
No YOLO,False,True,True,True,263,0.000400003045797348,0.000300002284348011,0.0009999930625781417,0.08779999916441739,0.08949999755714089
No YOLO,False,True,True,True,264,0.000400003045797348,0.000400003045797348,0.000800006091594696,0.08620000153314322,0.08780001371633261
No YOLO,False,True,True,True,265,0.000500003807246685,0.000200001522898674,0.0008999923011288047,0.08430000161752105,0.08589999924879521
No YOLO,False,True,True,True,266,0.000400003045797348,0.000400003045797348,0.0010999938240274787,0.10069999552797526,0.10259999544359744
No YOLO,False,True,True,True,267,0.0011999945854768157,0.000800006091594696,0.0025000044843181968,0.18699999782256782,0.19150000298395753
No YOLO,False,True,True,True,268,0.000900006853044033,0.0004999892553314567,0.0011999945854768157,0.09010000212583691,0.09269999281968921
No YOLO,False,True,True,True,269,0.000700005330145359,0.000400003045797348,0.001100008375942707,0.09210000280290842,0.09430001955479383
No YOLO,False,True,True,True,270,0.000500003807246685,0.0004999892553314567,0.0010999938240274787,0.08509999315720052,0.08719998004380614
No YOLO,False,True,True,True,271,0.000500003807246685,0.000300002284348011,0.0011999945854768157,0.08489999163430184,0.08689999231137335
No YOLO,False,True,True,True,272,0.000700005330145359,0.000600004568696022,0.001400010660290718,0.10550000297371298,0.10820002353284508
No YOLO,False,True,True,True,273,0.000700005330145359,0.000500003807246685,0.0014999968698248267,0.13359999866224825,0.13630000466946512
No YOLO,False,True,True,True,274,0.000700005330145359,0.0005999900167807937,0.0011999945854768157,0.08789999992586672,0.09039998985826969
No YOLO,False,True,True,True,275,0.000800006091594696,0.0005999900167807937,0.0014999968698248267,0.1309000072069466,0.13380000018514693
No YOLO,False,True,True,True,276,0.000700005330145359,0.0004999892553314567,0.0012999953469261527,0.0906000059330836,0.09309999586548656
No YOLO,False,True,True,True,277,0.0007999915396794677,0.000500003807246685,0.001100008375942707,0.08739999611862004,0.0897999998414889
No YOLO,False,True,True,True,278,0.000600004568696022,0.000400003045797348,0.0010999938240274787,0.08830000297166407,0.09040000441018492
No YOLO,False,True,True,True,279,0.000700005330145359,0.000300002284348011,0.0009999930625781417,0.08630000229459256,0.08830000297166407
No YOLO,False,True,True,True,280,0.000300002284348011,0.000300002284348011,0.000800006091594696,0.0813000078778714,0.08270001853816211
No YOLO,False,True,True,True,281,0.000300002284348011,0.000300002284348011,0.0007999915396794677,0.08569999772589654,0.08709999383427203
No YOLO,False,True,True,True,282,0.000600004568696022,0.000300002284348011,0.000800006091594696,0.08650000381749123,0.08820001676212996
No YOLO,False,True,True,True,283,0.000900006853044033,0.000500003807246685,0.0015999976312741637,0.4715999966720119,0.4746000049635768
No YOLO,False,True,True,True,284,0.000700005330145359,0.000600004568696022,0.0016999983927235007,0.10340000153519213,0.10640000982675701
No YOLO,False,True,True,True,285,0.0004999892553314567,0.000600004568696022,0.0012999953469261527,0.10000000474974513,0.10239999392069876
No YOLO,False,True,True,True,286,0.000500003807246685,0.0005999900167807937,0.0011999945854768157,0.0931999966269359,0.0954999850364402
No YOLO,False,True,True,True,287,0.000500003807246685,0.0004999892553314567,0.001100008375942707,0.08669999078847468,0.08879999222699553
No YOLO,False,True,True,True,288,0.000300002284348011,0.000300002284348011,0.000900006853044033,0.08670000534038991,0.08820001676212996
No YOLO,False,True,True,True,289,0.000600004568696022,0.000500003807246685,0.000900006853044033,0.10170000314246863,0.10370001837145537
No YOLO,False,True,True,True,290,0.000700005330145359,0.0004999892553314567,0.0008999923011288047,0.09469999349676073,0.09679998038336635
No YOLO,False,True,True,True,291,0.0005999900167807937,0.000500003807246685,0.0008999923011288047,0.09139999747276306,0.09339998359791934
No YOLO,False,True,True,True,292,0.000400003045797348,0.00039998849388211966,0.000900006853044033,0.09470000804867595,0.09640000644139946
No YOLO,False,True,True,True,293,0.0006999907782301307,0.000300002284348011,0.000700005330145359,0.08570001227781177,0.08740001067053527
No YOLO,False,True,True,True,294,0.0005999900167807937,0.000400003045797348,0.0008999923011288047,0.09130001126322895,0.0931999966269359
No YOLO,False,True,True,True,295,0.000600004568696022,0.000400003045797348,0.000900006853044033,0.09020000288728625,0.09210001735482365
No YOLO,False,True,True,True,296,0.000600004568696022,0.00029998773243278265,0.000700005330145359,0.09070000669453293,0.0923000043258071
No YOLO,False,True,True,True,297,0.000400003045797348,0.000400003045797348,0.0007999915396794677,0.0881000014487654,0.08969999908003956
No YOLO,False,True,True,True,298,0.00029998773243278265,0.000300002284348011,0.000800006091594696,0.08830000297166407,0.08969999908003956
No YOLO,False,True,True,True,299,0.000400003045797348,0.00029998773243278265,0.000600004568696022,0.08430000161752105,0.0855999969644472
No Hit Detection,True,False,True,True,0,10.983899992424995,0.000200001522898674,0.0012999953469261527,0.3132999991066754,11.298699988401495
No Hit Detection,True,False,True,True,1,11.457999993581325,0.000300002284348011,0.0021000014385208488,0.5055999936303124,11.965999990934506
No Hit Detection,True,False,True,True,2,12.674300000071526,0.000300002284348011,0.0020000006770715117,0.3988999960711226,13.075499999104068
No Hit Detection,True,False,True,True,3,14.325399999506772,0.00029998773243278265,0.0015999976312741637,0.3952999977627769,14.722599982633255
No Hit Detection,True,False,True,True,4,12.264600009075366,0.000400003045797348,0.0016999983927235007,0.38299999141599983,12.649700001929887
No Hit Detection,True,False,True,True,5,13.267999995150603,0.000400003045797348,0.0014999968698248267,0.2775999892037362,13.547499984269962
No Hit Detection,True,False,True,True,6,18.227199994726107,0.000400003045797348,0.0021999876480549574,0.3763999993680045,18.606199984787963
No Hit Detection,True,False,True,True,7,16.298600006848574,0.000300002284348011,0.0020000006770715117,0.3180999920004979,16.61900000181049
No Hit Detection,True,False,True,True,8,15.265900001395494,0.000300002284348011,0.0016999983927235007,0.3053999971598387,15.573299999232404
No Hit Detection,True,False,True,True,9,12.347500000032596,0.000300002284348011,0.0023999891709536314,0.5699999892385677,12.920199980726466
No Hit Detection,True,False,True,True,10,18.4605999966152,0.000200001522898674,0.0020000006770715117,0.6568999961018562,19.119699994917028
No Hit Detection,True,False,True,True,11,19.671999994898215,0.000600004568696022,0.0018999999156221747,0.45279999903868884,20.127299998421222
No Hit Detection,True,False,True,True,12,17.58450000488665,0.000400003045797348,0.0017999991541728377,0.4802999901585281,18.066999997245148
No Hit Detection,True,False,True,True,13,17.490700003691018,0.000300002284348011,0.0028999929782003164,0.3222999948775396,17.816199993831106
No Hit Detection,True,False,True,True,14,13.581499995780177,0.000600004568696022,0.0024000037228688598,0.5602999881375581,14.1447999922093
No Hit Detection,True,False,True,True,15,18.69579999765847,0.0004999892553314567,0.0024000037228688598,0.5876999930478632,19.286399983684532
No Hit Detection,True,False,True,True,16,15.652400004910305,0.000400003045797348,0.0020000006770715117,0.5031999899074435,16.157999998540618
No Hit Detection,True,False,True,True,17,14.296300010755658,0.000200001522898674,0.0018999999156221747,0.3733000048669055,14.671700017061085
No Hit Detection,True,False,True,True,18,17.500600006314926,0.00039998849388211966,0.0025000044843181968,0.6104000058257952,18.11390000511892
No Hit Detection,True,False,True,True,19,22.648199999821372,0.00029998773243278265,0.0018999999156221747,0.31060000765137374,22.9609999951208
No Hit Detection,True,False,True,True,20,17.276600003242493,0.000600004568696022,0.0018999999156221747,0.44129999878350645,17.720400006510317
No Hit Detection,True,False,True,True,21,14.141199993900955,0.000400003045797348,0.0021999876480549574,0.49869999929796904,14.642499983892776
No Hit Detection,True,False,True,True,22,18.855600006645545,0.000300002284348011,0.0016999983927235007,0.3513999981805682,19.209000005503185
No Hit Detection,True,False,True,True,23,15.918199991574511,0.000300002284348011,0.001600012183189392,0.35060000664088875,16.270700012682937
No Hit Detection,True,False,True,True,24,17.50760000140872,0.000300002284348011,0.001300009898841381,0.3564000071492046,17.865600020741113
No Hit Detection,True,False,True,True,25,16.15600001241546,9.998620953410864e-05,0.0014999968698248267,0.3589999978430569,16.516599993337877
No Hit Detection,True,False,True,True,26,16.031199993449263,0.000300002284348011,0.001600012183189392,0.31709999893791974,16.35020000685472
No Hit Detection,True,False,True,True,27,16.63640000333544,0.000300002284348011,0.0015999976312741637,0.3357999958097935,16.974099999060854
No Hit Detection,True,False,True,True,28,15.56210000126157,0.00029998773243278265,0.0016999983927235007,0.3301999968243763,15.894299984211102
No Hit Detection,True,False,True,True,29,15.778599990881048,0.000200001522898674,0.0020000006770715117,0.33239999902434647,16.113199992105365
No Hit Detection,True,False,True,True,30,12.795000002370216,0.000300002284348011,0.0014999968698248267,0.33399999665562063,13.13079999818001
No Hit Detection,True,False,True,True,31,15.46500000404194,0.000300002284348011,0.0017999991541728377,0.32839999767020345,15.795500003150664
No Hit Detection,True,False,True,True,32,15.73379999899771,0.000200001522898674,0.0016999983927235007,0.33229999826289713,16.06799999717623
No Hit Detection,True,False,True,True,33,14.539399999193847,0.00019998697098344564,0.0015999976312741637,0.2820000081555918,14.823199991951697
No Hit Detection,True,False,True,True,34,11.157899993122555,0.000200001522898674,0.0014999968698248267,0.298400002066046,11.457999993581325
No Hit Detection,True,False,True,True,35,11.739299996406771,0.000300002284348011,0.0021000014385208488,0.4734000103781,12.21510001050774
No Hit Detection,True,False,True,True,36,13.72339999943506,0.000200001522898674,0.0015999976312741637,0.35000000207219273,14.075200000661425
No Hit Detection,True,False,True,True,37,11.870200003613718,0.000200001522898674,0.0016999983927235007,0.34270000469405204,12.214800008223392
No Hit Detection,True,False,True,True,38,17.231900012120605,0.000400003045797348,0.0025000044843181968,0.436800008174032,17.671600027824752
No Hit Detection,True,False,True,True,39,17.530099998111837,0.000300002284348011,0.0018999999156221747,0.3242999955546111,17.856599995866418
No Hit Detection,True,False,True,True,40,17.3437999910675,0.000500003807246685,0.0022000021999701858,0.5074999935459346,17.85399999062065
No Hit Detection,True,False,True,True,41,15.388100000564009,0.000600004568696022,0.0023000029614195228,0.49500000022817403,15.886000008322299
No Hit Detection,True,False,True,True,42,15.514800004893914,0.000300002284348011,0.0015999976312741637,0.3265999985160306,15.843300003325567
No Hit Detection,True,False,True,True,43,14.335599989863113,0.000200001522898674,0.0015999976312741637,0.31209998996928334,14.649499978986569
No Hit Detection,True,False,True,True,44,19.797799992375076,0.000400003045797348,0.0018999999156221747,0.4896000027656555,20.28969999810215
No Hit Detection,True,False,True,True,45,19.018299994058907,0.000300002284348011,0.0022000021999701858,0.4528999998001382,19.473699998343363
No Hit Detection,True,False,True,True,46,22.100700007285923,0.000200001522898674,0.0013999961083754897,0.2744000084931031,22.3767000134103
No Hit Detection,True,False,True,True,47,16.770699992775917,0.000300002284348011,0.0022000021999701858,0.44460000935941935,17.217800006619655
No Hit Detection,True,False,True,True,48,16.549199994187802,0.000400003045797348,0.0022999884095042944,0.41789999522734433,16.969799980870448
No Hit Detection,True,False,True,True,49,22.689399993396364,0.000400003045797348,0.0022000021999701858,0.41149999015033245,23.103499988792464
No Hit Detection,True,False,True,True,50,17.148099999758415,0.00029998773243278265,0.0022000021999701858,0.447600003099069,17.598199992789887
No Hit Detection,True,False,True,True,51,17.87109998986125,0.000200001522898674,0.0015999976312741637,0.37889998930040747,18.25179997831583
No Hit Detection,True,False,True,True,52,17.74949999526143,0.000400003045797348,0.0020000006770715117,0.3274000046076253,18.079300003591925
No Hit Detection,True,False,True,True,53,14.40119999460876,0.000300002284348011,0.0020000006770715117,0.30720001086592674,14.710700008436106
No Hit Detection,True,False,True,True,54,26.18869999423623,0.000400003045797348,0.0021000014385208488,0.4563999973470345,26.647599996067584
No Hit Detection,True,False,True,True,55,22.805300002801232,0.000600004568696022,0.0026000052457675338,0.4296000115573406,23.238100024173036
No Hit Detection,True,False,True,True,56,21.627199996146373,0.000400003045797348,0.0022000021999701858,0.43960000039078295,22.069400001782924
No Hit Detection,True,False,True,True,57,18.806600011885166,0.0005999900167807937,0.0023000029614195228,0.47990000166464597,19.289400006528012
No Hit Detection,True,False,True,True,58,17.994499998167157,0.000300002284348011,0.0022999884095042944,0.5023999983677641,18.499499987228774
No Hit Detection,True,False,True,True,59,18.474199998308904,0.000400003045797348,0.0020000006770715117,0.5185000045457855,18.99510000657756
No Hit Detection,True,False,True,True,60,17.446199999540113,0.000300002284348011,0.0021000014385208488,0.44690001232083887,17.89550001558382
No Hit Detection,True,False,True,True,61,17.718199989758432,0.000400003045797348,0.0025999906938523054,0.411000000895001,18.132199984393083
No Hit Detection,True,False,True,True,62,18.079200002830476,0.000500003807246685,0.0020000006770715117,0.4110999871045351,18.49279999441933
No Hit Detection,True,False,True,True,63,17.53279998956714,0.0004999892553314567,0.0025999906938523054,0.4116999916732311,17.947599961189553
No Hit Detection,True,False,True,True,64,17.500600006314926,0.000300002284348011,0.0020000006770715117,0.4926000110572204,17.995500020333566
No Hit Detection,True,False,True,True,65,16.712099997675978,0.00029998773243278265,0.0018999999156221747,0.49449999642092735,17.20879998174496
No Hit Detection,True,False,True,True,66,17.82360000652261,0.000300002284348011,0.0018999999156221747,0.46629999997094274,18.292100008693524
No Hit Detection,True,False,True,True,67,18.09920000960119,0.000500003807246685,0.0023999891709536314,0.522699992870912,18.624799995450303
No Hit Detection,True,False,True,True,68,17.477599991252646,0.00029998773243278265,0.0024000037228688598,0.4675999953178689,17.947899978025816
No Hit Detection,True,False,True,True,69,19.92469999822788,0.000300002284348011,0.0025000044843181968,0.5087000026833266,20.436200007679872
No Hit Detection,True,False,True,True,70,20.23479998752009,0.000500003807246685,0.0018999999156221747,0.5636999994749203,20.80089999071788
No Hit Detection,True,False,True,True,71,19.14589999068994,0.000400003045797348,0.0024999899324029684,0.5003999976906925,19.649199981358834
No Hit Detection,True,False,True,True,72,19.898400001693517,0.000400003045797348,0.0020000006770715117,0.516500003868714,20.4173000092851
No Hit Detection,True,False,True,True,73,21.305100002791733,0.0004999892553314567,0.0017999991541728377,0.5911000043852255,21.898499995586462
No Hit Detection,True,False,True,True,74,19.262100002379157,0.000500003807246685,0.0023000029614195228,0.5130000063218176,19.77790001546964
No Hit Detection,True,False,True,True,75,17.955099989194423,0.000300002284348011,0.0023000029614195228,0.428299987106584,18.385999981546775
No Hit Detection,True,False,True,True,76,18.162999986088835,0.000400003045797348,0.0022000021999701858,0.5091999919386581,18.67479998327326
No Hit Detection,True,False,True,True,77,21.97679999517277,0.0004999892553314567,0.0027999922167509794,0.4617000086000189,22.44179998524487
No Hit Detection,True,False,True,True,78,18.59320000221487,0.000300002284348011,0.0017999991541728377,0.5084000003989786,19.10370000405237
No Hit Detection,True,False,True,True,79,17.895000011776574,0.000400003045797348,0.0024000037228688598,0.5110000056447461,18.408800024189986
No Hit Detection,True,False,True,True,80,18.58139999967534,0.000500003807246685,0.0023999891709536314,0.5369999998947605,19.121299992548302
No Hit Detection,True,False,True,True,81,20.052499996381812,0.000400003045797348,0.0023000029614195228,0.5256000004010275,20.580800002790056
No Hit Detection,True,False,True,True,82,18.521899997722358,0.00039998849388211966,0.0022000021999701858,0.5000000091968104,19.02449999761302
No Hit Detection,True,False,True,True,83,18.098999993526377,0.000300002284348011,0.0024000037228688598,0.601100007770583,18.702800007304177
No Hit Detection,True,False,True,True,84,18.364200004725717,0.000400003045797348,0.0020000006770715117,0.5356999899959192,18.902299998444505
No Hit Detection,True,False,True,True,85,19.85440000134986,0.00029998773243278265,0.0024000037228688598,0.43119999463669956,20.28829998744186
No Hit Detection,True,False,True,True,86,20.595900001353584,0.000600004568696022,0.0018999999156221747,0.5447000003186986,21.1431000061566
No Hit Detection,True,False,True,True,87,19.421500008320436,0.000400003045797348,0.0026999914553016424,0.45900000259280205,19.883600005414337
No Hit Detection,True,False,True,True,88,20.636200002627447,0.000400003045797348,0.0018999999156221747,0.4346999921835959,21.073199997772463
No Hit Detection,True,False,True,True,89,18.723899993347004,0.00039998849388211966,0.0024000037228688598,0.40160000207833946,19.128299987642094
No Hit Detection,True,False,True,True,90,17.234500002814457,0.000300002284348011,0.0020000006770715117,0.3880000003846362,17.624800006160513
No Hit Detection,True,False,True,True,91,16.368600001442246,0.000300002284348011,0.0024000037228688598,0.4410999972606078,16.81240000471007
No Hit Detection,True,False,True,True,92,16.57599999452941,0.000400003045797348,0.0022000021999701858,0.4490999999688938,17.027699999744073
No Hit Detection,True,False,True,True,93,16.61329998751171,0.000400003045797348,0.0018999999156221747,0.45059999683871865,17.066199987311848
No Hit Detection,True,False,True,True,94,17.084799997974187,0.000400003045797348,0.0022000021999701858,0.44580000394489616,17.53320000716485
No Hit Detection,True,False,True,True,95,17.018499987898394,0.000300002284348011,0.0021000014385208488,0.4617000086000189,17.482600000221282
No Hit Detection,True,False,True,True,96,16.90200000302866,0.000500003807246685,0.0026000052457675338,0.5032000044593588,17.408300016541034
No Hit Detection,True,False,True,True,97,20.05559999088291,0.000300002284348011,0.0026000052457675338,0.5002000107197091,20.558700009132735
No Hit Detection,True,False,True,True,98,16.287000005831942,0.0004999892553314567,0.0020000006770715117,0.4430999979376793,16.732599993702024
No Hit Detection,True,False,True,True,99,17.073499999241903,0.000300002284348011,0.0024000037228688598,0.4091000009793788,17.4853000062285
No Hit Detection,True,False,True,True,100,15.984199999365956,0.00029998773243278265,0.0018999999156221747,0.4664999869419262,16.452899973955937
No Hit Detection,True,False,True,True,101,16.601700001046993,0.000400003045797348,0.0018999999156221747,0.4780000017490238,17.082000005757436
No Hit Detection,True,False,True,True,102,16.713599994545802,0.000400003045797348,0.0021000014385208488,0.5452999903354794,17.2613999893656
No Hit Detection,True,False,True,True,103,16.92120000370778,0.000500003807246685,0.0024000037228688598,0.4212000058032572,17.345300017041154
No Hit Detection,True,False,True,True,104,17.29699999850709,0.000300002284348011,0.002800006768666208,0.41059999784920365,17.710700005409308
No Hit Detection,True,False,True,True,105,17.360600002575666,0.000500003807246685,0.0023000029614195228,0.4715999966720119,17.835000006016344
No Hit Detection,True,False,True,True,106,16.52530000137631,0.000300002284348011,0.0021000014385208488,0.44350000098347664,16.971200006082654
No Hit Detection,True,False,True,True,107,17.217500004335307,0.000400003045797348,0.0022000021999701858,0.4582999972626567,17.67840000684373
No Hit Detection,True,False,True,True,108,17.663799997535534,0.000500003807246685,0.003000008291564882,0.4714999959105626,18.13880000554491
No Hit Detection,True,False,True,True,109,17.57460000226274,0.000500003807246685,0.0020000006770715117,0.4698999982792884,18.047000005026348
No Hit Detection,True,False,True,True,110,17.956399999093264,0.000400003045797348,0.0020000006770715117,0.45089999912306666,18.4097000019392
No Hit Detection,True,False,True,True,111,18.191199997090735,0.000500003807246685,0.0024000037228688598,0.43829999049194157,18.63239999511279
No Hit Detection,True,False,True,True,112,18.457199999829754,0.000400003045797348,0.0025000044843181968,0.3946999931940809,18.85480000055395
No Hit Detection,True,False,True,True,113,16.81720001215581,0.000300002284348011,0.0023999891709536314,0.40389999048784375,17.223799994098954
No Hit Detection,True,False,True,True,114,16.968500000075437,0.000400003045797348,0.0021999876480549574,0.3981000045314431,17.369199995300733
No Hit Detection,True,False,True,True,115,16.353700004401617,0.00039998849388211966,0.0023000029614195228,0.48719999904278666,16.843599994899705
No Hit Detection,True,False,True,True,116,16.047199998865835,0.000400003045797348,0.0025999906938523054,0.40189998981077224,16.452099982416257
No Hit Detection,True,False,True,True,117,16.371599995181896,0.000500003807246685,0.0017999991541728377,0.38840000343043357,16.76230000157375
No Hit Detection,True,False,True,True,118,15.860699990298599,0.000400003045797348,0.0018999999156221747,0.38520000816788524,16.248200001427904
No Hit Detection,True,False,True,True,119,16.87629999651108,0.000300002284348011,0.002800006768666208,0.3896999987773597,17.269100004341453
No Hit Detection,True,False,True,True,120,16.99709999957122,0.0004999892553314567,0.0017999991541728377,0.47089999134186655,17.47029997932259
No Hit Detection,True,False,True,True,121,17.281299995374866,0.00039998849388211966,0.0025000044843181968,0.4030999989481643,17.68729998730123
No Hit Detection,True,False,True,True,122,17.25010000518523,0.000400003045797348,0.0018999999156221747,0.4748999926960096,17.72730000084266
No Hit Detection,True,False,True,True,123,16.00860001053661,0.000400003045797348,0.0024999899324029684,0.4850999976042658,16.496600001119077
No Hit Detection,True,False,True,True,124,17.279099993174896,0.000300002284348011,0.0021999876480549574,0.4820000031031668,17.763599986210465
No Hit Detection,True,False,True,True,125,16.447000001790002,0.000500003807246685,0.0024000037228688598,0.4636000085156411,16.91350001783576
No Hit Detection,True,False,True,True,126,15.93920000595972,0.000400003045797348,0.002800006768666208,0.4852999991271645,16.427700014901347
No Hit Detection,True,False,True,True,127,16.931400008616038,0.000500003807246685,0.0020000006770715117,0.5046000005677342,17.43850001366809
No Hit Detection,True,False,True,True,128,17.7661000052467,0.000300002284348011,0.0018999999156221747,0.5029000021750107,18.27120000962168
No Hit Detection,True,False,True,True,129,17.792599988752045,0.000300002284348011,0.0024999899324029684,0.5753999867010862,18.370799967669882
No Hit Detection,True,False,True,True,130,17.56829999794718,0.00039998849388211966,0.0022000021999701858,0.5606000049738213,18.131499993614852
No Hit Detection,True,False,True,True,131,17.307100002653897,0.000300002284348011,0.0025000044843181968,0.5588000058196485,17.86870001524221
No Hit Detection,True,False,True,True,132,16.790299996500835,0.0004999892553314567,0.0017999991541728377,0.534099992364645,17.326699977274984
No Hit Detection,True,False,True,True,133,17.79349999560509,0.000500003807246685,0.0018999999156221747,0.5906000005779788,18.386499999905936
No Hit Detection,True,False,True,True,134,17.651400004979223,0.000400003045797348,0.0018999999156221747,0.5012000037822872,18.15490001172293
No Hit Detection,True,False,True,True,135,15.561100008198991,0.000500003807246685,0.0020000006770715117,0.4596999933710322,16.023300006054342
No Hit Detection,True,False,True,True,136,15.59399999678135,0.000500003807246685,0.001800013706088066,0.4687000036938116,16.065000017988496
No Hit Detection,True,False,True,True,137,17.019899998558685,0.000300002284348011,0.0024000037228688598,0.4656999954022467,17.48829999996815
No Hit Detection,True,False,True,True,138,16.719699997338466,0.00029998773243278265,0.0022000021999701858,0.4606000002240762,17.182799987494946
No Hit Detection,True,False,True,True,139,16.46860000619199,0.000400003045797348,0.0017999991541728377,0.4270999925211072,16.89790000091307
No Hit Detection,True,False,True,True,140,16.112600002088584,0.00039998849388211966,0.0024000037228688598,0.3828000044450164,16.49819999875035
No Hit Detection,True,False,True,True,141,15.761100003146566,0.000500003807246685,0.0022000021999701858,0.3930999955628067,16.15690000471659
No Hit Detection,True,False,True,True,142,15.948600004776381,0.000300002284348011,0.0021000014385208488,0.3677000058814883,16.318700014380738
No Hit Detection,True,False,True,True,143,15.932200010865927,0.000400003045797348,0.0022000021999701858,0.4558000073302537,16.390600023441948
No Hit Detection,True,False,True,True,144,19.614599994383752,0.000300002284348011,0.0020000006770715117,0.4098999925190583,20.02679998986423
No Hit Detection,True,False,True,True,145,18.05199999944307,0.000400003045797348,0.0020000006770715117,0.4271000070730224,18.48150001023896
No Hit Detection,True,False,True,True,146,15.183399998932146,0.000500003807246685,0.0022000021999701858,0.40699999954085797,15.59310000448022
No Hit Detection,True,False,True,True,147,14.61310000740923,0.000400003045797348,0.0021000014385208488,0.414399997680448,15.030000009573996
No Hit Detection,True,False,True,True,148,14.116399994236417,0.00029998773243278265,0.0021000014385208488,0.461499992525205,14.580299975932576
No Hit Detection,True,False,True,True,149,13.897799988626502,0.000300002284348011,0.0024999899324029684,0.46969999675638974,14.370299977599643
No Hit Detection,True,False,True,True,150,16.295100009301677,0.000400003045797348,0.0018999999156221747,0.44070000876672566,16.738100021029823
No Hit Detection,True,False,True,True,151,14.821199991274625,0.000500003807246685,0.0017999991541728377,0.42740000935737044,15.250900003593415
No Hit Detection,True,False,True,True,152,13.608000008389354,0.000400003045797348,0.0032999960239976645,0.41179999243468046,14.02349999989383
No Hit Detection,True,False,True,True,153,13.231699995230883,0.000300002284348011,0.0017999991541728377,0.3995000006398186,13.633299997309223
No Hit Detection,True,False,True,True,154,13.542799992137589,0.000300002284348011,0.0017999991541728377,0.4123999970033765,13.957299990579486
No Hit Detection,True,False,True,True,155,12.157500008470379,0.00019998697098344564,0.0014999968698248267,0.31149999995250255,12.47069999226369
No Hit Detection,True,False,True,True,156,10.337400002754293,0.000200001522898674,0.0018999999156221747,0.23459999647457153,10.574100000667386
No Hit Detection,True,False,True,True,157,14.944499998819083,0.000100000761449337,0.0010999938240274787,0.23859999782871455,15.184299991233274
No Hit Detection,True,False,True,True,158,11.04099999065511,0.000200001522898674,0.001100008375942707,0.2518999972380698,11.29419999779202
No Hit Detection,True,False,True,True,159,9.69180000538472,0.000200001522898674,0.0011999945854768157,0.23520000104326755,9.928400002536364
No Hit Detection,True,False,True,True,160,9.405999997397885,0.000200001522898674,0.0011999945854768157,0.24169999232981354,9.649099985836074
No Hit Detection,True,False,True,True,161,11.153699990245514,0.000100000761449337,0.0017999991541728377,0.3811000060522929,11.536699996213429
No Hit Detection,True,False,True,True,162,11.366099992301315,0.000200001522898674,0.0018999999156221747,0.2533999941078946,11.62159998784773
No Hit Detection,True,False,True,True,163,10.482800003956072,0.000300002284348011,0.0012999953469261527,0.30359999800566584,10.787999999593012
No Hit Detection,True,False,True,True,164,10.777799994684756,0.000200001522898674,0.0012999953469261527,0.30530001095030457,11.084600002504885
No Hit Detection,True,False,True,True,165,10.818200011271983,0.000200001522898674,0.0011999945854768157,0.3780000115511939,11.197600018931553
No Hit Detection,True,False,True,True,166,10.05050000094343,0.000200001522898674,0.0014999968698248267,0.32449999707750976,10.376699996413663
No Hit Detection,True,False,True,True,167,10.086900001624599,0.000100000761449337,0.0013999961083754897,0.3357999958097935,10.424199994304217
No Hit Detection,True,False,True,True,168,10.696199999074452,0.000200001522898674,0.0012999953469261527,0.3212000010535121,11.018899996997789
No Hit Detection,True,False,True,True,169,10.538499991525896,0.000100000761449337,0.0015999976312741637,0.34670000604819506,10.886899995966814
No Hit Detection,True,False,True,True,170,10.653400007868186,0.00019998697098344564,0.0025000044843181968,0.3400999994482845,10.996199998771772
No Hit Detection,True,False,True,True,171,10.696900004404597,0.000200001522898674,0.0011999945854768157,0.2857000072253868,10.98400000773836
No Hit Detection,True,False,True,True,172,10.456099989823997,0.000400003045797348,0.0018999999156221747,0.2623000036692247,10.720699996454641
No Hit Detection,True,False,True,True,173,10.90449999901466,0.00019998697098344564,0.0013999961083754897,0.3198999911546707,11.22599997324869
No Hit Detection,True,False,True,True,174,10.199600001215003,0.000200001522898674,0.001100008375942707,0.26059999072458595,10.46150000183843
No Hit Detection,True,False,True,True,175,9.879000004730187,0.000200001522898674,0.0012999953469261527,0.23689999943599105,10.117400001036003
No Hit Detection,True,False,True,True,176,10.53929999761749,0.000200001522898674,0.001600012183189392,0.2496999950380996,10.790800006361678
No Hit Detection,True,False,True,True,177,10.572599989245646,0.000300002284348011,0.0024000037228688598,0.3853999951388687,10.960699990391731
No Hit Detection,True,False,True,True,178,10.124799999175593,0.000100000761449337,0.0011999945854768157,0.2817000058712438,10.407800000393763
No Hit Detection,True,False,True,True,179,10.342099994886667,0.000300002284348011,0.0012999953469261527,0.17610000213608146,10.519799994654022
No Hit Detection,True,False,True,True,180,9.987600002205,0.000200001522898674,0.0013999961083754897,0.2356000040890649,10.224800003925338
No Hit Detection,True,False,True,True,181,9.741300003952347,0.000200001522898674,0.001200009137392044,0.22929999977350235,9.97200001438614
No Hit Detection,True,False,True,True,182,8.944100001826882,0.000100000761449337,0.0012999953469261527,0.2800999936880544,9.225599991623312
No Hit Detection,True,False,True,True,183,9.458899992750958,0.000200001522898674,0.0018999999156221747,0.2914000069722533,9.752400001161732
No Hit Detection,True,False,True,True,184,10.645800008205697,0.000300002284348011,0.001200009137392044,0.2677000011317432,10.91500002075918
No Hit Detection,True,False,True,True,185,8.885500006726943,0.000200001522898674,0.0010999938240274787,0.26109999453183264,9.147899996605702
No Hit Detection,True,False,True,True,186,8.857599998009391,0.00019998697098344564,0.0011999945854768157,0.26130001060664654,9.120299990172498
No Hit Detection,True,False,True,True,187,8.98600000073202,0.00029998773243278265,0.0015999976312741637,0.27380000392440706,9.261699990020134
No Hit Detection,True,False,True,True,188,9.475900005782023,0.000200001522898674,0.0017999991541728377,0.28449999808799475,9.76240000454709
No Hit Detection,True,False,True,True,189,9.876800002530217,9.998620953410864e-05,0.0012999953469261527,0.2784000098472461,10.156599993933924
No Hit Detection,True,False,True,True,190,9.9165000137873,0.000200001522898674,0.0014999968698248267,0.2857999934349209,10.204000005614944
No Hit Detection,True,False,True,True,191,10.907100004260428,0.000200001522898674,0.0023000029614195228,0.2612999960547313,11.170900004799478
No Hit Detection,True,False,True,True,192,11.056499992264435,0.000300002284348011,0.0022999884095042944,0.2649999951245263,11.324099978082813
No Hit Detection,True,False,True,True,193,11.04920000943821,0.000200001522898674,0.001400010660290718,0.28959999326616526,11.340400014887564
No Hit Detection,True,False,True,True,194,10.848700010683388,0.000300002284348011,0.0015999976312741637,0.2606999914860353,11.111300002085045
No Hit Detection,True,False,True,True,195,10.09120000526309,0.000200001522898674,0.0020000006770715117,0.26899999647866935,10.36240000394173
No Hit Detection,True,False,True,True,196,11.305699998047203,0.000200001522898674,0.0013999961083754897,0.24080000002868474,11.548099995707162
No Hit Detection,True,False,True,True,197,10.958900005789474,0.00019998697098344564,0.0018999999156221747,0.35060000664088875,11.311599999316968
No Hit Detection,True,False,True,True,198,10.161899990634993,0.000200001522898674,0.0014999968698248267,0.25549999554641545,10.419099984574132
No Hit Detection,True,False,True,True,199,10.148100001970306,0.000200001522898674,0.001500011421740055,0.25079998886212707,10.400600003777072
No Hit Detection,True,False,True,True,200,9.05639999837149,0.000100000761449337,0.0014999968698248267,0.24589999520685524,9.303899991209619
No Hit Detection,True,False,True,True,201,9.141900009126402,0.000300002284348011,0.0013999961083754897,0.28410000959411263,9.427700017113239
No Hit Detection,True,False,True,True,202,9.709699996165,0.000200001522898674,0.0011999945854768157,0.30949999927543104,10.020599991548806
No Hit Detection,True,False,True,True,203,9.797399994567968,0.000200001522898674,0.0014999968698248267,0.3036999987671152,10.102799991727807
No Hit Detection,True,False,True,True,204,9.835299992118962,0.00019998697098344564,0.001100008375942707,0.3037999995285645,10.140399986994453
No Hit Detection,True,False,True,True,205,10.077699989778921,0.000200001522898674,0.001300009898841381,0.36330000148154795,10.442500002682209
No Hit Detection,True,False,True,True,206,9.919799995259382,0.00019998697098344564,0.0014999968698248267,0.3099000023212284,10.231399981421418
No Hit Detection,True,False,True,True,207,9.971999999834225,0.000200001522898674,0.0013999961083754897,0.2518999972380698,10.225499994703569
No Hit Detection,True,False,True,True,208,9.740199995576404,0.000200001522898674,0.0012999953469261527,0.27129999944008887,10.012999991886318
No Hit Detection,True,False,True,True,209,10.07489999756217,0.000300002284348011,0.0017999991541728377,0.31540000054519624,10.392399999545887
No Hit Detection,True,False,True,True,210,10.739399993326515,0.000200001522898674,0.0016999983927235007,0.25439998717047274,10.99569998041261
No Hit Detection,True,False,True,True,211,9.968299986212514,0.000200001522898674,0.0010999938240274787,0.23970000620465726,10.209299987764098
No Hit Detection,True,False,True,True,212,9.816999998292886,0.000200001522898674,0.001200009137392044,0.2598999999463558,10.078300008899532
No Hit Detection,True,False,True,True,213,9.78239999676589,0.000200001522898674,0.001200009137392044,0.28160000510979444,10.065400012535974
No Hit Detection,True,False,True,True,214,9.886500003631227,0.000200001522898674,0.001200009137392044,0.24809999740682542,10.136000011698343
No Hit Detection,True,False,True,True,215,10.394600001745857,0.000200001522898674,0.0022000021999701858,0.2888000017264858,10.685800007195212
No Hit Detection,True,False,True,True,216,11.548599999514408,0.000200001522898674,0.001300009898841381,0.28539999038912356,11.835500001325272
No Hit Detection,True,False,True,True,217,9.421100010513328,0.000100000761449337,0.0010999938240274787,0.28780000866390765,9.710100013762712
No Hit Detection,True,False,True,True,218,9.434399995370768,0.000200001522898674,0.001100008375942707,0.27069999487139285,9.706400000141002
No Hit Detection,True,False,True,True,219,9.361199990962632,0.000200001522898674,0.001400010660290718,0.33179999445565045,9.694599997601472
No Hit Detection,True,False,True,True,220,9.572399998432957,0.000200001522898674,0.0012999953469261527,0.2927000023191795,9.866599997621961
No Hit Detection,True,False,True,True,221,9.196099999826401,0.000100000761449337,0.001200009137392044,0.25499999173916876,9.452400001464412
No Hit Detection,True,False,True,True,222,9.12139999854844,0.000200001522898674,0.0014999968698248267,0.27430000773165375,9.397400004672818
No Hit Detection,True,False,True,True,223,9.37419998808764,0.000200001522898674,0.001300009898841381,0.30499999411404133,9.68069999362342
No Hit Detection,True,False,True,True,224,8.817800000542775,0.000200001522898674,0.0013999961083754897,0.26020000223070383,9.079600000404753
No Hit Detection,True,False,True,True,225,10.33629999437835,0.000200001522898674,0.001600012183189392,0.39590000233147293,10.734000010415912
No Hit Detection,True,False,True,True,226,9.302699996624142,9.998620953410864e-05,0.0020000006770715117,0.2609999937703833,9.56579997728113
No Hit Detection,True,False,True,True,227,9.146500000497326,0.000100000761449337,0.0012999953469261527,0.29209999775048345,9.439999994356185
No Hit Detection,True,False,True,True,228,9.098899987293407,0.000200001522898674,0.001300009898841381,0.27489999774843454,9.375299996463582
No Hit Detection,True,False,True,True,229,9.114400003454648,0.000200001522898674,0.0011999945854768157,0.2795000036712736,9.395300003234297
No Hit Detection,True,False,True,True,230,9.105200006160885,0.000200001522898674,0.0014999968698248267,0.27290001162327826,9.379800016176887
No Hit Detection,True,False,True,True,231,9.025399995152839,9.998620953410864e-05,0.001300009898841381,0.28110000130254775,9.307899992563762
No Hit Detection,True,False,True,True,232,9.153699997114018,0.00019998697098344564,0.0014999968698248267,0.2800000074785203,9.435399988433346
No Hit Detection,True,False,True,True,233,9.34449999476783,0.00019998697098344564,0.0018999999156221747,0.26359999901615083,9.610199980670586
No Hit Detection,True,False,True,True,234,9.067600010894239,0.000200001522898674,0.001100008375942707,0.2721999917412177,9.341100012534298
No Hit Detection,True,False,True,True,235,9.368900005938485,0.000200001522898674,0.0013999961083754897,0.24059999850578606,9.611100002075545
No Hit Detection,True,False,True,True,236,8.994599993457086,0.000100000761449337,0.0013999961083754897,0.36869999894406646,9.364799989270978
No Hit Detection,True,False,True,True,237,9.68819999252446,0.000200001522898674,0.0013999961083754897,0.2925000007962808,9.982299990952015
No Hit Detection,True,False,True,True,238,9.169800003292039,0.000300002284348011,0.0018999999156221747,0.2793000021483749,9.451300007640384
No Hit Detection,True,False,True,True,239,16.334999992977828,0.000100000761449337,0.0018999999156221747,0.2535999956307933,16.590599989285693
No Hit Detection,True,False,True,True,240,15.30800000182353,0.000100000761449337,0.0018999999156221747,0.27289999707136303,15.582899999571964
No Hit Detection,True,False,True,True,241,11.590499998419546,0.000300002284348011,0.0016999983927235007,0.3336999943712726,11.92619999346789
No Hit Detection,True,False,True,True,242,10.861500006285496,0.000200001522898674,0.0013999961083754897,0.32300000020768493,11.186100004124455
No Hit Detection,True,False,True,True,243,10.80540000111796,0.000300002284348011,0.0018999999156221747,0.3708000003825873,11.178400003700517
No Hit Detection,True,False,True,True,244,10.971100011374801,0.00019998697098344564,0.0015999976312741637,0.30899999546818435,11.281899991445243
No Hit Detection,True,False,True,True,245,10.659899999154732,0.000600004568696022,0.0026999914553016424,0.35010000283364207,11.013299998012371
No Hit Detection,True,False,True,True,246,11.219599997275509,0.000300002284348011,0.0016999983927235007,0.34250000317115337,11.564100001123734
No Hit Detection,True,False,True,True,247,10.806699996464886,0.000200001522898674,0.001500011421740055,0.3023000026587397,11.110700012068264
No Hit Detection,True,False,True,True,248,10.362700006226078,0.000400003045797348,0.0014999968698248267,0.29260000155773014,10.65720000769943
No Hit Detection,True,False,True,True,249,10.853700005100109,0.000200001522898674,0.0015999976312741637,0.29090000316500664,11.146400007419288
No Hit Detection,True,False,True,True,250,9.345999991637655,0.00019998697098344564,0.0014999968698248267,0.3056999994441867,9.65339997492265
No Hit Detection,True,False,True,True,251,9.244700006092899,0.000200001522898674,0.0014999968698248267,0.26359999901615083,9.510000003501773
No Hit Detection,True,False,True,True,252,9.192799989250489,0.000200001522898674,0.0012999953469261527,0.25579999783076346,9.450099983951077
No Hit Detection,True,False,True,True,253,11.564100001123734,0.000300002284348011,0.0016999983927235007,0.33590001112315804,11.902000012923963
No Hit Detection,True,False,True,True,254,11.352500005159527,0.00019998697098344564,0.0017999991541728377,0.31290001061279327,11.667400001897477
No Hit Detection,True,False,True,True,255,10.632200006511994,0.000200001522898674,0.0021000014385208488,0.33269998675677925,10.967199996230192
No Hit Detection,True,False,True,True,256,10.640500011504628,0.000200001522898674,0.0016999983927235007,0.2759000053629279,10.918300016783178
No Hit Detection,True,False,True,True,257,9.86160000320524,0.000200001522898674,0.001600012183189392,0.2936999953817576,10.157100012293085
No Hit Detection,True,False,True,True,258,10.12589999299962,0.000300002284348011,0.0015999976312741637,0.23690001398790628,10.36470000690315
No Hit Detection,True,False,True,True,259,9.99549998959992,0.000200001522898674,0.0015999976312741637,0.32160000409930944,10.318899992853403
No Hit Detection,True,False,True,True,260,9.219500003382564,0.00029998773243278265,0.0015999976312741637,0.2693999995244667,9.490799988270737
No Hit Detection,True,False,True,True,261,11.309599998639897,0.000200001522898674,0.0014999968698248267,0.2719000040087849,11.583200001041405
No Hit Detection,True,False,True,True,262,11.226900009205565,0.000200001522898674,0.0015999976312741637,0.3082000039285049,11.536900012288243
No Hit Detection,True,False,True,True,263,11.741900001652539,0.000300002284348011,0.0017999991541728377,0.3536000003805384,12.097600003471598
No Hit Detection,True,False,True,True,264,11.406300007365644,0.000200001522898674,0.0014999968698248267,0.29549999453593045,11.703500000294298
No Hit Detection,True,False,True,True,265,10.771600005682558,0.000200001522898674,0.0012999953469261527,0.34020000020973384,11.113300002762116
No Hit Detection,True,False,True,True,266,11.138799993204884,0.000200001522898674,0.001500011421740055,0.301799998851493,11.442300005001016
No Hit Detection,True,False,True,True,267,11.0112999973353,0.00029998773243278265,0.001200009137392044,0.2727999963099137,11.285599990515038
No Hit Detection,True,False,True,True,268,10.900499997660518,0.000300002284348011,0.0018999999156221747,0.26369999977760017,11.166399999638088
No Hit Detection,True,False,True,True,269,12.270000006537884,0.00019998697098344564,0.0015999976312741637,0.26559999969322234,12.537399990833364
No Hit Detection,True,False,True,True,270,10.620300003211014,0.000200001522898674,0.0014999968698248267,0.26050000451505184,10.88250000611879
No Hit Detection,True,False,True,True,271,10.422200008179061,0.000200001522898674,0.0014999968698248267,0.24959999427665025,10.673500000848435
No Hit Detection,True,False,True,True,272,10.433699993882328,0.000200001522898674,0.0011999945854768157,0.27289999707136303,10.707999987062067
No Hit Detection,True,False,True,True,273,10.554599997703917,0.00019998697098344564,0.0017999991541728377,0.2823000104399398,10.838899994269013
No Hit Detection,True,False,True,True,274,11.335499992128462,0.000300002284348011,0.0013999961083754897,0.30220000189729035,11.639399992418475
No Hit Detection,True,False,True,True,275,11.06830000935588,0.000200001522898674,0.0014999968698248267,0.26420000358484685,11.33420001133345
No Hit Detection,True,False,True,True,276,10.621800000080839,0.000100000761449337,0.0011999945854768157,0.27350000164005905,10.896599997067824
No Hit Detection,True,False,True,True,277,9.838300000410527,0.000200001522898674,0.0015999976312741637,0.2773000014713034,10.117400001036003
No Hit Detection,True,False,True,True,278,9.386300007463433,0.000200001522898674,0.0017999991541728377,0.24559999292250723,9.633900001063012
No Hit Detection,True,False,True,True,279,9.69710000208579,0.000100000761449337,0.001500011421740055,0.24730000586714596,9.946000020136125
No Hit Detection,True,False,True,True,280,11.029300003428943,0.000200001522898674,0.0015999976312741637,0.27129999944008887,11.302400002023205
No Hit Detection,True,False,True,True,281,11.046599989640526,0.000200001522898674,0.0013999961083754897,0.2589999930933118,11.307199980365112
No Hit Detection,True,False,True,True,282,11.691699997754768,0.000200001522898674,0.001200009137392044,0.23769999097567052,11.930799999390729
No Hit Detection,True,False,True,True,283,10.840000002644956,0.000200001522898674,0.0015999976312741637,0.3001000004587695,11.141900002257898
No Hit Detection,True,False,True,True,284,10.272200001054443,0.000200001522898674,0.0017999991541728377,0.29409999842755497,10.56830000015907
No Hit Detection,True,False,True,True,285,10.51569999253843,0.000200001522898674,0.0017999991541728377,0.29579999682027847,10.81349999003578
No Hit Detection,True,False,True,True,286,10.811799991643056,0.000200001522898674,0.0012999953469261527,0.37540000630542636,11.188699994818307
No Hit Detection,True,False,True,True,287,10.361099994042888,0.000100000761449337,0.001500011421740055,0.2840999950421974,10.646800001268275
No Hit Detection,True,False,True,True,288,10.962100001052022,0.000200001522898674,0.001300009898841381,0.31519999902229756,11.27880001149606
No Hit Detection,True,False,True,True,289,10.927400013315491,0.000200001522898674,0.0013999961083754897,0.28670000028796494,11.21570001123473
No Hit Detection,True,False,True,True,290,10.453700000653043,0.000200001522898674,0.0015999976312741637,0.27829999453388155,10.733799994341098
No Hit Detection,True,False,True,True,291,10.196599992923439,0.000100000761449337,0.001600012183189392,0.23419999342877418,10.432499999296851
No Hit Detection,True,False,True,True,292,9.653299988713115,0.000100000761449337,0.0014999968698248267,0.2364000101806596,9.89129999652505
No Hit Detection,True,False,True,True,293,9.870800000499003,0.000200001522898674,0.0011999945854768157,0.2753000007942319,10.14749999740161
No Hit Detection,True,False,True,True,294,9.743400005390868,0.000200001522898674,0.0013999961083754897,0.2542000001994893,9.999200003221631
No Hit Detection,True,False,True,True,295,9.642899996833876,0.000200001522898674,0.0010999938240274787,0.2426999999443069,9.886899992125109
No Hit Detection,True,False,True,True,296,9.96080000186339,0.00019998697098344564,0.0014999968698248267,0.23700000019744039,10.199499985901639
No Hit Detection,True,False,True,True,297,9.810200004721992,0.000200001522898674,0.001300009898841381,0.24249999842140824,10.05420001456514
No Hit Detection,True,False,True,True,298,9.934800007613376,0.000200001522898674,0.0014999968698248267,0.3429000062169507,10.27940001222305
No Hit Detection,True,False,True,True,299,9.82740000472404,0.000100000761449337,0.001300009898841381,0.2876999933505431,10.116500008734874
No Temporal,True,True,False,True,0,9.302100006607361,0.001700012944638729,0.000100000761449337,0.2663000050233677,9.570200025336817
No Temporal,True,True,False,True,1,10.548799997195601,0.0022000021999701858,0.000200001522898674,0.27490001230034977,10.82610001321882
No Temporal,True,True,False,True,2,9.238700004061684,0.0018999999156221747,0.000100000761449337,0.2882999979192391,9.529000002657995
No Temporal,True,True,False,True,3,9.676899993792176,0.0015999976312741637,0.000100000761449337,0.2948000037577003,9.9733999959426
No Temporal,True,True,False,True,4,9.424899995792657,0.0015999976312741637,0.000200001522898674,0.2948000037577003,9.72149999870453
No Temporal,True,True,False,True,5,9.564000007230788,0.000900006853044033,0.000100000761449337,0.2702999918255955,9.835300006670877
No Temporal,True,True,False,True,6,9.774600010132417,0.0006999907782301307,0.000200001522898674,0.2491000050213188,10.024600007454865
No Temporal,True,True,False,True,7,9.774000005563721,0.0016999983927235007,0.000100000761449337,0.2930999908130616,10.068899995530955
No Temporal,True,True,False,True,8,10.02380000136327,0.0017999991541728377,0.0009999930625781417,0.27180000324733555,10.298399996827357
No Temporal,True,True,False,True,9,10.083799992571585,0.0018999999156221747,0.0009999930625781417,0.30729999707546085,10.393999982625246
No Temporal,True,True,False,True,10,9.70749999396503,0.0021000014385208488,0.0010999938240274787,0.27370000316295773,9.984399992390536
No Temporal,True,True,False,True,11,9.833100004470907,0.0016999983927235007,0.0011999945854768157,0.2810999867506325,10.11709998419974
No Temporal,True,True,False,True,12,9.307100001024082,0.002800006768666208,0.0007999915396794677,0.29000001086387783,9.600700010196306
No Temporal,True,True,False,True,13,9.410700004082173,0.0020000006770715117,0.0008999923011288047,0.27019999106414616,9.68379998812452
No Temporal,True,True,False,True,14,9.202500004903413,0.0020000006770715117,0.0007999915396794677,0.29489998996723443,9.500199987087399
No Temporal,True,True,False,True,15,9.31039999704808,0.0021999876480549574,0.000100000761449337,0.2733000001171604,9.585999985574745
No Temporal,True,True,False,True,16,9.256399993319064,0.000600004568696022,0.000200001522898674,0.23350000265054405,9.490700002061203
No Temporal,True,True,False,True,17,8.86529999843333,0.0021000014385208488,0.0011999945854768157,0.30169999809004366,9.17029999254737
No Temporal,True,True,False,True,18,8.630700001958758,0.0017999991541728377,0.000700005330145359,0.25379999715369195,8.887000003596768
No Temporal,True,True,False,True,19,8.74590000603348,0.0017999991541728377,0.0009999930625781417,0.2648000081535429,9.013500006403774
No Temporal,True,True,False,True,20,9.296700009144843,0.0023000029614195228,0.001400010660290718,0.25800000003073364,9.558400022797287
No Temporal,True,True,False,True,21,8.857499997247942,0.0016999983927235007,0.000700005330145359,0.2518999972380698,9.11179999820888
No Temporal,True,True,False,True,22,8.742999998503365,0.0018999999156221747,0.00100000761449337,0.27829999453388155,9.024200000567362
No Temporal,True,True,False,True,23,9.271400005673058,0.0018999999156221747,0.000900006853044033,0.27520000003278255,9.549400012474507
No Temporal,True,True,False,True,24,8.961700004874729,0.0018999999156221747,0.000600004568696022,0.3328000020701438,9.29700001142919
No Temporal,True,True,False,True,25,8.804799988865852,0.0021000014385208488,0.000800006091594696,0.2749999985098839,9.082699994905852
No Temporal,True,True,False,True,26,8.777600000030361,0.0026000052457675338,0.00100000761449337,0.2736000024015084,9.05480001529213
No Temporal,True,True,False,True,27,9.08740000159014,0.0018999999156221747,0.000100000761449337,0.2804000105243176,9.36980001279153
No Temporal,True,True,False,True,28,9.142800001427531,0.0006999907782301307,0.000100000761449337,0.2674999996088445,9.411099992576055
No Temporal,True,True,False,True,29,11.330200009979308,0.0009999930625781417,0.000200001522898674,0.2862999972421676,11.617700001806952
No Temporal,True,True,False,True,30,11.156299995491281,0.000800006091594696,0.000200001522898674,0.27680001221597195,11.434100015321746
No Temporal,True,True,False,True,31,14.834100002190098,0.000800006091594696,0.000100000761449337,0.29510000604204834,15.13010001508519
No Temporal,True,True,False,True,32,14.068400007090531,0.000900006853044033,0.000200001522898674,0.37969999539200217,14.449200010858476
No Temporal,True,True,False,True,33,12.207000007038005,0.0011999945854768157,0.000200001522898674,0.26559999969322234,12.474000002839603
No Temporal,True,True,False,True,34,14.053999999305233,0.0013999961083754897,0.00019998697098344564,0.360500009264797,14.41609999164939
No Temporal,True,True,False,True,35,11.656699993181974,0.000700005330145359,0.000200001522898674,0.3167000104440376,11.974300010479055
No Temporal,True,True,False,True,36,12.669300005654804,0.0007999915396794677,0.000100000761449337,0.3419999993639067,13.01219999731984
No Temporal,True,True,False,True,37,12.422300002072006,0.0021000014385208488,0.000100000761449337,0.36049999471288174,12.784999998984858
No Temporal,True,True,False,True,38,12.596299988217652,0.000800006091594696,0.000200001522898674,0.291000003926456,12.888299999758601
No Temporal,True,True,False,True,39,12.921799992909655,0.0025000044843181968,0.00100000761449337,0.33850000181701034,13.263800006825477
No Temporal,True,True,False,True,40,11.716000008163974,0.0023000029614195228,0.0007999915396794677,0.3175000019837171,12.03660000464879
No Temporal,True,True,False,True,41,10.910600001807325,0.0021000014385208488,0.0008999923011288047,0.31200000375974923,11.225599999306723
No Temporal,True,True,False,True,42,11.329999993904494,0.0018999999156221747,0.0012999953469261527,0.327600006130524,11.660799995297566
No Temporal,True,True,False,True,43,10.545999990426935,0.002800006768666208,0.000200001522898674,0.345499996910803,10.894499995629303
No Temporal,True,True,False,True,44,9.950699997716583,0.0021000014385208488,0.000200001522898674,0.275999991572462,10.228999992250465
No Temporal,True,True,False,True,45,10.01929999620188,0.0007999915396794677,0.000100000761449337,0.30780000088270754,10.327999989385717
No Temporal,True,True,False,True,46,10.186300001805648,0.001100008375942707,0.00019998697098344564,0.29460000223480165,10.482199999387376
No Temporal,True,True,False,True,47,10.290800011716783,0.00100000761449337,0.000100000761449337,0.3066000062972307,10.598500026389956
No Temporal,True,True,False,True,48,10.516800000914373,0.0017999991541728377,0.000200001522898674,0.2837999927578494,10.802599994349293
No Temporal,True,True,False,True,49,9.809800001676194,0.0026000052457675338,0.001100008375942707,0.29540000832639635,10.108900023624301
No Temporal,True,True,False,True,50,9.839099991950206,0.0018999999156221747,0.0014999968698248267,0.2781000075628981,10.120599996298552
No Temporal,True,True,False,True,51,9.54959999944549,0.010000003385357559,0.000900006853044033,0.2690999972401187,9.82960000692401
No Temporal,True,True,False,True,52,9.608699998352677,0.0016999983927235007,0.000100000761449337,0.28339998971205205,9.893899987218902
No Temporal,True,True,False,True,53,9.667899998021312,0.000900006853044033,0.00019998697098344564,0.22679999528918415,9.895799987134524
No Temporal,True,True,False,True,54,10.06020000204444,0.0008999923011288047,0.000400003045797348,0.24120000307448208,10.302700000465848
No Temporal,True,True,False,True,55,9.847699999227189,0.000800006091594696,0.000300002284348011,0.25800000003073364,10.106800007633865
No Temporal,True,True,False,True,56,10.321800000383519,0.000900006853044033,0.000100000761449337,0.25019999884534627,10.573000006843358
No Temporal,True,True,False,True,57,12.391099997330457,0.0021000014385208488,0.00100000761449337,0.31879999733064324,12.713000003714114
No Temporal,True,True,False,True,58,13.009000002057292,0.0021000014385208488,0.000900006853044033,0.37369999336078763,13.385700003709644
No Temporal,True,True,False,True,59,13.825299989548512,0.002700006007216871,0.0012999953469261527,0.3239999932702631,14.153299984172918
No Temporal,True,True,False,True,60,14.057799999136478,0.0027999922167509794,0.000100000761449337,0.36950000503566116,14.43019999715034
No Temporal,True,True,False,True,61,14.505300001474097,0.000800006091594696,0.000100000761449337,0.3252000024076551,14.831400010734797
No Temporal,True,True,False,True,62,12.600100002600811,0.000900006853044033,0.000200001522898674,0.32130000181496143,12.922500012791716
No Temporal,True,True,False,True,63,12.18610000796616,0.0007999915396794677,0.000200001522898674,0.3364000003784895,12.523500001407228
No Temporal,True,True,False,True,64,12.086399990948848,0.000900006853044033,0.000100000761449337,0.3063000040128827,12.393700002576225
No Temporal,True,True,False,True,65,10.237399998004548,0.0018999999156221747,0.000100000761449337,0.2902999985963106,10.52969999727793
No Temporal,True,True,False,True,66,9.982799994759262,0.0018999999156221747,0.000700005330145359,0.27319999935571104,10.25859999936074
No Temporal,True,True,False,True,67,10.187199994106777,0.0017999991541728377,0.00100000761449337,0.2852000034181401,10.475200004293583
No Temporal,True,True,False,True,68,10.53410000167787,0.0024000037228688598,0.0008999923011288047,0.3083000046899542,10.845700002391823
No Temporal,True,True,False,True,69,10.899699991568923,0.0023000029614195228,0.0010999938240274787,0.31180000223685056,11.21489999059122
No Temporal,True,True,False,True,70,10.813100001541898,0.0011999945854768157,0.0009999930625781417,0.3249000001233071,11.14019998931326
No Temporal,True,True,False,True,71,10.987700006808154,0.0022000021999701858,0.000100000761449337,0.3209999995306134,11.311000009300187
No Temporal,True,True,False,True,72,12.150100010330789,0.0021000014385208488,0.000100000761449337,0.2987999905599281,12.451100003090687
No Temporal,True,True,False,True,73,11.498199994093738,0.0022000021999701858,0.000100000761449337,0.3694000042742118,11.86990000132937
No Temporal,True,True,False,True,74,11.19640000979416,0.0011999945854768157,0.000200001522898674,0.3445000038482249,11.542300009750761
No Temporal,True,True,False,True,75,12.716099998215213,0.000800006091594696,0.000200001522898674,0.2769999991869554,12.994100005016662
No Temporal,True,True,False,True,76,12.451899994630367,0.000900006853044033,0.00019998697098344564,0.35539999953471124,12.808399987989105
No Temporal,True,True,False,True,77,11.629100001300685,0.001300009898841381,0.000300002284348011,0.2899999963119626,11.920700009795837
No Temporal,True,True,False,True,78,11.77960001223255,0.001200009137392044,0.000200001522898674,0.3473999968264252,12.128400019719265
No Temporal,True,True,False,True,79,11.7854999989504,0.000800006091594696,0.000100000761449337,0.2843000111170113,12.070700016920455
No Temporal,True,True,False,True,80,11.951200009207241,0.0007999915396794677,0.000300002284348011,0.4037999897263944,12.356099992757663
No Temporal,True,True,False,True,81,14.32119999662973,0.000700005330145359,0.000100000761449337,0.30690000858157873,14.628900011302903
No Temporal,True,True,False,True,82,10.559200003626756,0.00100000761449337,0.000100000761449337,0.31040000612847507,10.870700018131174
No Temporal,True,True,False,True,83,10.117300000274554,0.001100008375942707,0.000200001522898674,0.3102000046055764,10.428800014778972
No Temporal,True,True,False,True,84,12.594100000569597,0.0016999983927235007,0.000200001522898674,0.3313999914098531,12.927399991895072
No Temporal,True,True,False,True,85,12.801199991372414,0.001100008375942707,0.000100000761449337,0.255300008575432,13.057700009085238
No Temporal,True,True,False,True,86,10.390999988885596,0.0006999907782301307,0.000100000761449337,0.2986000035889447,10.69039998401422
No Temporal,True,True,False,True,87,13.138299997081049,0.0008999923011288047,0.000400003045797348,0.2666000073077157,13.40619999973569
No Temporal,True,True,False,True,88,13.226199997006916,0.000900006853044033,0.00029998773243278265,0.37179999344516546,13.599199985037558
No Temporal,True,True,False,True,89,11.216300001251511,0.0016999983927235007,0.000100000761449337,0.3023000026587397,11.520400003064424
No Temporal,True,True,False,True,90,10.853099985979497,0.000800006091594696,9.998620953410864e-05,0.25769999774638563,11.111699976027012
No Temporal,True,True,False,True,91,11.279100013780408,0.0018999999156221747,0.000200001522898674,0.2986000035889447,11.579800018807873
No Temporal,True,True,False,True,92,12.050399993313476,0.0024000037228688598,0.000100000761449337,0.3124000068055466,12.365300004603341
No Temporal,True,True,False,True,93,10.653900011675432,0.0018999999156221747,0.000700005330145359,0.2793000021483749,10.935800019069575
No Temporal,True,True,False,True,94,9.980300004826859,0.0020000006770715117,0.0010999938240274787,0.2614000113680959,10.244800010696054
No Temporal,True,True,False,True,95,9.799999999813735,0.0020000006770715117,0.000800006091594696,0.2893000055337325,10.092100012116134
No Temporal,True,True,False,True,96,9.815899989916943,0.0021000014385208488,0.0013999961083754897,0.3225000109523535,10.141899998416193
No Temporal,True,True,False,True,97,10.256300010951236,0.0020000006770715117,0.000200001522898674,0.30729999707546085,10.565800010226667
No Temporal,True,True,False,True,98,11.051800000132062,0.0020000006770715117,9.998620953410864e-05,0.28559999191202223,11.33949997893069
No Temporal,True,True,False,True,99,10.945600006380118,0.000700005330145359,0.000100000761449337,0.2660999889485538,11.212500001420267
No Temporal,True,True,False,True,100,15.83379998919554,0.0025000044843181968,0.001100008375942707,0.40299999818671495,16.240400000242516
No Temporal,True,True,False,True,101,15.257400009431876,0.0026000052457675338,0.0010999938240274787,0.4010999982710928,15.662200006772764
No Temporal,True,True,False,True,102,13.632300004246645,0.0023000029614195228,0.0011999945854768157,0.37680000241380185,14.012600004207343
No Temporal,True,True,False,True,103,12.844599987147376,0.00100000761449337,0.000200001522898674,0.3465000045252964,13.192300000810064
No Temporal,True,True,False,True,104,13.231300006737001,0.0011999945854768157,0.000100000761449337,0.3108999953838065,13.543499997467734
No Temporal,True,True,False,True,105,12.92480000120122,0.0023000029614195228,0.0008999923011288047,0.35180000122636557,13.279799997690134
No Temporal,True,True,False,True,106,17.18059999984689,0.0026000052457675338,0.001500011421740055,0.4065000102855265,17.591200026799925
No Temporal,True,True,False,True,107,10.667800001101568,0.0022000021999701858,0.0010999938240274787,0.2787000121315941,10.94980000925716
No Temporal,True,True,False,True,108,9.71939999726601,0.0026999914553016424,0.00100000761449337,0.29769999673590064,10.020799993071705
No Temporal,True,True,False,True,109,9.747699994477443,0.0020000006770715117,0.0009999930625781417,0.268599993432872,10.019299981649965
No Temporal,True,True,False,True,110,10.354800004279241,0.0022000021999701858,0.0008999923011288047,0.28649999876506627,10.644399997545406
No Temporal,True,True,False,True,111,10.122799998498522,0.0018999999156221747,0.000100000761449337,0.2868000010494143,10.411600000225008
No Temporal,True,True,False,True,112,13.769099998171441,0.001100008375942707,0.000100000761449337,0.3262000100221485,14.096500017330982
No Temporal,True,True,False,True,113,13.692000007722527,0.000900006853044033,0.000100000761449337,0.3225999971618876,14.015600012498908
No Temporal,True,True,False,True,114,13.716999994358048,0.0009999930625781417,0.000100000761449337,0.33239999902434647,14.050499987206422
No Temporal,True,True,False,True,115,13.568900001700968,0.0009999930625781417,0.000200001522898674,0.43089999235235155,14.000999988638796
No Temporal,True,True,False,True,116,13.56399999349378,0.000900006853044033,0.000200001522898674,0.35430000571068376,13.919400007580407
No Temporal,True,True,False,True,117,12.158700003055856,0.0007999915396794677,0.000100000761449337,0.30849999166093767,12.468099987017922
No Temporal,True,True,False,True,118,12.451000002329238,0.000900006853044033,0.000200001522898674,0.2982000005431473,12.750300011248328
No Temporal,True,True,False,True,119,12.334200000623241,0.0008999923011288047,0.000100000761449337,0.31069999386090785,12.645899987546727
No Temporal,True,True,False,True,120,12.110600000596605,0.0012999953469261527,0.00019998697098344564,0.37959999463055283,12.491699977545068
No Temporal,True,True,False,True,121,10.345100003178231,0.0008999923011288047,0.000100000761449337,0.27570000384002924,10.621800000080839
No Temporal,True,True,False,True,122,10.437399992952123,0.000800006091594696,0.000100000761449337,0.2860999957192689,10.724399995524436
No Temporal,True,True,False,True,123,9.574700001394376,0.0007999915396794677,0.000200001522898674,0.3156000020680949,9.89129999652505
No Temporal,True,True,False,True,124,9.969599996111356,0.000700005330145359,0.000300002284348011,0.29659998835995793,10.267199992085807
No Temporal,True,True,False,True,125,10.628199990605935,0.00100000761449337,0.000100000761449337,0.41569999302737415,11.044999992009252
No Temporal,True,True,False,True,126,16.615500004263595,0.000700005330145359,0.000200001522898674,0.3328000020701438,16.949200013186783
No Temporal,True,True,False,True,127,12.498099997173995,0.0007999915396794677,0.000200001522898674,0.40520000038668513,12.904299990623258
No Temporal,True,True,False,True,128,13.892900009523146,0.0017999991541728377,0.000100000761449337,0.3741999971680343,14.269000006606802
No Temporal,True,True,False,True,129,13.03590000316035,0.0008999923011288047,0.000200001522898674,0.41340000461786985,13.450400001602247
No Temporal,True,True,False,True,130,12.76480000524316,0.0045000051613897085,0.00019998697098344564,0.457199988886714,13.226699986262247
No Temporal,True,True,False,True,131,12.330500001553446,0.001200009137392044,0.00019998697098344564,0.41120000241789967,12.743100000079721
No Temporal,True,True,False,True,132,12.308199991821311,0.00100000761449337,0.00019998697098344564,0.40860001172404736,12.717999998130836
No Temporal,True,True,False,True,133,10.333199999877252,0.001200009137392044,0.000100000761449337,0.3524999920045957,10.687000001780689
No Temporal,True,True,False,True,134,13.24190000013914,0.000700005330145359,0.000100000761449337,0.33850000181701034,13.581200008047745
No Temporal,True,True,False,True,135,16.489200002979487,0.0018999999156221747,0.000100000761449337,0.3197999903932214,16.81099999404978
No Temporal,True,True,False,True,136,16.61910000257194,0.000800006091594696,0.000100000761449337,0.44180000259075314,17.061800012015738
No Temporal,True,True,False,True,137,11.380999989341944,0.001200009137392044,0.000200001522898674,0.34840000444091856,11.730800004443154
No Temporal,True,True,False,True,138,16.13589999033138,0.000900006853044033,9.998620953410864e-05,0.39310001011472195,16.52999999350868
No Temporal,True,True,False,True,139,16.514799994183704,0.000900006853044033,0.000100000761449337,0.2769999991869554,16.792800000985153
No Temporal,True,True,False,True,140,15.23450000968296,0.0008999923011288047,0.000100000761449337,0.2750999992713332,15.510600002016872
No Temporal,True,True,False,True,141,15.314899996155873,0.0013999961083754897,0.000200001522898674,0.2671000111149624,15.58360000490211
No Temporal,True,True,False,True,142,16.3990000000922,0.000600004568696022,0.000200001522898674,0.26840000646188855,16.668200012645684
No Temporal,True,True,False,True,143,17.515799991087988,0.0017999991541728377,0.00019998697098344564,0.3453999961493537,17.863199973362498
No Temporal,True,True,False,True,144,16.136400008690543,0.0007999915396794677,0.000100000761449337,0.2662999904714525,16.403599991463125
No Temporal,True,True,False,True,145,14.7374999942258,0.000700005330145359,0.000100000761449337,0.2693999995244667,15.007699999841861
No Temporal,True,True,False,True,146,17.084400009480305,0.000900006853044033,0.000100000761449337,0.2733000001171604,17.35870001721196
No Temporal,True,True,False,True,147,14.569899998605251,0.0018999999156221747,0.000800006091594696,0.27829999453388155,14.85089999914635
No Temporal,True,True,False,True,148,16.72349999716971,0.0020000006770715117,0.0013999961083754897,0.32500000088475645,17.051899994839914
No Temporal,True,True,False,True,149,17.20660000864882,0.0017999991541728377,0.0010999938240274787,0.3212000010535121,17.530700002680533
No Temporal,True,True,False,True,150,9.873699993477203,0.0021000014385208488,0.0013999961083754897,0.3015999973285943,10.178799988352694
No Temporal,True,True,False,True,151,9.59780000266619,0.0018999999156221747,0.000800006091594696,0.28569999267347157,9.886200001346879
No Temporal,True,True,False,True,152,9.380200004670769,0.0023999891709536314,0.000900006853044033,0.27749998844228685,9.660999989137053
No Temporal,True,True,False,True,153,9.198399988235906,0.0017999991541728377,0.000900006853044033,0.2707999956328422,9.471899989875965
No Temporal,True,True,False,True,154,9.150800004135817,0.0020000006770715117,0.000100000761449337,0.2906000008806586,9.443500006454997
No Temporal,True,True,False,True,155,9.565000000293367,0.0016999983927235007,0.000200001522898674,0.28810001094825566,9.855000011157244
No Temporal,True,True,False,True,156,9.464700007811189,0.000800006091594696,0.000100000761449337,0.24090000079013407,9.706500015454367
No Temporal,True,True,False,True,157,9.295099996961653,0.001200009137392044,0.000100000761449337,0.24030001077335328,9.536700017633848
No Temporal,True,True,False,True,158,8.899699998437427,0.000800006091594696,0.000100000761449337,0.22950000129640102,9.130100006586872
No Temporal,True,True,False,True,159,8.971900009782985,0.000600004568696022,0.000100000761449337,0.23950000468175858,9.212100019794889
No Temporal,True,True,False,True,160,9.027099993545562,0.000700005330145359,0.000100000761449337,0.2506000018911436,9.2785000015283
No Temporal,True,True,False,True,161,8.906999995815568,0.0006999907782301307,0.000100000761449337,0.2359000063734129,9.14369999372866
No Temporal,True,True,False,True,162,9.057500006747432,0.000800006091594696,9.998620953410864e-05,0.24809999740682542,9.306499996455386
No Temporal,True,True,False,True,163,8.827999990899116,0.0007999915396794677,0.000100000761449337,0.28449999808799475,9.11339998128824
No Temporal,True,True,False,True,164,9.22819999686908,0.0007999915396794677,0.000100000761449337,0.28619999648071826,9.515299985650927
No Temporal,True,True,False,True,165,8.991599999717437,0.0009999930625781417,0.000100000761449337,0.29350000841077417,9.286200001952238
No Temporal,True,True,False,True,166,9.077499998966232,0.0007999915396794677,0.000100000761449337,0.32029999420046806,9.398699985467829
No Temporal,True,True,False,True,167,9.603400001651607,0.000600004568696022,0.000200001522898674,0.30500000866595656,9.909200016409159
No Temporal,True,True,False,True,168,9.789500007173046,0.000700005330145359,0.000100000761449337,0.29999999969732016,10.090300012961961
No Temporal,True,True,False,True,169,9.935499998391606,0.000800006091594696,0.000100000761449337,0.28240001120138913,10.218800016446039
No Temporal,True,True,False,True,170,9.951699990779161,0.0008999923011288047,0.000100000761449337,0.3301999968243763,10.282899980666116
No Temporal,True,True,False,True,171,9.893300011754036,0.0006999907782301307,0.000100000761449337,0.2334000018890947,10.12750000518281
No Temporal,True,True,False,True,172,10.452500006067567,0.000800006091594696,0.000100000761449337,0.23910000163596123,10.692500014556572
No Temporal,True,True,False,True,173,10.874700004933402,0.001100008375942707,0.000100000761449337,0.28639999800361693,11.162300012074411
No Temporal,True,True,False,True,174,10.242499993182719,0.000800006091594696,0.000200001522898674,0.2666999935172498,10.510199994314462
No Temporal,True,True,False,True,175,10.91929999529384,0.000900006853044033,0.000100000761449337,0.2631999959703535,11.183499998878688
No Temporal,True,True,False,True,176,10.2513000019826,0.000800006091594696,0.000200001522898674,0.24040001153480262,10.492700021131895
No Temporal,True,True,False,True,177,10.373400000389665,0.0018999999156221747,0.000100000761449337,0.3291999892098829,10.70459999027662
No Temporal,True,True,False,True,178,10.016000000177883,0.000800006091594696,0.000100000761449337,0.2855000057024881,10.302400012733415
No Temporal,True,True,False,True,179,9.8201000073459,0.0013999961083754897,0.000200001522898674,0.20039999799337238,10.022100002970546
No Temporal,True,True,False,True,180,10.312099999282509,0.0007999915396794677,0.000300002284348011,0.2556999970693141,10.56889999017585
No Temporal,True,True,False,True,181,11.275800003204495,0.000700005330145359,0.000100000761449337,0.3271000023232773,11.603700011619367
No Temporal,True,True,False,True,182,11.902400001417845,0.0022000021999701858,0.0011999945854768157,0.331900009769015,12.237700007972308
No Temporal,True,True,False,True,183,11.970399995334446,0.0020000006770715117,0.0009999930625781417,0.3158000035909936,12.28919999266509
No Temporal,True,True,False,True,184,11.38599999831058,0.0025000044843181968,0.0009999930625781417,0.3412000078242272,11.730700003681704
No Temporal,True,True,False,True,185,11.000099999364465,0.0021000014385208488,0.000800006091594696,0.39849999302532524,11.401499999919906
No Temporal,True,True,False,True,186,10.2030999987619,0.003300010575912893,0.001100008375942707,0.3127999952994287,10.520300013013184
No Temporal,True,True,False,True,187,9.912099994835444,0.0020000006770715117,0.001100008375942707,0.29009999707341194,10.20530000096187
No Temporal,True,True,False,True,188,12.1625000028871,0.001900014467537403,0.000900006853044033,0.32639999699313194,12.491700021200813
No Temporal,True,True,False,True,189,9.708199999295175,0.0023999891709536314,0.000700005330145359,0.3083000046899542,10.019599998486228
No Temporal,True,True,False,True,190,10.001200003898703,0.001900014467537403,0.000800006091594696,0.2860999957192689,10.290000020177104
No Temporal,True,True,False,True,191,10.039600005256943,0.000700005330145359,0.000200001522898674,0.3268000000389293,10.367300012148917
No Temporal,True,True,False,True,192,12.382900007651187,0.000700005330145359,0.000100000761449337,0.26810000417754054,12.651800017920323
No Temporal,True,True,False,True,193,11.096300004282966,0.0007999915396794677,0.000300002284348011,0.3049000079045072,11.402300006011501
No Temporal,True,True,False,True,194,10.047900010249577,0.0007999915396794677,0.000200001522898674,0.25610000011511147,10.305000003427267
No Temporal,True,True,False,True,195,9.585499996319413,0.0008999923011288047,0.000300002284348011,0.25009999808389693,9.836799988988787
No Temporal,True,True,False,True,196,9.706299999379553,0.000800006091594696,0.000100000761449337,0.26339999749325216,9.970600003725849
No Temporal,True,True,False,True,197,9.678100002929568,0.000800006091594696,0.000100000761449337,0.3536000003805384,10.03260001016315
No Temporal,True,True,False,True,198,9.836600002017803,0.000600004568696022,9.998620953410864e-05,0.271699987933971,10.108999980730005
No Temporal,True,True,False,True,199,9.580400001141243,0.0010999938240274787,0.000200001522898674,0.26250000519212335,9.844200001680292
No Temporal,True,True,False,True,200,9.778899999218993,0.000700005330145359,0.000100000761449337,0.25779999850783497,10.037500003818423
No Temporal,True,True,False,True,201,10.325000010197982,0.0009999930625781417,0.000100000761449337,0.26790000265464187,10.594000006676652
No Temporal,True,True,False,True,202,10.393000004114583,0.00100000761449337,0.00019998697098344564,0.3254000039305538,10.719600002630614
No Temporal,True,True,False,True,203,9.933599998475984,0.001400010660290718,0.000200001522898674,0.3361999988555908,10.271400009514764
No Temporal,True,True,False,True,204,9.681299998192117,0.0007999915396794677,0.000100000761449337,0.3102000046055764,9.992399995098822
No Temporal,True,True,False,True,205,9.30520000110846,0.00100000761449337,0.00019998697098344564,0.35339999885763973,9.659799994551577
No Temporal,True,True,False,True,206,9.48659999994561,0.000800006091594696,0.000100000761449337,0.3176000027451664,9.805100009543821
No Temporal,True,True,False,True,207,9.747000003699213,0.000800006091594696,0.000100000761449337,0.2705999941099435,10.0185000046622
No Temporal,True,True,False,True,208,9.817099999054335,0.0007999915396794677,0.000100000761449337,0.25460000324528664,10.07259999460075
No Temporal,True,True,False,True,209,9.54230000206735,0.000900006853044033,0.000100000761449337,0.2747000107774511,9.818000020459294
No Temporal,True,True,False,True,210,9.418499990715645,0.000700005330145359,0.000100000761449337,0.2521999995224178,9.671499996329658
No Temporal,True,True,False,True,211,9.519800005364232,0.000900006853044033,0.000100000761449337,0.25579999783076346,9.776600010809489
No Temporal,True,True,False,True,212,10.010400001192465,0.0006999907782301307,0.000200001522898674,0.26169999910052866,10.272999992594123
No Temporal,True,True,False,True,213,9.747499992954545,0.0018999999156221747,0.000300002284348011,0.2832000027410686,10.032899997895584
No Temporal,True,True,False,True,214,9.436100008315407,0.000600004568696022,0.000100000761449337,0.2564000023994595,9.693200016045012
No Temporal,True,True,False,True,215,9.843100007856265,0.0016999983927235007,0.000100000761449337,0.31870001112110913,10.163600018131547
No Temporal,True,True,False,True,216,9.512899996479973,0.0022000021999701858,0.000800006091594696,0.3281999961473048,9.844100000918843
No Temporal,True,True,False,True,217,10.175499992328696,0.0017999991541728377,0.0006999907782301307,0.32210000790655613,10.500099990167655
No Temporal,True,True,False,True,218,10.045399991213344,0.0018999999156221747,0.000900006853044033,0.3071999963140115,10.355399994296022
No Temporal,True,True,False,True,219,9.600600009434856,0.0018999999156221747,0.000900006853044033,0.28959999326616526,9.893000009469688
No Temporal,True,True,False,True,220,9.810600007767789,0.0020000006770715117,0.000900006853044033,0.2986000035889447,10.11210001888685
No Temporal,True,True,False,True,221,12.659200001507998,0.0023000029614195228,0.001700012944638729,0.3057000139961019,12.968900031410158
No Temporal,True,True,False,True,222,15.92510000045877,0.0024000037228688598,0.0014999968698248267,0.36099999852012843,16.28999999957159
No Temporal,True,True,False,True,223,15.555000005406328,0.0018999999156221747,0.0010999938240274787,0.31800000579096377,15.876000004936941
No Temporal,True,True,False,True,224,16.657200001645833,0.0018999999156221747,0.001200009137392044,0.3217000048607588,16.982000015559606
No Temporal,True,True,False,True,225,14.336899999761954,0.000800006091594696,0.000200001522898674,0.43369999912101775,14.771600006497465
No Temporal,True,True,False,True,226,14.700100000482053,0.000900006853044033,9.998620953410864e-05,0.30920001154299825,15.010300005087629
No Temporal,True,True,False,True,227,15.930000008665957,0.00100000761449337,0.000100000761449337,0.33179999445565045,16.26290001149755
No Temporal,True,True,False,True,228,15.824500005692244,0.000800006091594696,0.000200001522898674,0.3065000055357814,16.13200001884252
No Temporal,True,True,False,True,229,14.188200002536178,0.0010999938240274787,0.000100000761449337,0.4305000038584694,14.619900000980124
No Temporal,True,True,False,True,230,14.684699999634176,0.000700005330145359,0.000200001522898674,0.3166999958921224,15.002300002379343
No Temporal,True,True,False,True,231,15.667100000428036,0.0007999915396794677,0.000100000761449337,0.3257000062149018,15.993699998944066
No Temporal,True,True,False,True,232,15.589699993142858,0.0011999945854768157,0.000100000761449337,0.3733000048669055,15.96429999335669
No Temporal,True,True,False,True,233,14.965599999413826,0.0008999923011288047,0.000100000761449337,0.302100001135841,15.268699993612245
No Temporal,True,True,False,True,234,9.725199997774325,0.0007999915396794677,0.000200001522898674,0.2810000005410984,10.007199991378002
No Temporal,True,True,False,True,235,9.597199998097494,0.000800006091594696,0.000200001522898674,0.24670000129844993,9.844900007010438
No Temporal,True,True,False,True,236,9.741799993207678,0.000700005330145359,0.00019998697098344564,0.2894000062951818,10.032099991803989
No Temporal,True,True,False,True,237,9.556499993777834,0.000700005330145359,0.000100000761449337,0.3015000111190602,9.858800010988489
No Temporal,True,True,False,True,238,9.57340000604745,0.000800006091594696,0.000200001522898674,0.2997999981744215,9.874200011836365
No Temporal,True,True,False,True,239,9.835299992118962,0.000700005330145359,0.000100000761449337,0.24529999063815922,10.081399988848716
No Temporal,True,True,False,True,240,9.702300012577325,0.000700005330145359,0.000100000761449337,0.268299991148524,9.971400009817444
No Temporal,True,True,False,True,241,9.66159999370575,0.000700005330145359,0.00019998697098344564,0.2539999986765906,9.916499984683469
No Temporal,True,True,False,True,242,9.700299997348338,0.000700005330145359,0.000200001522898674,0.29799999902024865,9.999200003221631
No Temporal,True,True,False,True,243,9.556100005283952,0.0020999868866056204,0.000100000761449337,0.3495999990263954,9.907899991958402
No Temporal,True,True,False,True,244,9.930800006259233,0.0022000021999701858,0.0009999930625781417,0.37510000402107835,10.30910000554286
No Temporal,True,True,False,True,245,10.382100008428097,0.0022000021999701858,0.0009999930625781417,0.3080000024056062,10.693300006096251
No Temporal,True,True,False,True,246,10.086999987834133,0.0022000021999701858,0.000800006091594696,0.3218000056222081,10.411800001747906
No Temporal,True,True,False,True,247,10.511700005736202,0.0024000037228688598,0.0007999915396794677,0.28839999868068844,10.803299999679439
No Temporal,True,True,False,True,248,10.163999992073514,0.0021000014385208488,0.0012999953469261527,0.28469999961089343,10.452099988469854
No Temporal,True,True,False,True,249,9.772200006409548,0.0020000006770715117,0.00100000761449337,0.2739000046858564,10.04910001938697
No Temporal,True,True,False,True,250,11.690100000123493,0.002800006768666208,0.001200009137392044,0.5036000075051561,12.197700023534708
No Temporal,True,True,False,True,251,13.67749999917578,0.0021000014385208488,0.001200009137392044,0.42860000394284725,14.10940001369454
No Temporal,True,True,False,True,252,11.833099997602403,0.00100000761449337,0.000100000761449337,0.31909999961499125,12.153300005593337
No Temporal,True,True,False,True,253,11.849700007587671,0.0018999999156221747,0.00100000761449337,0.3037999995285645,12.156400014646351
No Temporal,True,True,False,True,254,20.663600007537752,0.0022000021999701858,0.0010999938240274787,0.3549999964889139,21.021900000050664
No Temporal,True,True,False,True,255,11.589800007641315,0.0007999915396794677,0.000100000761449337,0.3324999997857958,11.92319999972824
No Temporal,True,True,False,True,256,11.50989999587182,0.0020000006770715117,0.000200001522898674,0.3446000046096742,11.856700002681464
No Temporal,True,True,False,True,257,12.660699998377822,0.0018999999156221747,0.000200001522898674,0.34610000147949904,13.008900001295842
No Temporal,True,True,False,True,258,11.975600005825981,0.0008999923011288047,0.000100000761449337,0.30869999318383634,12.285299992072396
No Temporal,True,True,False,True,259,12.352400008239783,0.0017999991541728377,0.000100000761449337,0.3040000010514632,12.658300009206869
No Temporal,True,True,False,True,260,9.94899999932386,0.0006999907782301307,0.000100000761449337,0.25440000172238797,10.204199992585927
No Temporal,True,True,False,True,261,14.149599999655038,0.0008999923011288047,0.000100000761449337,0.3163999936077744,14.46699998632539
No Temporal,True,True,False,True,262,15.793700003996491,0.0024000037228688598,0.00100000761449337,0.3645999968284741,16.161700012162328
No Temporal,True,True,False,True,263,13.940399992861785,0.0029999937396496534,0.0010999938240274787,0.3524000057950616,14.296899986220524
No Temporal,True,True,False,True,264,14.138300000922754,0.002700006007216871,0.001100008375942707,0.3147999959765002,14.456900011282414
No Temporal,True,True,False,True,265,16.946300005656667,0.0034999975468963385,0.0017999991541728377,0.41370000690221786,17.365300009259954
No Temporal,True,True,False,True,266,14.628400007495657,0.002800006768666208,0.002700006007216871,0.42219999886583537,15.056100019137375
No Temporal,True,True,False,True,267,11.113799992017448,0.0008999923011288047,0.000200001522898674,0.3597999893827364,11.474699975224212
No Temporal,True,True,False,True,268,10.550799997872673,0.001500011421740055,0.000100000761449337,0.2792000013869256,10.831600011442788
No Temporal,True,True,False,True,269,10.952199998428114,0.000700005330145359,0.000100000761449337,0.2884999994421378,11.241500003961846
No Temporal,True,True,False,True,270,11.132999992696568,0.000900006853044033,0.000100000761449337,0.26790000265464187,11.401900002965704
No Temporal,True,True,False,True,271,10.742499987827614,0.0012999953469261527,0.000200001522898674,0.32720000308472663,11.071199987782165
No Temporal,True,True,False,True,272,10.904799986747093,0.000700005330145359,9.998620953410864e-05,0.2750999992713332,11.180699977558106
No Temporal,True,True,False,True,273,11.212199999135919,0.00100000761449337,0.000100000761449337,0.2685000072233379,11.4818000147352
No Temporal,True,True,False,True,274,12.010099992039613,0.000800006091594696,0.000100000761449337,0.26620000426191837,12.277200003154576
No Temporal,True,True,False,True,275,15.34709999396,0.0015999976312741637,0.000200001522898674,0.26590000197757035,15.614799995091744
No Temporal,True,True,False,True,276,12.60849999380298,0.0021000014385208488,0.000200001522898674,0.2986999897984788,12.909499986562878
No Temporal,True,True,False,True,277,12.589400008437224,0.0020000006770715117,0.0012999953469261527,0.30339999648276716,12.896100000943989
No Temporal,True,True,False,True,278,11.326699997880496,0.0006999907782301307,0.000200001522898674,0.28989999555051327,11.617499985732138
No Temporal,True,True,False,True,279,11.853300005896017,0.0011999945854768157,0.000200001522898674,0.40979999175760895,12.264499993762001
No Temporal,True,True,False,True,280,12.026600001263432,0.0025000044843181968,0.0013999961083754897,0.3324999997857958,12.363000001641922
No Temporal,True,True,False,True,281,11.4735999959521,0.0022000021999701858,0.001200009137392044,0.302400003420189,11.77940001070965
No Temporal,True,True,False,True,282,10.741999998572282,0.0009999930625781417,0.000200001522898674,0.25779999850783497,11.000999991665594
No Temporal,True,True,False,True,283,10.434199997689575,0.0026000052457675338,0.001300009898841381,0.29260000155773014,10.730700014391914
No Temporal,True,True,False,True,284,11.046100000385195,0.0023000029614195228,0.0011999945854768157,0.30590000096708536,11.355499998899177
No Temporal,True,True,False,True,285,10.905699993600138,0.0020999868866056204,0.000900006853044033,0.29919999360572547,11.207899980945513
No Temporal,True,True,False,True,286,22.064399992814288,0.0013999961083754897,0.0012999953469261527,0.36589999217540026,22.43299997644499
No Temporal,True,True,False,True,287,9.988200006773695,0.0016999983927235007,0.00100000761449337,0.2859000087482855,10.276800021529198
No Temporal,True,True,False,True,288,10.760799996205606,0.0017999991541728377,0.0007999915396794677,0.31599999056197703,11.079399977461435
No Temporal,True,True,False,True,289,9.909000000334345,0.0020000006770715117,0.000200001522898674,0.29460000223480165,10.205800004769117
No Temporal,True,True,False,True,290,9.793699995498173,0.0018999999156221747,9.998620953410864e-05,0.27949998911935836,10.075199970742688
No Temporal,True,True,False,True,291,10.146200002054684,0.000700005330145359,0.000100000761449337,0.2552999940235168,10.402300002169795
No Temporal,True,True,False,True,292,10.205800004769117,0.000600004568696022,0.000100000761449337,0.25460000324528664,10.461100013344549
No Temporal,True,True,False,True,293,9.792199998628348,0.000700005330145359,0.000100000761449337,0.30089999199844897,10.093899996718392
No Temporal,True,True,False,True,294,9.933300010743551,0.000600004568696022,0.000100000761449337,0.27520000003278255,10.209200016106479
No Temporal,True,True,False,True,295,10.304199997335672,0.000800006091594696,0.000100000761449337,0.2690999972401187,10.574200001428835
No Temporal,True,True,False,True,296,13.404800003627315,0.0007999915396794677,0.000300002284348011,0.265800001216121,13.671699998667464
No Temporal,True,True,False,True,297,10.985100001562387,0.0006999907782301307,0.000100000761449337,0.33239999902434647,11.318299992126413
No Temporal,True,True,False,True,298,10.718499994254671,0.000900006853044033,0.000100000761449337,0.31600000511389226,11.035500006983057
No Temporal,True,True,False,True,299,10.819999995874241,0.0008999923011288047,0.000200001522898674,0.3099000023212284,11.130999992019497
No Overlay,True,True,True,False,0,10.940299995127134,0.0019999861251562834,0.0014999968698248267,0.000200001522898674,10.943999979645014
No Overlay,True,True,True,False,1,12.989399998332374,0.0021999876480549574,0.0017999991541728377,0.000100000761449337,12.993499985896051
No Overlay,True,True,True,False,2,12.113799995859154,0.0029999937396496534,0.0021999876480549574,0.000200001522898674,12.119199978769757
No Overlay,True,True,True,False,3,12.261699986993335,0.0022000021999701858,0.0014999968698248267,0.000100000761449337,12.26549998682458
No Overlay,True,True,True,False,4,12.38040000316687,0.0023000029614195228,0.0016999983927235007,9.998620953410864e-05,12.384499990730546
No Overlay,True,True,True,False,5,10.891500001889654,0.0006999907782301307,0.0013999961083754897,0.000100000761449337,10.893699989537708
No Overlay,True,True,True,False,6,10.61650000337977,0.0010999938240274787,0.0012999953469261527,0.000100000761449337,10.618999993312173
No Overlay,True,True,True,False,7,10.583900002529845,0.001800013706088066,0.002700006007216871,0.000100000761449337,10.588500023004599
No Overlay,True,True,True,False,8,10.445899999467656,0.0020000006770715117,0.0018999999156221747,0.000100000761449337,10.449900000821799
No Overlay,True,True,True,False,9,10.417699988465756,0.0026999914553016424,0.0025000044843181968,0.000200001522898674,10.423099985928275
No Overlay,True,True,True,False,10,12.022800001432188,0.0022000021999701858,0.0021000014385208488,0.000100000761449337,12.027200005832128
No Overlay,True,True,True,False,11,13.584500004071742,0.003000008291564882,0.0024000037228688598,0.000100000761449337,13.590000016847625
No Overlay,True,True,True,False,12,12.972899989108555,0.0023000029614195228,0.0018999999156221747,0.000100000761449337,12.977199992747046
No Overlay,True,True,True,False,13,11.138699992443435,0.0021000014385208488,0.0016999983927235007,0.000100000761449337,11.142599993036129
No Overlay,True,True,True,False,14,13.195499996072613,0.0026000052457675338,0.0018999999156221747,0.0,13.200000001234002
No Overlay,True,True,True,False,15,10.594799998216331,0.0026000052457675338,0.004399989848025143,0.000100000761449337,10.601899994071573
No Overlay,True,True,True,False,16,10.454900009790435,0.0009999930625781417,0.0011999945854768157,0.000100000761449337,10.45719999819994
No Overlay,True,True,True,False,17,10.310700003174134,0.0023000029614195228,0.0020999868866056204,0.000100000761449337,10.315199993783608
No Overlay,True,True,True,False,18,10.568800003966317,0.002700006007216871,0.0033999967854470015,0.000100000761449337,10.57500000752043
No Overlay,True,True,True,False,19,10.19859999360051,0.0020000006770715117,0.0014999968698248267,0.0,10.202099991147406
No Overlay,True,True,True,False,20,9.681799987447448,0.0020000006770715117,0.001700012944638729,0.000100000761449337,9.685600001830608
No Overlay,True,True,True,False,21,9.891900001093745,0.0016999983927235007,0.0021000014385208488,0.000100000761449337,9.895800001686439
No Overlay,True,True,True,False,22,9.863699990091845,0.0026999914553016424,0.0014999968698248267,0.000100000761449337,9.867999979178421
No Overlay,True,True,True,False,23,10.605099989334121,0.0022000021999701858,0.0015999976312741637,0.0,10.608899989165366
No Overlay,True,True,True,False,24,9.973799998988397,0.0023000029614195228,0.0042000028770416975,9.998620953410864e-05,9.980399991036393
No Overlay,True,True,True,False,25,10.151599999517202,0.0017999991541728377,0.0014999968698248267,0.000100000761449337,10.15499999630265
No Overlay,True,True,True,False,26,10.394600001745857,0.001800013706088066,0.0013999961083754897,0.000100000761449337,10.39790001232177
No Overlay,True,True,True,False,27,9.59490000968799,0.0016999983927235007,0.0017999991541728377,0.000200001522898674,9.598600008757785
No Overlay,True,True,True,False,28,9.60760000452865,0.0007999915396794677,0.0022000021999701858,0.000100000761449337,9.610699999029748
No Overlay,True,True,True,False,29,14.406200003577396,0.0008999923011288047,0.0025999906938523054,0.000100000761449337,14.409799987333827
No Overlay,True,True,True,False,30,16.202400001930073,0.00100000761449337,0.0046000059228390455,0.000100000761449337,16.208100016228855
No Overlay,True,True,True,False,31,10.634799997205846,0.0007999915396794677,0.0014999968698248267,0.000100000761449337,10.6371999863768
No Overlay,True,True,True,False,32,10.652699987986125,0.0007999915396794677,0.0013999961083754897,0.000100000761449337,10.65499997639563
No Overlay,True,True,True,False,33,10.743499995442107,0.0007999915396794677,0.0017999991541728377,9.998620953410864e-05,10.746199972345494
No Overlay,True,True,True,False,34,10.919099993770942,0.00100000761449337,0.0018999999156221747,0.000200001522898674,10.922200002823956
No Overlay,True,True,True,False,35,12.051099998643622,0.0009999930625781417,0.0017999991541728377,0.000100000761449337,12.053999991621822
No Overlay,True,True,True,False,36,12.639699998544529,0.0008999923011288047,0.0018999999156221747,0.000200001522898674,12.642699992284179
No Overlay,True,True,True,False,37,13.84929999767337,0.0006999907782301307,0.0016999983927235007,0.000100000761449337,13.851799987605773
No Overlay,True,True,True,False,38,11.587200002395548,0.0007999915396794677,0.0013999961083754897,0.000100000761449337,11.589499990805052
No Overlay,True,True,True,False,39,11.3400999980513,0.0021999876480549574,0.006300004315562546,9.998620953410864e-05,11.348699976224452
No Overlay,True,True,True,False,40,11.580799997318536,0.0025000044843181968,0.001600012183189392,0.000100000761449337,11.585000014747493
No Overlay,True,True,True,False,41,12.000400005490519,0.0020000006770715117,0.0018999999156221747,0.0,12.004300006083213
No Overlay,True,True,True,False,42,12.171200010925531,0.0021000014385208488,0.0016999983927235007,0.000100000761449337,12.175100011518225
No Overlay,True,True,True,False,43,11.890499998116866,0.002700006007216871,0.0040000013541430235,0.000100000761449337,11.897300006239675
No Overlay,True,True,True,False,44,12.06770000862889,0.0016999983927235007,0.0016999983927235007,0.000100000761449337,12.071200006175786
No Overlay,True,True,True,False,45,10.665100009646267,0.0010999938240274787,0.0016999983927235007,0.000600004568696022,10.668500006431714
No Overlay,True,True,True,False,46,10.041600005934015,0.0009999930625781417,0.0020999868866056204,0.000100000761449337,10.044799986644648
No Overlay,True,True,True,False,47,10.740500001702458,0.00100000761449337,0.0016999983927235007,0.000100000761449337,10.743300008471124
No Overlay,True,True,True,False,48,12.228000006871298,0.0021000014385208488,0.0014999968698248267,0.000100000761449337,12.231700005941093
No Overlay,True,True,True,False,49,11.923900005058385,0.0026000052457675338,0.0037999998312443495,0.000100000761449337,11.930400010896847
No Overlay,True,True,True,False,50,12.845200006267987,0.0020000006770715117,0.001400010660290718,0.0,12.84860001760535
No Overlay,True,True,True,False,51,12.159599995356984,0.0022000021999701858,0.0018999999156221747,9.998620953410864e-05,12.163799983682111
No Overlay,True,True,True,False,52,13.690699997823685,0.0017999991541728377,0.0039000005926936865,9.998620953410864e-05,13.696499983780086
No Overlay,True,True,True,False,53,12.639199994737282,0.000700005330145359,0.0012999953469261527,0.000300002284348011,12.641499997698702
No Overlay,True,True,True,False,54,9.812000003876165,0.0009999930625781417,0.0013999961083754897,0.000100000761449337,9.814499993808568
No Overlay,True,True,True,False,55,9.67710000986699,0.000900006853044033,0.001300009898841381,0.000100000761449337,9.679400027380325
No Overlay,True,True,True,False,56,9.240300001692958,0.000700005330145359,0.0010999938240274787,0.000100000761449337,9.24220000160858
No Overlay,True,True,True,False,57,9.350200009066612,0.0020000006770715117,0.0018999999156221747,0.000100000761449337,9.354200010420755
No Overlay,True,True,True,False,58,9.710600003018044,0.0017999991541728377,0.001500011421740055,9.998620953410864e-05,9.713999999803491
No Overlay,True,True,True,False,59,9.403300005942583,0.0017999991541728377,0.0020000006770715117,0.000100000761449337,9.407200006535277
No Overlay,True,True,True,False,60,9.688899997854605,0.001800013706088066,0.0036999990697950125,0.000100000761449337,9.694500011391938
No Overlay,True,True,True,False,61,9.791500007850118,0.00100000761449337,0.001400010660290718,0.000200001522898674,9.7941000276478
No Overlay,True,True,True,False,62,9.752300000400282,0.001100008375942707,0.0012999953469261527,0.000100000761449337,9.7548000048846
No Overlay,True,True,True,False,63,10.168799999519251,0.0006999907782301307,0.0013999961083754897,0.000200001522898674,10.171099987928756
No Overlay,True,True,True,False,64,9.671299994806759,0.000800006091594696,0.001300009898841381,0.000300002284348011,9.673700013081543
No Overlay,True,True,True,False,65,10.309700010111555,0.0017999991541728377,0.0010999938240274787,0.000100000761449337,10.312700003851205
No Overlay,True,True,True,False,66,9.490299999015406,0.0020000006770715117,0.0018999999156221747,0.000100000761449337,9.494300000369549
No Overlay,True,True,True,False,67,9.91779999458231,0.0017999991541728377,0.0016999983927235007,9.998620953410864e-05,9.92139997833874
No Overlay,True,True,True,False,68,9.776799997780472,0.0022000021999701858,0.0014999968698248267,0.000100000761449337,9.780599997611716
No Overlay,True,True,True,False,69,10.018799992394634,0.0017999991541728377,0.0021000014385208488,0.000100000761449337,10.022799993748777
No Overlay,True,True,True,False,70,10.056300001451746,0.001200009137392044,0.0020000006770715117,0.000100000761449337,10.059600012027659
No Overlay,True,True,True,False,71,9.887599997455254,0.0023000029614195228,0.0036999990697950125,0.000100000761449337,9.893700000247918
No Overlay,True,True,True,False,72,12.012299994239584,0.0021000014385208488,0.001600012183189392,0.000100000761449337,12.016100008622743
No Overlay,True,True,True,False,73,11.985199991613626,0.0020000006770715117,0.0015999976312741637,0.000100000761449337,11.988899990683421
No Overlay,True,True,True,False,74,12.380900006974116,0.000800006091594696,0.0016999983927235007,0.000400003045797348,12.383800014504232
No Overlay,True,True,True,False,75,12.162799990619533,0.000800006091594696,0.0017999991541728377,0.000200001522898674,12.165599997388199
No Overlay,True,True,True,False,76,10.492699992028065,0.0008999923011288047,0.0012999953469261527,0.000100000761449337,10.49499998043757
No Overlay,True,True,True,False,77,10.04740000644233,0.000800006091594696,0.0012999953469261527,0.0,10.049500007880852
No Overlay,True,True,True,False,78,9.761599998455495,0.00100000761449337,0.001300009898841381,0.000100000761449337,9.764000016730279
No Overlay,True,True,True,False,79,9.51790000544861,0.000800006091594696,0.0025000044843181968,0.000100000761449337,9.521300016785972
No Overlay,True,True,True,False,80,10.20540000172332,0.000700005330145359,0.0014999968698248267,0.000200001522898674,10.207800005446188
No Overlay,True,True,True,False,81,9.479000000283122,0.0006999907782301307,0.0012999953469261527,0.000100000761449337,9.481099987169728
No Overlay,True,True,True,False,82,9.397300003911369,0.000600004568696022,0.0014999968698248267,0.000100000761449337,9.399500006111339
No Overlay,True,True,True,False,83,9.370700005092658,0.000700005330145359,0.001300009898841381,0.0,9.372700020321645
No Overlay,True,True,True,False,84,10.19570000062231,0.000900006853044033,0.00100000761449337,0.000200001522898674,10.197800016612746
No Overlay,True,True,True,False,85,9.932499990100041,0.0009999930625781417,0.0010999938240274787,0.000400003045797348,9.934999980032444
No Overlay,True,True,True,False,86,12.968299997737631,0.000800006091594696,0.0020000006770715117,0.000100000761449337,12.971200005267747
No Overlay,True,True,True,False,87,12.221700002555735,0.0013999961083754897,0.0020000006770715117,0.00029998773243278265,12.225399987073615
No Overlay,True,True,True,False,88,11.96400000480935,0.000800006091594696,0.0016999983927235007,0.000100000761449337,11.966600010055117
No Overlay,True,True,True,False,89,11.857499994221143,0.000900006853044033,0.0021000014385208488,0.000100000761449337,11.860600003274158
No Overlay,True,True,True,False,90,10.573299994575791,0.0008999923011288047,0.0015999976312741637,0.000100000761449337,10.575899985269643
No Overlay,True,True,True,False,91,12.009600002784282,0.002900007530115545,0.002900007530115545,0.000400003045797348,12.01580002089031
No Overlay,True,True,True,False,92,12.447100001736544,0.0018999999156221747,0.0020000006770715117,0.000200001522898674,12.451200003852136
No Overlay,True,True,True,False,93,13.607299988507293,0.0021000014385208488,0.0025000044843181968,0.000100000761449337,13.611999995191582
No Overlay,True,True,True,False,94,13.190900004701689,0.0026000052457675338,0.0023000029614195228,0.000100000761449337,13.195900013670325
No Overlay,True,True,True,False,95,13.256300007924438,0.0024000037228688598,0.0021000014385208488,0.000100000761449337,13.260900013847277
No Overlay,True,True,True,False,96,12.463000006391667,0.0024000037228688598,0.0016999983927235007,0.000200001522898674,12.467300010030158
No Overlay,True,True,True,False,97,14.719300001161173,0.0023000029614195228,0.0042000028770416975,0.000100000761449337,14.725900007761084
No Overlay,True,True,True,False,98,11.475599996629171,0.0022000021999701858,0.001400010660290718,0.000100000761449337,11.479300010250881
No Overlay,True,True,True,False,99,14.651800011051819,0.0010999938240274787,0.0015999976312741637,0.000200001522898674,14.654700004030019
No Overlay,True,True,True,False,100,16.98489999398589,0.0024000037228688598,0.002700006007216871,0.000100000761449337,16.990100004477426
No Overlay,True,True,True,False,101,17.915999997057952,0.0026000052457675338,0.0021999876480549574,0.000200001522898674,17.920999991474673
No Overlay,True,True,True,False,102,17.249299999093637,0.0029999937396496534,0.0024999899324029684,0.000100000761449337,17.25489998352714
No Overlay,True,True,True,False,103,17.14640000136569,0.0009999930625781417,0.0035999983083456755,0.000100000761449337,17.151099993498065
No Overlay,True,True,True,False,104,10.285700001986697,0.000800006091594696,0.0011999945854768157,0.000100000761449337,10.287800003425218
No Overlay,True,True,True,False,105,17.824200011091307,0.0025000044843181968,0.0024000037228688598,0.000100000761449337,17.829200020059943
No Overlay,True,True,True,False,106,17.391400004271418,0.0026000052457675338,0.0018999999156221747,9.998620953410864e-05,17.39599999564234
No Overlay,True,True,True,False,107,16.00059999327641,0.0025999906938523054,0.0022000021999701858,0.00019998697098344564,16.005599973141216
No Overlay,True,True,True,False,108,15.709900006186217,0.002800006768666208,0.0023999891709536314,0.000200001522898674,15.715300003648736
No Overlay,True,True,True,False,109,15.465999997104518,0.0028999929782003164,0.0023999891709536314,0.000100000761449337,15.471399980015121
No Overlay,True,True,True,False,110,15.992699991329573,0.0027999922167509794,0.0022000021999701858,0.000100000761449337,15.997799986507744
No Overlay,True,True,True,False,111,15.10499999858439,0.0023999891709536314,0.004699992132373154,0.000200001522898674,15.112299981410615
No Overlay,True,True,True,False,112,14.95979999890551,0.001200009137392044,0.0016999983927235007,0.000300002284348011,14.963000008719973
No Overlay,True,True,True,False,113,14.068299991777167,0.0007999915396794677,0.0028999929782003164,0.000100000761449337,14.072099977056496
No Overlay,True,True,True,False,114,10.910400000284426,0.000900006853044033,0.001400010660290718,0.000100000761449337,10.91280001855921
No Overlay,True,True,True,False,115,10.624799993820488,0.0006999907782301307,0.0014999968698248267,0.000100000761449337,10.627099982229993
No Overlay,True,True,True,False,116,18.29360000556335,0.00100000761449337,0.0016999983927235007,0.000100000761449337,18.296400012332015
No Overlay,True,True,True,False,117,10.622699992381968,0.000800006091594696,0.0017999991541728377,0.000100000761449337,10.625399998389184
No Overlay,True,True,True,False,118,11.50969999434892,0.0009999930625781417,0.0012999953469261527,0.000100000761449337,11.512099983519875
No Overlay,True,True,True,False,119,12.12400000076741,0.0010999938240274787,0.0012999953469261527,0.000100000761449337,12.126499990699813
No Overlay,True,True,True,False,120,11.439900001278147,0.000800006091594696,0.0014999968698248267,0.000100000761449337,11.442300005001016
No Overlay,True,True,True,False,121,15.249700009007938,0.000800006091594696,0.0012999953469261527,0.000200001522898674,15.252000011969358
No Overlay,True,True,True,False,122,11.707599987857975,0.0026000052457675338,0.0013999961083754897,9.998620953410864e-05,11.711699975421652
No Overlay,True,True,True,False,123,17.879099992569536,0.0009999930625781417,0.0021000014385208488,0.00039998849388211966,17.882599975564517
No Overlay,True,True,True,False,124,16.095099999802187,0.00100000761449337,0.0024000037228688598,0.000200001522898674,16.098700012662448
No Overlay,True,True,True,False,125,15.4577000066638,0.0010999938240274787,0.0020000006770715117,0.000200001522898674,15.461000002687797
No Overlay,True,True,True,False,126,16.21690001047682,0.0009999930625781417,0.0018999999156221747,0.000100000761449337,16.21990000421647
No Overlay,True,True,True,False,127,18.180500002927147,0.00100000761449337,0.0020000006770715117,0.000100000761449337,18.18360001198016
No Overlay,True,True,True,False,128,16.443400003481656,0.00100000761449337,0.0020000006770715117,0.000200001522898674,16.44660001329612
No Overlay,True,True,True,False,129,16.11850000335835,0.0010999938240274787,0.0015999976312741637,0.000100000761449337,16.1212999955751
No Overlay,True,True,True,False,130,15.801000001374632,0.0009999930625781417,0.0013999961083754897,0.000100000761449337,15.803499991307035
No Overlay,True,True,True,False,131,11.98310000472702,0.0008999923011288047,0.0011999945854768157,0.000100000761449337,11.985299992375076
No Overlay,True,True,True,False,132,10.746200001449324,0.0011999945854768157,0.0011999945854768157,0.000100000761449337,10.748699991381727
No Overlay,True,True,True,False,133,10.847400000784546,0.0009999930625781417,0.001100008375942707,0.000100000761449337,10.849600002984516
No Overlay,True,True,True,False,134,10.908000011113472,0.00100000761449337,0.001200009137392044,0.000100000761449337,10.910300028626807
No Overlay,True,True,True,False,135,10.597699991194531,0.0007999915396794677,0.0011999945854768157,0.000100000761449337,10.599799978081137
No Overlay,True,True,True,False,136,10.712300005252473,0.0008999923011288047,0.0012999953469261527,0.000100000761449337,10.714599993661977
No Overlay,True,True,True,False,137,10.46900000073947,0.0007999915396794677,0.0012999953469261527,0.000400003045797348,10.471499990671873
No Overlay,True,True,True,False,138,10.290899997926317,0.000800006091594696,0.001200009137392044,0.000100000761449337,10.293000013916753
No Overlay,True,True,True,False,139,10.544500008109026,0.000800006091594696,0.0012999953469261527,0.000100000761449337,10.546700010308996
No Overlay,True,True,True,False,140,10.388599999714643,0.0006999907782301307,0.00100000761449337,0.000100000761449337,10.390399998868816
No Overlay,True,True,True,False,141,10.27119999343995,0.0007999915396794677,0.0013999961083754897,0.000100000761449337,10.273499981849454
No Overlay,True,True,True,False,142,10.548199992626905,0.0006999907782301307,0.0010999938240274787,0.000100000761449337,10.550099977990612
No Overlay,True,True,True,False,143,10.690499999327585,0.0018999999156221747,0.001700012944638729,0.000100000761449337,10.694200012949295
No Overlay,True,True,True,False,144,10.470399996847846,0.000700005330145359,0.0016999983927235007,0.000100000761449337,10.472900001332164
No Overlay,True,True,True,False,145,10.64970000879839,0.0008999923011288047,0.0011999945854768157,0.000100000761449337,10.651899996446446
No Overlay,True,True,True,False,146,10.847199999261647,0.000800006091594696,0.001100008375942707,0.000100000761449337,10.849200014490634
No Overlay,True,True,True,False,147,10.462899997946806,0.0025000044843181968,0.0023000029614195228,0.000100000761449337,10.467800006153993
No Overlay,True,True,True,False,148,10.627499999827705,0.0022000021999701858,0.001600012183189392,0.000100000761449337,10.631400014972314
No Overlay,True,True,True,False,149,10.576800006674603,0.0017999991541728377,0.0013999961083754897,0.000100000761449337,10.5801000026986
No Overlay,True,True,True,False,150,9.979200011002831,0.0017999991541728377,0.0016999983927235007,0.000100000761449337,9.982800009311177
No Overlay,True,True,True,False,151,10.154000003240071,0.0017999991541728377,0.0016999983927235007,9.998620953410864e-05,10.157599986996502
No Overlay,True,True,True,False,152,9.865100000752136,0.0021000014385208488,0.0016999983927235007,0.000100000761449337,9.86900000134483
No Overlay,True,True,True,False,153,10.187799998675473,0.0016999983927235007,0.0017999991541728377,0.000100000761449337,10.191399996983819
No Overlay,True,True,True,False,154,10.286500008078292,0.0015999976312741637,0.0018999999156221747,0.000100000761449337,10.290100006386638
No Overlay,True,True,True,False,155,10.135799995623529,0.0022999884095042944,0.0029999937396496534,0.000100000761449337,10.141199978534132
No Overlay,True,True,True,False,156,10.370900010457262,0.000800006091594696,0.0018999999156221747,0.000100000761449337,10.373700017225929
No Overlay,True,True,True,False,157,18.104799994034693,0.0008999923011288047,0.005099995178170502,0.000200001522898674,18.11099998303689
No Overlay,True,True,True,False,158,11.097599999629892,0.000700005330145359,0.0010999938240274787,0.000200001522898674,11.099600000306964
No Overlay,True,True,True,False,159,10.955300007481128,0.0006999907782301307,0.0013999961083754897,0.000100000761449337,10.957499995129183
No Overlay,True,True,True,False,160,10.569699996267445,0.000800006091594696,0.0016999983927235007,0.000100000761449337,10.572300001513213
No Overlay,True,True,True,False,161,11.123600008431822,0.0006999907782301307,0.0013999961083754897,0.000100000761449337,11.125799996079877
No Overlay,True,True,True,False,162,10.608399999910034,0.0007999915396794677,0.0010999938240274787,0.000100000761449337,10.61039998603519
No Overlay,True,True,True,False,163,11.657800001557916,0.001100008375942707,0.0015999976312741637,0.000200001522898674,11.660700009088032
No Overlay,True,True,True,False,164,11.709500002325512,0.0014999968698248267,0.0022000021999701858,0.000200001522898674,11.713400002918206
No Overlay,True,True,True,False,165,11.39060000423342,0.0006999907782301307,0.0012999953469261527,0.000100000761449337,11.392699991120026
No Overlay,True,True,True,False,166,14.725200002430938,0.0011999945854768157,0.0018999999156221747,0.000200001522898674,14.728499998454936
No Overlay,True,True,True,False,167,14.568899990990758,0.0009999930625781417,0.0017999991541728377,0.000200001522898674,14.571899984730408
No Overlay,True,True,True,False,168,14.547700004186481,0.0014999968698248267,0.0018999999156221747,0.000200001522898674,14.551300002494827
No Overlay,True,True,True,False,169,14.842500007944182,0.00100000761449337,0.0021000014385208488,0.000200001522898674,14.845800018520094
No Overlay,True,True,True,False,170,11.513999997987412,0.000900006853044033,0.0015999976312741637,0.000100000761449337,11.51660000323318
No Overlay,True,True,True,False,171,10.461900004884228,0.000900006853044033,0.0015999976312741637,0.000100000761449337,10.464500010129996
No Overlay,True,True,True,False,172,13.861699990229681,0.0009999930625781417,0.0014999968698248267,0.000100000761449337,13.864299980923533
No Overlay,True,True,True,False,173,12.246399986906908,0.000700005330145359,0.001700012944638729,0.000100000761449337,12.248900005943142
No Overlay,True,True,True,False,174,11.386900005163625,0.000800006091594696,0.0012999953469261527,0.000100000761449337,11.389100007363595
No Overlay,True,True,True,False,175,10.200299991993234,0.000700005330145359,0.0012999953469261527,0.000100000761449337,10.202399993431754
No Overlay,True,True,True,False,176,11.637399991741404,0.001200009137392044,0.0013999961083754897,0.000100000761449337,11.64009999774862
No Overlay,True,True,True,False,177,11.850399998365901,0.0017999991541728377,0.001200009137392044,0.000100000761449337,11.853500007418916
No Overlay,True,True,True,False,178,10.107499998412095,0.000800006091594696,0.001200009137392044,0.000100000761449337,10.109600014402531
No Overlay,True,True,True,False,179,9.638599993195385,0.0006999907782301307,0.0012999953469261527,0.000100000761449337,9.64069998008199
No Overlay,True,True,True,False,180,10.112899995874614,0.000900006853044033,0.000900006853044033,0.000100000761449337,10.114800010342151
No Overlay,True,True,True,False,181,10.05639998766128,0.000700005330145359,0.0009999930625781417,0.000100000761449337,10.058199986815453
No Overlay,True,True,True,False,182,10.131700008059852,0.0018999999156221747,0.0015999976312741637,9.998620953410864e-05,10.135299991816282
No Overlay,True,True,True,False,183,10.067199997138232,0.0020000006770715117,0.0020000006770715117,9.998620953410864e-05,10.07129998470191
No Overlay,True,True,True,False,184,10.465300001669675,0.0018999999156221747,0.0017999991541728377,0.000200001522898674,10.469200002262369
No Overlay,True,True,True,False,185,10.612899990519509,0.0021000014385208488,0.0015999976312741637,0.000100000761449337,10.616699990350753
No Overlay,True,True,True,False,186,10.28450000740122,0.0022000021999701858,0.0015999976312741637,0.000100000761449337,10.288400007993914
No Overlay,True,True,True,False,187,10.011199992732145,0.0021000014385208488,0.0013999961083754897,0.000100000761449337,10.01479999104049
No Overlay,True,True,True,False,188,10.416600009193644,0.0019999861251562834,0.0025000044843181968,0.000100000761449337,10.421200000564568
No Overlay,True,True,True,False,189,10.56389999575913,0.0018999999156221747,0.0016999983927235007,0.000100000761449337,10.567599994828925
No Overlay,True,True,True,False,190,10.436100012157112,0.0018999999156221747,0.0015999976312741637,0.000100000761449337,10.439700010465458
No Overlay,True,True,True,False,191,10.208899999270216,0.0009999930625781417,0.0024000037228688598,0.000100000761449337,10.212399996817112
No Overlay,True,True,True,False,192,10.17570000840351,0.000800006091594696,0.0022000021999701858,0.000100000761449337,10.178800017456524
No Overlay,True,True,True,False,193,10.08680000086315,0.0010999938240274787,0.0027999922167509794,0.000100000761449337,10.090799987665378
No Overlay,True,True,True,False,194,10.436899989144877,0.0006999907782301307,0.0029999937396496534,0.000100000761449337,10.440699974424206
No Overlay,True,True,True,False,195,10.114299991982989,0.000900006853044033,0.000900006853044033,0.000100000761449337,10.116200006450526
No Overlay,True,True,True,False,196,10.43059999938123,0.0008999923011288047,0.0010999938240274787,0.000100000761449337,10.432699986267835
No Overlay,True,True,True,False,197,10.305500007234514,0.000700005330145359,0.00100000761449337,0.000100000761449337,10.307300020940602
No Overlay,True,True,True,False,198,9.974600005079992,0.0006999907782301307,0.0009999930625781417,0.000100000761449337,9.97639998968225
No Overlay,True,True,True,False,199,10.057000006781891,0.000700005330145359,0.001200009137392044,0.000100000761449337,10.059000022010878
No Overlay,True,True,True,False,200,9.620700002415106,0.0006999907782301307,0.0011999945854768157,0.000100000761449337,9.622699988540262
No Overlay,True,True,True,False,201,9.772800010978244,0.00100000761449337,0.0017999991541728377,0.000100000761449337,9.77570001850836
No Overlay,True,True,True,False,202,9.894699993310496,0.000800006091594696,0.0010999938240274787,0.0,9.896599993226118
No Overlay,True,True,True,False,203,9.690200007753447,0.000700005330145359,0.001100008375942707,0.0,9.692000021459535
No Overlay,True,True,True,False,204,9.62240000080783,0.000800006091594696,0.001200009137392044,9.998620953410864e-05,9.62450000224635
No Overlay,True,True,True,False,205,9.579599995049648,0.0006999907782301307,0.0012999953469261527,0.000100000761449337,9.581699981936254
No Overlay,True,True,True,False,206,9.917600007611327,0.000600004568696022,0.001200009137392044,0.000100000761449337,9.919500022078864
No Overlay,True,True,True,False,207,9.94009998976253,0.0009999930625781417,0.0013999961083754897,0.00019998697098344564,9.942699965904467
No Overlay,True,True,True,False,208,9.54970000020694,0.000900006853044033,0.0011999945854768157,0.000100000761449337,9.55190000240691
No Overlay,True,True,True,False,209,9.512099990388379,0.000800006091594696,0.0012999953469261527,0.0,9.5141999918269
No Overlay,True,True,True,False,210,9.575699994456954,0.00100000761449337,0.001300009898841381,0.000100000761449337,9.578100012731738
No Overlay,True,True,True,False,211,9.716000000480562,0.0005999900167807937,0.0010999938240274787,0.000100000761449337,9.71779998508282
No Overlay,True,True,True,False,212,11.95729999744799,0.000900006853044033,0.0013999961083754897,0.000100000761449337,11.959700001170859
No Overlay,True,True,True,False,213,10.009700010414235,0.0017999991541728377,0.001200009137392044,0.000100000761449337,10.01280001946725
No Overlay,True,True,True,False,214,10.748499989858828,0.00100000761449337,0.001400010660290718,0.000100000761449337,10.751000008895062
No Overlay,True,True,True,False,215,13.051999994786456,0.0021999876480549574,0.0018999999156221747,0.000100000761449337,13.056199983111583
No Overlay,True,True,True,False,216,17.08419999340549,0.0018999999156221747,0.0025000044843181968,0.000100000761449337,17.08869999856688
No Overlay,True,True,True,False,217,17.835300008300692,0.0018999999156221747,0.0017999991541728377,0.000100000761449337,17.839100008131936
No Overlay,True,True,True,False,218,18.072299993946217,0.0026999914553016424,0.0026999914553016424,0.000200001522898674,18.07789997837972
No Overlay,True,True,True,False,219,16.88720000674948,0.0024000037228688598,0.0024000037228688598,0.000100000761449337,16.892100014956668
No Overlay,True,True,True,False,220,23.6358999973163,0.0024000037228688598,0.0022999884095042944,0.000100000761449337,23.640699990210123
No Overlay,True,True,True,False,221,13.515800004824996,0.0032999960239976645,0.004199988325126469,0.000200001522898674,13.523499990697019
No Overlay,True,True,True,False,222,16.08410000335425,0.003200009814463556,0.002800006768666208,9.998620953410864e-05,16.090200006146915
No Overlay,True,True,True,False,223,13.846899993950501,0.0024000037228688598,0.0020000006770715117,0.000100000761449337,13.85139999911189
No Overlay,True,True,True,False,224,13.182800001231954,0.0024000037228688598,0.0017999991541728377,0.000100000761449337,13.187100004870445
No Overlay,True,True,True,False,225,14.163799991365522,0.0008999923011288047,0.0025999906938523054,0.000100000761449337,14.167399975121953
No Overlay,True,True,True,False,226,12.469399996916763,0.0007999915396794677,0.0021000014385208488,0.000200001522898674,12.472499991417862
No Overlay,True,True,True,False,227,11.845399989397265,0.0008999923011288047,0.0021000014385208488,0.000100000761449337,11.848499983898364
No Overlay,True,True,True,False,228,12.443100000382401,0.001200009137392044,0.005199995939619839,0.000100000761449337,12.449600006220862
No Overlay,True,True,True,False,229,12.096999998902902,0.0009999930625781417,0.0016999983927235007,0.000100000761449337,12.099799991119653
No Overlay,True,True,True,False,230,10.437399992952123,0.000900006853044033,0.001200009137392044,0.0,10.43950000894256
No Overlay,True,True,True,False,231,11.122700001578778,0.000800006091594696,0.0015999976312741637,0.000100000761449337,11.125200006063096
No Overlay,True,True,True,False,232,12.235300004249439,0.0010999938240274787,0.0014999968698248267,0.000200001522898674,12.23809999646619
No Overlay,True,True,True,False,233,12.213500012876466,0.0010999938240274787,0.001600012183189392,0.000100000761449337,12.216300019645132
No Overlay,True,True,True,False,234,10.882599992328323,0.000800006091594696,0.001100008375942707,0.000100000761449337,10.88460000755731
No Overlay,True,True,True,False,235,10.60979999601841,0.000900006853044033,0.001100008375942707,0.00019998697098344564,10.61199999821838
No Overlay,True,True,True,False,236,10.799900002893992,0.000800006091594696,0.0011999945854768157,0.000100000761449337,10.802000004332513
No Overlay,True,True,True,False,237,11.317899989080615,0.0007999915396794677,0.0010999938240274787,0.000100000761449337,11.319899975205772
No Overlay,True,True,True,False,238,9.250799994333647,0.000700005330145359,0.0008999923011288047,0.000100000761449337,9.25249999272637
No Overlay,True,True,True,False,239,9.09930000489112,0.000700005330145359,0.0012999953469261527,0.000100000761449337,9.10140000632964
No Overlay,True,True,True,False,240,8.974399999715388,0.0008999923011288047,0.0012999953469261527,0.000100000761449337,8.976699988124892
No Overlay,True,True,True,False,241,9.075900001334958,0.000900006853044033,0.001300009898841381,0.000200001522898674,9.078300019609742
No Overlay,True,True,True,False,242,9.149100005743094,0.0007999915396794677,0.0013999961083754897,0.000100000761449337,9.151399994152598
No Overlay,True,True,True,False,243,9.089799990761094,0.0018999999156221747,0.001500011421740055,0.000100000761449337,9.093300002859905
No Overlay,True,True,True,False,244,9.380300005432218,0.0018999999156221747,0.001700012944638729,0.0,9.38390001829248
No Overlay,True,True,True,False,245,9.257600002456456,0.0017999991541728377,0.0014999968698248267,0.000100000761449337,9.260999999241903
No Overlay,True,True,True,False,246,10.504299993044697,0.0022999884095042944,0.0016999983927235007,0.000100000761449337,10.508399980608374
No Overlay,True,True,True,False,247,11.306500004138798,0.0021000014385208488,0.0015999976312741637,0.000100000761449337,11.310300003970042
No Overlay,True,True,True,False,248,11.30399999965448,0.0022000021999701858,0.0016999983927235007,0.000100000761449337,11.308000001008622
No Overlay,True,True,True,False,249,11.175300009199418,0.0021000014385208488,0.0016999983927235007,0.000100000761449337,11.179200009792112
No Overlay,True,True,True,False,250,9.714600004372187,0.0020000006770715117,0.0010999938240274787,0.000100000761449337,9.717799999634735
No Overlay,True,True,True,False,251,9.556199991493486,0.0018999999156221747,0.0014999968698248267,0.000100000761449337,9.559699989040382
No Overlay,True,True,True,False,252,9.268099995097145,0.000800006091594696,0.0032999960239976645,0.000100000761449337,9.272299997974187
No Overlay,True,True,True,False,253,9.260499995434657,0.0020000006770715117,0.0020000006770715117,0.000100000761449337,9.264599997550249
No Overlay,True,True,True,False,254,9.355199988931417,0.0021000014385208488,0.001300009898841381,0.000100000761449337,9.358700001030229
No Overlay,True,True,True,False,255,8.956099991337396,0.000700005330145359,0.0031999952625483274,0.0,8.95999999193009
No Overlay,True,True,True,False,256,9.004699997603893,0.0018999999156221747,0.0011999945854768157,0.000100000761449337,9.007899992866442
No Overlay,True,True,True,False,257,9.57719999132678,0.0015999976312741637,0.0011999945854768157,0.000100000761449337,9.58009998430498
No Overlay,True,True,True,False,258,9.386000005179085,0.000700005330145359,0.0012999953469261527,0.000100000761449337,9.388100006617606
No Overlay,True,True,True,False,259,9.479700005613267,0.0018999999156221747,0.0011999945854768157,0.000100000761449337,9.482900000875816
No Overlay,True,True,True,False,260,9.596300005796365,0.000700005330145359,0.00100000761449337,0.000100000761449337,9.598100019502454
No Overlay,True,True,True,False,261,9.657000002334826,0.000800006091594696,0.001300009898841381,0.000100000761449337,9.659200019086711
No Overlay,True,True,True,False,262,9.630200001993217,0.0017999991541728377,0.0018999999156221747,0.000100000761449337,9.634000001824461
No Overlay,True,True,True,False,263,10.490100001334213,0.0023000029614195228,0.0022000021999701858,0.000100000761449337,10.494700007257052
No Overlay,True,True,True,False,264,10.487699997611344,0.0020000006770715117,0.0023999891709536314,0.000300002284348011,10.492399989743717
No Overlay,True,True,True,False,265,12.504500002251007,0.0023000029614195228,0.0025000044843181968,0.000200001522898674,12.509500011219643
No Overlay,True,True,True,False,266,11.801799992099404,0.0023000029614195228,0.0028999929782003164,0.000200001522898674,11.807199989561923
No Overlay,True,True,True,False,267,13.760000001639128,0.001100008375942707,0.002700006007216871,0.000200001522898674,13.764000017545186
No Overlay,True,True,True,False,268,13.081299999612384,0.001300009898841381,0.0042000028770416975,0.000100000761449337,13.086900013149716
No Overlay,True,True,True,False,269,16.070700003183447,0.000800006091594696,0.0032999960239976645,0.000100000761449337,16.07490000606049
No Overlay,True,True,True,False,270,13.770999998087063,0.0010999938240274787,0.005399997462518513,0.000300002284348011,13.777799991657957
No Overlay,True,True,True,False,271,14.166599998134188,0.000900006853044033,0.0025000044843181968,0.000200001522898674,14.17020001099445
No Overlay,True,True,True,False,272,13.91600001079496,0.0011999945854768157,0.0021000014385208488,0.000100000761449337,13.919400007580407
No Overlay,True,True,True,False,273,14.056100000743754,0.000900006853044033,0.0020000006770715117,0.000300002284348011,14.059300010558218
No Overlay,True,True,True,False,274,10.770199995022267,0.000800006091594696,0.0020000006770715117,0.0,10.773000001790933
No Overlay,True,True,True,False,275,10.661200009053573,0.0006999907782301307,0.0010999938240274787,0.000100000761449337,10.66309999441728
No Overlay,True,True,True,False,276,10.833199994522147,0.0022000021999701858,0.0015999976312741637,0.000100000761449337,10.83709999511484
No Overlay,True,True,True,False,277,10.277499997755513,0.0021999876480549574,0.0020000006770715117,0.000100000761449337,10.281799986842088
No Overlay,True,True,True,False,278,10.16229999368079,0.00100000761449337,0.0023000029614195228,0.000100000761449337,10.165700005018152
No Overlay,True,True,True,False,279,9.998900000937283,0.000900006853044033,0.0022999884095042944,0.000100000761449337,10.00219999696128
No Overlay,True,True,True,False,280,9.632900008000433,0.0021999876480549574,0.0012999953469261527,0.000100000761449337,9.636499991756864
No Overlay,True,True,True,False,281,9.837999998126179,0.0017999991541728377,0.001500011421740055,0.000100000761449337,9.841400009463541
No Overlay,True,True,True,False,282,9.613300004275516,0.00100000761449337,0.0021000014385208488,0.0,9.61640001332853
No Overlay,True,True,True,False,283,9.657100003096275,0.0021000014385208488,0.0016999983927235007,0.000100000761449337,9.661000003688969
No Overlay,True,True,True,False,284,9.537600009934977,0.0020000006770715117,0.0015999976312741637,0.000200001522898674,9.541400009766221
No Overlay,True,True,True,False,285,9.817599988309667,0.0025000044843181968,0.0025000044843181968,0.000300002284348011,9.822899999562651
No Overlay,True,True,True,False,286,11.709400001564063,0.0020000006770715117,0.005400012014433742,0.000100000761449337,11.716900015017018
No Overlay,True,True,True,False,287,10.92159999825526,0.0022000021999701858,0.0037999998312443495,0.000100000761449337,10.927700001047924
No Overlay,True,True,True,False,288,11.306499989586882,0.0045000051613897085,0.004899993655271828,9.998620953410864e-05,11.315999974613078
No Overlay,True,True,True,False,289,11.56539999647066,0.0026000052457675338,0.0034999975468963385,0.000100000761449337,11.571600000024773
No Overlay,True,True,True,False,290,11.423399992054328,0.0033999967854470015,0.004399989848025143,0.000100000761449337,11.43129997944925
No Overlay,True,True,True,False,291,12.00020000396762,0.0008999923011288047,0.0025999906938523054,0.000100000761449337,12.00379998772405
No Overlay,True,True,True,False,292,16.030099999625236,0.0008999923011288047,0.0042000028770416975,0.000200001522898674,16.035399996326305
No Overlay,True,True,True,False,293,15.938500000629574,0.0009999930625781417,0.0017999991541728377,0.000100000761449337,15.941399993607774
No Overlay,True,True,True,False,294,16.005299999960698,0.0011999945854768157,0.0017999991541728377,0.000100000761449337,16.008399994461797
No Overlay,True,True,True,False,295,16.20790000015404,0.00100000761449337,0.0018999999156221747,0.000100000761449337,16.210900008445606
No Overlay,True,True,True,False,296,15.515600010985509,0.0008999923011288047,0.0017999991541728377,0.000200001522898674,15.518500003963709
No Overlay,True,True,True,False,297,15.459300004295073,0.00100000761449337,0.0017999991541728377,0.000200001522898674,15.462300012586638
No Overlay,True,True,True,False,298,12.202999991131946,0.0023000029614195228,0.0020000006770715117,0.000400003045797348,12.207699997816235
No Overlay,True,True,True,False,299,11.934000009205192,0.001400010660290718,0.0016999983927235007,0.000100000761449337,11.937200019019656
YOLO Only,True,False,False,False,0,11.404099990613759,0.000200001522898674,0.000200001522898674,0.000100000761449337,11.404599994421005
YOLO Only,True,False,False,False,1,11.570999995456077,0.000100000761449337,0.000100000761449337,0.000100000761449337,11.571299997740425
YOLO Only,True,False,False,False,2,11.975500005064532,0.000200001522898674,0.000200001522898674,0.000100000761449337,11.976000008871779
YOLO Only,True,False,False,False,3,11.34470000397414,0.000100000761449337,0.000400003045797348,0.000700005330145359,11.345900013111532
YOLO Only,True,False,False,False,4,11.362799996277317,0.000200001522898674,0.000100000761449337,0.0,11.363099998561665
YOLO Only,True,False,False,False,5,11.518699990119785,0.000200001522898674,0.000200001522898674,0.000100000761449337,11.519199993927032
YOLO Only,True,False,False,False,6,11.50969999434892,0.000200001522898674,0.000100000761449337,0.000200001522898674,11.510199998156168
YOLO Only,True,False,False,False,7,11.493400001199916,0.000200001522898674,0.00019998697098344564,0.0,11.493799989693798
YOLO Only,True,False,False,False,8,11.785799986682832,0.000300002284348011,0.000100000761449337,0.000100000761449337,11.786299990490079
YOLO Only,True,False,False,False,9,11.306600004900247,0.000200001522898674,0.000100000761449337,0.000100000761449337,11.307000007946044
YOLO Only,True,False,False,False,10,11.251400006585754,0.000200001522898674,0.000200001522898674,0.0,11.251800009631552
YOLO Only,True,False,False,False,11,11.536800011526793,0.000200001522898674,0.000100000761449337,0.000100000761449337,11.53720001457259
YOLO Only,True,False,False,False,12,11.404199991375208,0.000200001522898674,0.000200001522898674,0.0,11.404599994421005
YOLO Only,True,False,False,False,13,11.405099998228252,0.000200001522898674,0.000200001522898674,0.0,11.40550000127405
YOLO Only,True,False,False,False,14,11.151500002597459,0.000200001522898674,0.000200001522898674,0.0,11.151900005643256
YOLO Only,True,False,False,False,15,11.444299991126172,0.000200001522898674,0.000200001522898674,0.0,11.44469999417197
YOLO Only,True,False,False,False,16,12.31740000366699,0.000200001522898674,0.000400003045797348,0.000100000761449337,12.318100008997135
YOLO Only,True,False,False,False,17,14.441199993598275,0.000200001522898674,0.000100000761449337,0.000100000761449337,14.441599996644072
YOLO Only,True,False,False,False,18,14.066000003367662,0.000200001522898674,0.000100000761449337,0.000100000761449337,14.06640000641346
YOLO Only,True,False,False,False,19,13.656399998581037,0.00019998697098344564,0.000200001522898674,0.000100000761449337,13.656899987836368
YOLO Only,True,False,False,False,20,14.113299999735318,0.000300002284348011,0.000200001522898674,0.000100000761449337,14.113900004304014
YOLO Only,True,False,False,False,21,13.756300002569333,0.000400003045797348,0.000100000761449337,0.000100000761449337,13.756900007138029
YOLO Only,True,False,False,False,22,14.089100004639477,0.00039998849388211966,0.000300002284348011,0.000100000761449337,14.089899996179156
YOLO Only,True,False,False,False,23,13.751000005868264,0.000100000761449337,0.000200001522898674,0.000100000761449337,13.751400008914061
YOLO Only,True,False,False,False,24,13.766899995971471,0.000200001522898674,0.000200001522898674,0.000100000761449337,13.767399999778718
YOLO Only,True,False,False,False,25,12.749100002110936,0.000200001522898674,0.000100000761449337,0.000100000761449337,12.749500005156733
YOLO Only,True,False,False,False,26,11.571199996978976,0.00029998773243278265,0.000100000761449337,0.000100000761449337,11.571699986234307
YOLO Only,True,False,False,False,27,13.036899996222928,0.000300002284348011,0.000200001522898674,0.000100000761449337,13.037500000791624
YOLO Only,True,False,False,False,28,13.764400006039068,0.000300002284348011,0.000200001522898674,0.000100000761449337,13.765000010607764
YOLO Only,True,False,False,False,29,13.65809999697376,0.000200001522898674,0.000100000761449337,0.000100000761449337,13.658500000019558
YOLO Only,True,False,False,False,30,12.88330000534188,0.000200001522898674,9.998620953410864e-05,0.000100000761449337,12.883699993835762
YOLO Only,True,False,False,False,31,11.738100001821294,0.000400003045797348,0.000100000761449337,0.000100000761449337,11.73870000638999
YOLO Only,True,False,False,False,32,12.476099989726208,0.00019998697098344564,0.000100000761449337,0.000200001522898674,12.47659997898154
YOLO Only,True,False,False,False,33,15.122000011615455,0.000200001522898674,0.000100000761449337,0.0,15.122300013899803
YOLO Only,True,False,False,False,34,12.726800006930716,0.000300002284348011,0.000200001522898674,0.000100000761449337,12.727400011499412
YOLO Only,True,False,False,False,35,12.861099996371195,0.00029998773243278265,0.000100000761449337,0.000100000761449337,12.861599985626526
YOLO Only,True,False,False,False,36,12.524999998277053,0.000300002284348011,0.000100000761449337,9.998620953410864e-05,12.525499987532385
YOLO Only,True,False,False,False,37,12.673799996264279,0.00029998773243278265,0.000100000761449337,0.000100000761449337,12.67429998551961
YOLO Only,True,False,False,False,38,12.756800002534874,0.000300002284348011,0.000200001522898674,0.000100000761449337,12.75740000710357
YOLO Only,True,False,False,False,39,12.623799993889406,0.00019998697098344564,0.000200001522898674,0.0,12.624199982383288
YOLO Only,True,False,False,False,40,10.553800006164238,0.000200001522898674,0.000100000761449337,0.000100000761449337,10.554200009210035
YOLO Only,True,False,False,False,41,10.375300000305288,0.00019998697098344564,0.000100000761449337,0.0,10.37559998803772
YOLO Only,True,False,False,False,42,10.781399992993101,0.000200001522898674,0.000100000761449337,0.000100000761449337,10.781799996038899
YOLO Only,True,False,False,False,43,10.545700002694502,0.000200001522898674,0.00019998697098344564,0.0,10.546099991188385
YOLO Only,True,False,False,False,44,10.164999999688007,0.000200001522898674,0.000100000761449337,0.000100000761449337,10.165400002733804
YOLO Only,True,False,False,False,45,13.851900002919137,0.000300002284348011,0.000200001522898674,0.000100000761449337,13.852500007487833
YOLO Only,True,False,False,False,46,10.365400012233295,0.000200001522898674,0.000100000761449337,0.000100000761449337,10.365800015279092
YOLO Only,True,False,False,False,47,10.399800012237392,0.000100000761449337,0.000100000761449337,0.000100000761449337,10.40010001452174
YOLO Only,True,False,False,False,48,14.912400001776405,0.000500003807246685,0.000200001522898674,9.998620953410864e-05,14.913199993316084
YOLO Only,True,False,False,False,49,16.5465000027325,0.00029998773243278265,0.000100000761449337,0.000100000761449337,16.546999991987832
YOLO Only,True,False,False,False,50,18.976799998199567,0.000300002284348011,0.000200001522898674,0.000100000761449337,18.977400002768263
YOLO Only,True,False,False,False,51,17.701899996609427,0.000400003045797348,0.000400003045797348,0.000100000761449337,17.70280000346247
YOLO Only,True,False,False,False,52,20.10020001034718,0.000400003045797348,0.000200001522898674,0.000100000761449337,20.100900015677325
YOLO Only,True,False,False,False,53,17.57339999312535,0.000400003045797348,0.000200001522898674,0.000100000761449337,17.574099998455495
YOLO Only,True,False,False,False,54,16.773600000306033,0.000300002284348011,0.000200001522898674,0.000100000761449337,16.77420000487473
YOLO Only,True,False,False,False,55,17.378100004862063,0.000300002284348011,0.000200001522898674,0.000100000761449337,17.37870000943076
YOLO Only,True,False,False,False,56,22.46390000800602,0.00039998849388211966,0.000200001522898674,0.000100000761449337,22.46459999878425
YOLO Only,True,False,False,False,57,22.903200006112456,0.000300002284348011,0.000200001522898674,0.000200001522898674,22.9039000114426
YOLO Only,True,False,False,False,58,20.782899999176152,0.0004999892553314567,0.000300002284348011,0.000200001522898674,20.78389999223873
YOLO Only,True,False,False,False,59,29.86550000787247,0.000800006091594696,0.00029998773243278265,0.000200001522898674,29.866800003219396
YOLO Only,True,False,False,False,60,26.903100006165914,0.000200001522898674,0.000100000761449337,0.0,26.903400008450262
YOLO Only,True,False,False,False,61,19.304599991301075,0.000400003045797348,0.000300002284348011,0.000200001522898674,19.30549999815412
YOLO Only,True,False,False,False,62,21.037700003944337,0.0004999892553314567,0.000400003045797348,0.000200001522898674,21.038799997768365
YOLO Only,True,False,False,False,63,20.642100003897212,0.000400003045797348,0.00029998773243278265,0.000200001522898674,20.64299999619834
YOLO Only,True,False,False,False,64,21.372300005168654,0.00039998849388211966,0.000200001522898674,0.000200001522898674,21.373099996708333
YOLO Only,True,False,False,False,65,23.76850000291597,0.000400003045797348,0.000200001522898674,0.000200001522898674,23.769300009007566
YOLO Only,True,False,False,False,66,21.11970000260044,0.00019998697098344564,0.000100000761449337,0.000100000761449337,21.12009999109432
YOLO Only,True,False,False,False,67,20.978200001991354,0.000300002284348011,0.000200001522898674,0.000100000761449337,20.97880000656005
YOLO Only,True,False,False,False,68,19.891200005076826,0.00029998773243278265,0.000200001522898674,0.000300002284348011,19.891999996616505
YOLO Only,True,False,False,False,69,17.644399995333515,0.0004999892553314567,0.000100000761449337,0.000100000761449337,17.645099986111745
YOLO Only,True,False,False,False,70,20.424999995157123,0.000200001522898674,0.00019998697098344564,0.000100000761449337,20.425499984412454
YOLO Only,True,False,False,False,71,13.319400008185767,0.000300002284348011,0.000200001522898674,0.000100000761449337,13.320000012754463
YOLO Only,True,False,False,False,72,12.855599998147227,0.000300002284348011,0.000200001522898674,0.0,12.856100001954474
YOLO Only,True,False,False,False,73,12.833700006012805,0.000200001522898674,0.000100000761449337,0.000100000761449337,12.834100009058602
YOLO Only,True,False,False,False,74,12.594900006661192,0.000200001522898674,0.000100000761449337,0.000100000761449337,12.595300009706989
YOLO Only,True,False,False,False,75,12.563600001158193,0.000200001522898674,0.000100000761449337,9.998620953410864e-05,12.563999989652075
YOLO Only,True,False,False,False,76,15.12880000518635,0.000300002284348011,0.000100000761449337,0.000100000761449337,15.129300008993596
YOLO Only,True,False,False,False,77,14.276200003223494,0.000300002284348011,0.000100000761449337,0.000100000761449337,14.27670000703074
YOLO Only,True,False,False,False,78,13.53380001091864,0.000200001522898674,0.000200001522898674,0.0,13.534200013964437
YOLO Only,True,False,False,False,79,12.009500002022833,0.00019998697098344564,0.000100000761449337,0.000100000761449337,12.009899990516715
YOLO Only,True,False,False,False,80,12.362399997073226,0.000200001522898674,0.000100000761449337,0.000100000761449337,12.362800000119023
YOLO Only,True,False,False,False,81,11.919800002942793,0.000300002284348011,0.000200001522898674,0.0,11.92030000675004
YOLO Only,True,False,False,False,82,12.136199991800822,0.000200001522898674,0.000100000761449337,0.000100000761449337,12.13659999484662
YOLO Only,True,False,False,False,83,15.703800003393553,0.000200001522898674,0.000200001522898674,9.998620953410864e-05,15.704299992648885
YOLO Only,True,False,False,False,84,16.697300001396798,0.000300002284348011,0.000300002284348011,0.000100000761449337,16.698000006726943
YOLO Only,True,False,False,False,85,14.288099991972558,0.000200001522898674,0.000200001522898674,0.000100000761449337,14.288599995779805
YOLO Only,True,False,False,False,86,13.490599987562746,0.000200001522898674,0.000100000761449337,0.000100000761449337,13.490999990608543
YOLO Only,True,False,False,False,87,15.400999996927567,0.000400003045797348,0.000200001522898674,0.000100000761449337,15.401700002257712
YOLO Only,True,False,False,False,88,15.88649999757763,0.000200001522898674,0.000200001522898674,0.000100000761449337,15.887000001384877
YOLO Only,True,False,False,False,89,16.115599995828234,0.000200001522898674,0.000100000761449337,0.000100000761449337,16.11599999887403
YOLO Only,True,False,False,False,90,14.168199995765463,0.000300002284348011,0.000200001522898674,0.000100000761449337,14.168800000334159
YOLO Only,True,False,False,False,91,17.314800003077835,0.000400003045797348,0.000200001522898674,0.000100000761449337,17.31550000840798
YOLO Only,True,False,False,False,92,14.728199996170588,0.00039998849388211966,0.000100000761449337,0.000100000761449337,14.728799986187369
YOLO Only,True,False,False,False,93,19.16910000727512,0.000400003045797348,0.000200001522898674,0.000100000761449337,19.169800012605265
YOLO Only,True,False,False,False,94,35.894799992092885,0.000400003045797348,0.000400003045797348,0.000200001522898674,35.89579999970738
YOLO Only,True,False,False,False,95,23.58049999747891,0.000400003045797348,0.000300002284348011,0.000300002284348011,23.581500005093403
YOLO Only,True,False,False,False,96,21.84819999092724,0.00039998849388211966,0.000300002284348011,0.000200001522898674,21.84909998322837
YOLO Only,True,False,False,False,97,24.621200005640276,0.000400003045797348,0.00019998697098344564,0.000200001522898674,24.621999997179955
YOLO Only,True,False,False,False,98,39.43399999116082,0.00039998849388211966,0.000200001522898674,0.000200001522898674,39.4347999827005
YOLO Only,True,False,False,False,99,23.709000000962988,0.000400003045797348,0.000200001522898674,0.000200001522898674,23.709800007054582
YOLO Only,True,False,False,False,100,29.80919998663012,0.000400003045797348,0.000200001522898674,0.000100000761449337,29.809899991960265
YOLO Only,True,False,False,False,101,25.08450001187157,0.000700005330145359,0.000200001522898674,0.00019998697098344564,25.085600005695596
YOLO Only,True,False,False,False,102,24.98849999392405,0.000400003045797348,0.000400003045797348,0.000200001522898674,24.989500001538545
YOLO Only,True,False,False,False,103,26.073500004713424,0.000400003045797348,0.000300002284348011,0.000100000761449337,26.07430001080502
YOLO Only,True,False,False,False,104,23.451999993994832,0.00039998849388211966,0.000200001522898674,0.000200001522898674,23.45279998553451
YOLO Only,True,False,False,False,105,25.299499990069307,0.000600004568696022,0.000400003045797348,0.000200001522898674,25.3006999992067
YOLO Only,True,False,False,False,106,30.605399995693006,0.000400003045797348,0.000200001522898674,0.000100000761449337,30.60610000102315
YOLO Only,True,False,False,False,107,24.66959999583196,0.000400003045797348,0.000200001522898674,0.000300002284348011,24.670500002685003
YOLO Only,True,False,False,False,108,26.83090000937227,0.000900006853044033,0.000200001522898674,0.000300002284348011,26.832300020032562
YOLO Only,True,False,False,False,109,27.063400004408322,0.000500003807246685,0.00029998773243278265,0.000200001522898674,27.0643999974709
YOLO Only,True,False,False,False,110,30.29229999810923,0.0007999915396794677,0.000300002284348011,0.000200001522898674,30.293599993456155
YOLO Only,True,False,False,False,111,27.05489999789279,0.0004999892553314567,0.000200001522898674,0.000100000761449337,27.05569998943247
YOLO Only,True,False,False,False,112,23.321700005908497,0.000500003807246685,0.000400003045797348,0.000300002284348011,23.32290001504589
YOLO Only,True,False,False,False,113,24.410600002738647,0.0005999900167807937,0.000300002284348011,0.000100000761449337,24.411599995801225
YOLO Only,True,False,False,False,114,23.0547000101069,0.000400003045797348,0.000300002284348011,0.000100000761449337,23.055500016198494
YOLO Only,True,False,False,False,115,25.193399997078814,0.000600004568696022,0.000300002284348011,0.000200001522898674,25.194500005454756
YOLO Only,True,False,False,False,116,24.64519999921322,0.0004999892553314567,0.000200001522898674,0.000100000761449337,24.645999990752898
YOLO Only,True,False,False,False,117,22.44829999108333,0.000600004568696022,0.000200001522898674,0.000200001522898674,22.449299998697825
YOLO Only,True,False,False,False,118,22.23880001110956,0.000400003045797348,0.000300002284348011,0.000300002284348011,22.239800018724054
YOLO Only,True,False,False,False,119,23.356599995167926,0.000500003807246685,0.000400003045797348,0.000300002284348011,23.357800004305318
YOLO Only,True,False,False,False,120,25.99779999582097,0.0004999892553314567,0.000200001522898674,0.000200001522898674,25.998699988122098
YOLO Only,True,False,False,False,121,24.915100002544932,0.00039998849388211966,0.000300002284348011,0.000200001522898674,24.91599999484606
YOLO Only,True,False,False,False,122,24.094799999147654,0.000500003807246685,0.000400003045797348,0.000400003045797348,24.096100009046495
YOLO Only,True,False,False,False,123,23.52809999138117,0.0004999892553314567,0.000300002284348011,0.000200001522898674,23.529099984443747
YOLO Only,True,False,False,False,124,22.872100002132356,0.000400003045797348,0.000300002284348011,0.000200001522898674,22.8730000089854
YOLO Only,True,False,False,False,125,22.67599999322556,0.000400003045797348,0.000400003045797348,0.000300002284348011,22.677100001601502
YOLO Only,True,False,False,False,126,25.051500007975847,0.000700005330145359,0.000200001522898674,0.000200001522898674,25.05260001635179
YOLO Only,True,False,False,False,127,26.347799997893162,0.000600004568696022,0.000300002284348011,0.000300002284348011,26.349000007030554
YOLO Only,True,False,False,False,128,24.11769999889657,0.000400003045797348,0.000300002284348011,0.000200001522898674,24.118600005749613
YOLO Only,True,False,False,False,129,26.432099999510683,0.000500003807246685,0.000300002284348011,0.00019998697098344564,26.43309999257326
YOLO Only,True,False,False,False,130,26.307000007363968,0.000500003807246685,0.000300002284348011,0.000200001522898674,26.30800001497846
YOLO Only,True,False,False,False,131,25.335900005302392,0.000400003045797348,0.000200001522898674,0.000300002284348011,25.336800012155436
YOLO Only,True,False,False,False,132,21.356699988245964,0.000400003045797348,0.000300002284348011,0.000200001522898674,21.357599995099008
YOLO Only,True,False,False,False,133,20.52390000608284,0.000500003807246685,0.000200001522898674,0.000100000761449337,20.524700012174435
YOLO Only,True,False,False,False,134,21.454500005347654,0.000400003045797348,0.000200001522898674,0.000200001522898674,21.45530001143925
YOLO Only,True,False,False,False,135,20.593299996107817,0.000500003807246685,0.000200001522898674,0.000100000761449337,20.59410000219941
YOLO Only,True,False,False,False,136,21.05009999650065,0.000400003045797348,0.000200001522898674,0.000400003045797348,21.051100004115142
YOLO Only,True,False,False,False,137,20.904300006804988,0.000400003045797348,0.000200001522898674,0.000200001522898674,20.905100012896582
YOLO Only,True,False,False,False,138,20.617700007278472,0.000400003045797348,0.000200001522898674,0.000200001522898674,20.618500013370067
YOLO Only,True,False,False,False,139,19.7255000093719,0.00039998849388211966,0.000200001522898674,0.000100000761449337,19.72620000015013
YOLO Only,True,False,False,False,140,20.04760000272654,0.000500003807246685,0.000200001522898674,0.000100000761449337,20.048400008818135
YOLO Only,True,False,False,False,141,19.386200001463294,0.000400003045797348,0.000200001522898674,0.000100000761449337,19.38690000679344
YOLO Only,True,False,False,False,142,19.113799993647262,0.00029998773243278265,0.000200001522898674,0.000100000761449337,19.114399983664043
YOLO Only,True,False,False,False,143,18.513000002712943,0.000400003045797348,0.000200001522898674,0.000200001522898674,18.513800008804537
YOLO Only,True,False,False,False,144,15.846099995542318,0.000300002284348011,0.000200001522898674,0.000100000761449337,15.846700000111014
YOLO Only,True,False,False,False,145,14.038900000741705,0.000300002284348011,0.000200001522898674,0.000100000761449337,14.039500005310401
YOLO Only,True,False,False,False,146,18.111999990651384,0.00039998849388211966,0.000200001522898674,0.000200001522898674,18.112799982191063
YOLO Only,True,False,False,False,147,12.667899994994514,0.000200001522898674,0.000100000761449337,0.0,12.668199997278862
YOLO Only,True,False,False,False,148,13.60039999417495,0.000300002284348011,0.000200001522898674,9.998620953410864e-05,13.60099998419173
YOLO Only,True,False,False,False,149,13.651799992658198,0.000200001522898674,0.000200001522898674,0.000100000761449337,13.652299996465445
YOLO Only,True,False,False,False,150,18.22070000343956,0.000300002284348011,9.998620953410864e-05,0.000200001522898674,18.22129999345634
YOLO Only,True,False,False,False,151,12.671700009377673,0.000200001522898674,0.000100000761449337,9.998620953410864e-05,12.672099997871555
YOLO Only,True,False,False,False,152,11.941799995838664,0.000200001522898674,0.000100000761449337,0.0,11.942099998123012
YOLO Only,True,False,False,False,153,12.085099995601922,0.000200001522898674,0.000100000761449337,0.000100000761449337,12.08549999864772
YOLO Only,True,False,False,False,154,11.552500000107102,0.000300002284348011,0.000100000761449337,0.000100000761449337,11.553000003914349
YOLO Only,True,False,False,False,155,20.798400000785477,0.000700005330145359,0.000400003045797348,0.000200001522898674,20.79970001068432
YOLO Only,True,False,False,False,156,21.00379999319557,0.000400003045797348,0.00029998773243278265,0.000200001522898674,21.0046999854967
YOLO Only,True,False,False,False,157,21.769400002085604,0.000400003045797348,0.000300002284348011,0.000100000761449337,21.7702000081772
YOLO Only,True,False,False,False,158,20.533699993393384,0.000500003807246685,0.000200001522898674,0.000100000761449337,20.53449999948498
YOLO Only,True,False,False,False,159,11.991999999736436,0.000200001522898674,0.000200001522898674,0.000100000761449337,11.992500003543682
YOLO Only,True,False,False,False,160,19.4136000063736,0.000200001522898674,0.000200001522898674,0.000100000761449337,19.414100010180846
YOLO Only,True,False,False,False,161,17.823100002715364,0.00029998773243278265,0.000100000761449337,0.000100000761449337,17.823599991970696
YOLO Only,True,False,False,False,162,17.87029999832157,0.000300002284348011,0.00019998697098344564,0.000100000761449337,17.87089998833835
YOLO Only,True,False,False,False,163,25.198700008331798,0.000500003807246685,0.00029998773243278265,0.000200001522898674,25.199700001394376
YOLO Only,True,False,False,False,164,15.991000007488765,0.000300002284348011,0.000200001522898674,0.000100000761449337,15.99160001205746
YOLO Only,True,False,False,False,165,13.365200007683598,0.000300002284348011,0.00019998697098344564,0.000100000761449337,13.365799997700378
YOLO Only,True,False,False,False,166,16.183699990506284,0.000300002284348011,0.000500003807246685,0.000100000761449337,16.184599997359328
YOLO Only,True,False,False,False,167,17.404300000634976,0.000200001522898674,0.000100000761449337,0.000200001522898674,17.404800004442222
YOLO Only,True,False,False,False,168,11.776300001656637,0.000200001522898674,0.000200001522898674,0.000100000761449337,11.776800005463883
YOLO Only,True,False,False,False,169,11.961900003370829,0.00039998849388211966,0.000200001522898674,0.000100000761449337,11.962599994149059
YOLO Only,True,False,False,False,170,16.60059999267105,0.000300002284348011,0.00019998697098344564,0.000100000761449337,16.60119998268783
YOLO Only,True,False,False,False,171,13.03800000459887,0.000200001522898674,0.000100000761449337,0.0,13.038300006883219
YOLO Only,True,False,False,False,172,11.143299998366274,0.000200001522898674,0.000100000761449337,0.000100000761449337,11.143700001412071
YOLO Only,True,False,False,False,173,12.350900011369959,0.00029998773243278265,0.000200001522898674,0.0,12.35140000062529
YOLO Only,True,False,False,False,174,12.825099998735823,0.000300002284348011,0.000200001522898674,0.00019998697098344564,12.825799989514053
YOLO Only,True,False,False,False,175,14.019599999301136,0.000300002284348011,0.000200001522898674,0.000100000761449337,14.020200003869832
YOLO Only,True,False,False,False,176,10.970300005283207,0.000200001522898674,0.000100000761449337,0.000100000761449337,10.970700008329004
YOLO Only,True,False,False,False,177,11.103100012405775,0.000300002284348011,0.000100000761449337,0.000100000761449337,11.103600016213022
YOLO Only,True,False,False,False,178,11.129999998956919,0.000100000761449337,0.000200001522898674,0.000100000761449337,11.130400002002716
YOLO Only,True,False,False,False,179,11.261099993134849,0.000200001522898674,0.000100000761449337,9.998620953410864e-05,11.261499981628731
YOLO Only,True,False,False,False,180,11.251899995841086,0.000200001522898674,0.000200001522898674,0.000100000761449337,11.252399999648333
YOLO Only,True,False,False,False,181,11.403600001358427,0.000200001522898674,0.000200001522898674,0.000100000761449337,11.404100005165674
YOLO Only,True,False,False,False,182,10.914900005445816,0.000200001522898674,0.000200001522898674,0.000100000761449337,10.915400009253062
YOLO Only,True,False,False,False,183,11.061500001233071,0.000200001522898674,0.000200001522898674,0.000100000761449337,11.062000005040318
YOLO Only,True,False,False,False,184,13.715699999011122,0.000300002284348011,9.998620953410864e-05,0.000100000761449337,13.716199988266453
YOLO Only,True,False,False,False,185,13.575299992226064,0.000200001522898674,9.998620953410864e-05,0.000100000761449337,13.575699980719946
YOLO Only,True,False,False,False,186,12.93219999934081,0.000200001522898674,0.00019998697098344564,0.0,12.932599987834692
YOLO Only,True,False,False,False,187,15.594399999827147,0.000200001522898674,0.000100000761449337,0.000100000761449337,15.594800002872944
YOLO Only,True,False,False,False,188,15.95390000147745,0.000300002284348011,0.000100000761449337,0.000100000761449337,15.954400005284697
YOLO Only,True,False,False,False,189,12.695400000666268,0.000100000761449337,0.000100000761449337,0.000100000761449337,12.695700002950616
YOLO Only,True,False,False,False,190,10.286699995049275,0.000200001522898674,0.000100000761449337,0.000100000761449337,10.287099998095073
YOLO Only,True,False,False,False,191,9.735400002682582,0.000200001522898674,0.000100000761449337,0.000100000761449337,9.735800005728379
YOLO Only,True,False,False,False,192,13.100100011797622,0.000200001522898674,0.000100000761449337,0.000100000761449337,13.10050001484342
YOLO Only,True,False,False,False,193,10.9602000011364,0.000200001522898674,0.000100000761449337,0.000100000761449337,10.960600004182197
YOLO Only,True,False,False,False,194,10.033900005510077,0.000200001522898674,0.000200001522898674,0.0,10.034300008555874
YOLO Only,True,False,False,False,195,14.75090000894852,0.000300002284348011,0.000100000761449337,0.000200001522898674,14.751500013517216
YOLO Only,True,False,False,False,196,16.427000009571202,0.000300002284348011,0.000100000761449337,0.000100000761449337,16.42750001337845
YOLO Only,True,False,False,False,197,14.73890000488609,0.000300002284348011,0.000200001522898674,0.000100000761449337,14.739500009454787
YOLO Only,True,False,False,False,198,12.375199992675334,0.000400003045797348,0.000200001522898674,0.000100000761449337,12.37589999800548
YOLO Only,True,False,False,False,199,16.758799989474937,0.000400003045797348,0.000100000761449337,0.000100000761449337,16.759399994043633
YOLO Only,True,False,False,False,200,14.829099993221462,0.000200001522898674,9.998620953410864e-05,0.000100000761449337,14.829499981715344
YOLO Only,True,False,False,False,201,16.47919999959413,0.000400003045797348,0.000200001522898674,0.000100000761449337,16.479900004924275
YOLO Only,True,False,False,False,202,17.25399999122601,0.000300002284348011,0.000200001522898674,0.000100000761449337,17.254599995794706
YOLO Only,True,False,False,False,203,14.691100004711188,0.000300002284348011,0.000200001522898674,0.000100000761449337,14.691700009279884
YOLO Only,True,False,False,False,204,15.452999999979511,0.00039998849388211966,0.000300002284348011,0.000200001522898674,15.45389999228064
YOLO Only,True,False,False,False,205,13.679299998329952,0.000300002284348011,0.000100000761449337,0.0,13.67970000137575
YOLO Only,True,False,False,False,206,13.496899991878308,0.00039998849388211966,0.000100000761449337,0.000100000761449337,13.49749998189509
YOLO Only,True,False,False,False,207,16.468100002384745,0.00019998697098344564,0.000200001522898674,0.0,16.468499990878627
YOLO Only,True,False,False,False,208,16.26790000591427,0.000200001522898674,0.000100000761449337,0.000100000761449337,16.26830000896007
YOLO Only,True,False,False,False,209,11.071800006902777,0.000200001522898674,0.000200001522898674,0.0,11.072200009948574
YOLO Only,True,False,False,False,210,11.832299991510808,0.000300002284348011,0.000100000761449337,0.000100000761449337,11.832799995318055
YOLO Only,True,False,False,False,211,11.598600001889281,0.000200001522898674,0.000200001522898674,9.998620953410864e-05,11.599099991144612
YOLO Only,True,False,False,False,212,11.58229999418836,0.000200001522898674,0.000100000761449337,0.000100000761449337,11.582699997234158
YOLO Only,True,False,False,False,213,11.090899992268533,0.000200001522898674,0.000200001522898674,0.000100000761449337,11.09139999607578
YOLO Only,True,False,False,False,214,10.98400000773836,0.000200001522898674,0.000100000761449337,0.0,10.984300010022707
YOLO Only,True,False,False,False,215,11.362000004737638,0.00019998697098344564,0.000100000761449337,0.000100000761449337,11.36239999323152
YOLO Only,True,False,False,False,216,11.914799993974157,0.000200001522898674,0.000100000761449337,0.0,11.915099996258505
YOLO Only,True,False,False,False,217,11.861499995575286,0.00019998697098344564,0.000100000761449337,0.000100000761449337,11.861899984069169
YOLO Only,True,False,False,False,218,16.472899995278567,0.000200001522898674,0.000100000761449337,0.000100000761449337,16.473299998324364
YOLO Only,True,False,False,False,219,16.90809999126941,0.000400003045797348,0.000100000761449337,0.000100000761449337,16.908699995838106
YOLO Only,True,False,False,False,220,16.317999994498678,0.000200001522898674,0.000200001522898674,0.000100000761449337,16.318499998305924
YOLO Only,True,False,False,False,221,16.978600004222244,0.000200001522898674,0.000200001522898674,0.000100000761449337,16.97910000802949
YOLO Only,True,False,False,False,222,11.45879999967292,0.000100000761449337,0.000200001522898674,0.0,11.459100001957268
YOLO Only,True,False,False,False,223,10.301099988282658,0.000200001522898674,0.000100000761449337,0.000100000761449337,10.301499991328456
YOLO Only,True,False,False,False,224,10.693399992305785,0.000300002284348011,0.000200001522898674,0.000100000761449337,10.693999996874481
YOLO Only,True,False,False,False,225,14.268600003561005,0.00029998773243278265,0.000200001522898674,0.000100000761449337,14.269199993577786
YOLO Only,True,False,False,False,226,13.140800001565367,0.000200001522898674,0.000200001522898674,0.000100000761449337,13.141300005372614
YOLO Only,True,False,False,False,227,12.637100007850677,0.000300002284348011,0.000100000761449337,0.000100000761449337,12.637600011657923
YOLO Only,True,False,False,False,228,12.537000002339482,0.000200001522898674,0.000100000761449337,0.0,12.53730000462383
YOLO Only,True,False,False,False,229,11.075000002165325,0.000200001522898674,0.000100000761449337,0.0,11.075300004449673
YOLO Only,True,False,False,False,230,10.7644999952754,0.000200001522898674,0.000100000761449337,0.000100000761449337,10.764899998321198
YOLO Only,True,False,False,False,231,10.756200004834682,0.000200001522898674,0.00019998697098344564,0.000100000761449337,10.756699994090013
YOLO Only,True,False,False,False,232,11.104900011559948,0.000300002284348011,0.000100000761449337,9.998620953410864e-05,11.10540000081528
YOLO Only,True,False,False,False,233,10.492999994312413,0.000100000761449337,0.000200001522898674,0.0,10.493299996596761
YOLO Only,True,False,False,False,234,10.53939999837894,0.00029998773243278265,0.000200001522898674,0.0,10.539899987634271
YOLO Only,True,False,False,False,235,12.37129999208264,0.000200001522898674,0.000200001522898674,0.000100000761449337,12.371799995889887
YOLO Only,True,False,False,False,236,15.278500010026619,0.000200001522898674,0.000100000761449337,0.000100000761449337,15.278900013072416
YOLO Only,True,False,False,False,237,14.003199990838766,0.000200001522898674,0.000200001522898674,0.000100000761449337,14.003699994646013
YOLO Only,True,False,False,False,238,11.863699997775257,0.000200001522898674,0.000100000761449337,0.000100000761449337,11.864100000821054
YOLO Only,True,False,False,False,239,14.480199999525212,0.000300002284348011,9.998620953410864e-05,0.000200001522898674,14.480799989541993
YOLO Only,True,False,False,False,240,19.86909999686759,0.000300002284348011,0.00019998697098344564,0.000100000761449337,19.86969998688437
YOLO Only,True,False,False,False,241,19.06760000565555,0.000300002284348011,0.000200001522898674,0.000100000761449337,19.068200010224245
YOLO Only,True,False,False,False,242,20.359699992695823,0.00029998773243278265,0.000100000761449337,0.000100000761449337,20.360199981951155
YOLO Only,True,False,False,False,243,24.926099998992868,0.000400003045797348,0.000200001522898674,0.000100000761449337,24.926800004323013
YOLO Only,True,False,False,False,244,17.796800006181,0.000300002284348011,0.000100000761449337,0.000100000761449337,17.79730000998825
YOLO Only,True,False,False,False,245,20.75419999891892,0.000300002284348011,0.000100000761449337,0.000100000761449337,20.754700002726167
YOLO Only,True,False,False,False,246,17.502500006230548,0.000300002284348011,0.000200001522898674,0.000100000761449337,17.503100010799244
YOLO Only,True,False,False,False,247,20.84269998886157,0.000300002284348011,0.000100000761449337,0.000100000761449337,20.843199992668815
YOLO Only,True,False,False,False,248,25.38710000226274,0.000400003045797348,0.000200001522898674,0.000200001522898674,25.387900008354336
YOLO Only,True,False,False,False,249,18.755199998850003,0.00039998849388211966,0.000200001522898674,0.000100000761449337,18.755899989628233
YOLO Only,True,False,False,False,250,15.205200004857033,0.00029998773243278265,0.000300002284348011,0.000100000761449337,15.205899995635264
YOLO Only,True,False,False,False,251,18.12810001138132,0.000500003807246685,0.000200001522898674,0.000200001522898674,18.129000018234365
YOLO Only,True,False,False,False,252,21.575699996901676,0.000400003045797348,0.000200001522898674,0.000200001522898674,21.57650000299327
YOLO Only,True,False,False,False,253,17.227999996975996,0.000200001522898674,0.000200001522898674,0.000100000761449337,17.228500000783242
YOLO Only,True,False,False,False,254,15.67750000685919,0.000300002284348011,0.000200001522898674,0.000100000761449337,15.678100011427887
YOLO Only,True,False,False,False,255,11.213899997528642,0.000400003045797348,0.000200001522898674,0.000100000761449337,11.214600002858788
YOLO Only,True,False,False,False,256,11.009900001226924,0.000200001522898674,0.000100000761449337,0.000100000761449337,11.010300004272722
YOLO Only,True,False,False,False,257,10.230799991404638,0.000200001522898674,0.000100000761449337,0.0,10.231099993688986
YOLO Only,True,False,False,False,258,10.035200000857003,0.00019998697098344564,0.000100000761449337,0.000100000761449337,10.035599989350885
YOLO Only,True,False,False,False,259,10.672099990188144,0.000200001522898674,0.000100000761449337,0.000100000761449337,10.672499993233941
YOLO Only,True,False,False,False,260,10.712100003729574,0.000200001522898674,0.000100000761449337,0.000100000761449337,10.712500006775372
YOLO Only,True,False,False,False,261,10.6594000098994,0.000200001522898674,9.998620953410864e-05,0.000100000761449337,10.659799998393282
YOLO Only,True,False,False,False,262,10.507899991353042,0.000100000761449337,0.000200001522898674,0.000100000761449337,10.50829999439884
YOLO Only,True,False,False,False,263,10.392900003353134,0.000100000761449337,0.000100000761449337,0.000100000761449337,10.393200005637482
YOLO Only,True,False,False,False,264,14.128900002106093,0.000300002284348011,0.0010999938240274787,0.000100000761449337,14.130399998975918
YOLO Only,True,False,False,False,265,11.237499988055788,0.000200001522898674,0.000100000761449337,0.000100000761449337,11.237899991101585
YOLO Only,True,False,False,False,266,11.089499996160157,0.000200001522898674,0.000200001522898674,0.000100000761449337,11.089999999967404
YOLO Only,True,False,False,False,267,11.940600001253188,0.000200001522898674,0.000100000761449337,0.000100000761449337,11.941000004298985
YOLO Only,True,False,False,False,268,16.60079999419395,0.000400003045797348,0.000200001522898674,0.000200001522898674,16.601600000285544
YOLO Only,True,False,False,False,269,13.851900002919137,0.000400003045797348,0.000200001522898674,0.000100000761449337,13.852600008249283
YOLO Only,True,False,False,False,270,13.899300000048243,0.000300002284348011,0.000200001522898674,0.000100000761449337,13.899900004616939
YOLO Only,True,False,False,False,271,11.447400000179186,0.000200001522898674,0.000100000761449337,0.000100000761449337,11.447800003224984
YOLO Only,True,False,False,False,272,12.574000007589348,0.00029998773243278265,0.000200001522898674,0.000100000761449337,12.574599997606128
YOLO Only,True,False,False,False,273,16.70880000165198,0.000200001522898674,0.000200001522898674,0.0,16.709200004697777
YOLO Only,True,False,False,False,274,14.73450000048615,0.000200001522898674,0.000100000761449337,9.998620953410864e-05,14.734899988980033
YOLO Only,True,False,False,False,275,17.07029998942744,0.000300002284348011,0.00029998773243278265,0.000200001522898674,17.07109998096712
YOLO Only,True,False,False,False,276,17.776200009393506,0.000300002284348011,0.000200001522898674,0.000100000761449337,17.7768000139622
YOLO Only,True,False,False,False,277,17.2242999979062,0.000300002284348011,0.00019998697098344564,0.000200001522898674,17.22499998868443
YOLO Only,True,False,False,False,278,17.583599998033606,0.000300002284348011,0.000100000761449337,0.000100000761449337,17.584100001840852
YOLO Only,True,False,False,False,279,11.305100008030422,0.000400003045797348,0.000200001522898674,9.998620953410864e-05,11.305799998808652
YOLO Only,True,False,False,False,280,11.307399996439926,0.000200001522898674,0.000200001522898674,0.0,11.307799999485724
YOLO Only,True,False,False,False,281,10.853799991309643,0.000200001522898674,0.000100000761449337,0.000100000761449337,10.85419999435544
YOLO Only,True,False,False,False,282,10.815999994520098,0.000200001522898674,0.00019998697098344564,0.000100000761449337,10.81649998377543
YOLO Only,True,False,False,False,283,11.341899997205473,0.000200001522898674,0.000100000761449337,0.000100000761449337,11.34230000025127
YOLO Only,True,False,False,False,284,18.077499989885837,0.000300002284348011,0.00029998773243278265,0.000200001522898674,18.078299981425516
YOLO Only,True,False,False,False,285,15.99539999733679,0.000300002284348011,0.000200001522898674,9.998620953410864e-05,15.99599998735357
YOLO Only,True,False,False,False,286,16.093400001409464,0.000300002284348011,0.000200001522898674,0.000100000761449337,16.09400000597816
YOLO Only,True,False,False,False,287,15.988300001481548,0.000300002284348011,0.000200001522898674,0.000100000761449337,15.988900006050244
YOLO Only,True,False,False,False,288,15.58639999711886,0.000300002284348011,0.000200001522898674,0.000100000761449337,15.587000001687557
YOLO Only,True,False,False,False,289,15.677699993830174,0.000500003807246685,0.0004999892553314567,0.000100000761449337,15.678799987654202
YOLO Only,True,False,False,False,290,14.706400004797615,0.000300002284348011,0.000200001522898674,9.998620953410864e-05,14.706999994814396
YOLO Only,True,False,False,False,291,16.984100002446212,0.000300002284348011,0.000200001522898674,0.000100000761449337,16.984700007014908
YOLO Only,True,False,False,False,292,15.258700004778802,0.000400003045797348,0.000200001522898674,0.000100000761449337,15.259400010108948
YOLO Only,True,False,False,False,293,15.604400003212504,0.0004999892553314567,0.000200001522898674,0.000100000761449337,15.605199994752184
YOLO Only,True,False,False,False,294,11.127899997518398,0.000200001522898674,0.000100000761449337,0.000100000761449337,11.128300000564195
YOLO Only,True,False,False,False,295,10.478299998794682,0.000200001522898674,0.000200001522898674,0.000100000761449337,10.478800002601929
YOLO Only,True,False,False,False,296,10.243199998512864,0.00019998697098344564,0.000100000761449337,0.000100000761449337,10.243599987006746
YOLO Only,True,False,False,False,297,10.316299987607636,0.000200001522898674,0.000100000761449337,0.000100000761449337,10.316699990653433
YOLO Only,True,False,False,False,298,9.957100002793595,0.00019998697098344564,0.000200001522898674,0.000100000761449337,9.957599992048927
YOLO Only,True,False,False,False,299,9.294899995438755,0.000200001522898674,0.000100000761449337,0.000100000761449337,9.295299998484552
