config_name,enable_yolo,enable_hit_detection,enable_temporal,enable_overlay,frame_idx,yolo_ms,hit_det_ms,temporal_ms,overlay_ms,total_ms
Full Pipeline,True,True,True,True,0,15.357399999629706,0.0016999983927235007,0.0024000037228688598,0.2865999995265156,15.648100001271814
Full Pipeline,True,True,True,True,1,20.718700005090795,0.0020000006770715117,0.0031999952625483274,0.19829999655485153,20.922199997585267
Full Pipeline,True,True,True,True,2,12.79360000626184,0.001300009898841381,0.0039000005926936865,0.14310001279227436,12.94190002954565
Full Pipeline,True,True,True,True,3,14.221800011000596,0.003100009053014219,0.0017999991541728377,0.19720000273082405,14.423900021938607
Full Pipeline,True,True,True,True,4,16.059500005212612,0.00100000761449337,0.0012999953469261527,0.12510000669863075,16.186900014872663
Full Pipeline,True,True,True,True,5,10.204800011706538,0.0012999953469261527,0.0012999953469261527,0.12539999443106353,10.332799996831454
Full Pipeline,True,True,True,True,6,10.015699997893535,0.001400010660290718,0.0014999968698248267,0.12969999806955457,10.148300003493205
Full Pipeline,True,True,True,True,7,11.227700000745244,0.0011999945854768157,0.0011999945854768157,0.12430000060703605,11.354399990523234
Full Pipeline,True,True,True,True,8,10.164400009671226,0.001200009137392044,0.0021000014385208488,0.17749999824445695,10.345200018491596
Full Pipeline,True,True,True,True,9,10.273200008668937,0.001100008375942707,0.0013999961083754897,0.11559999256860465,10.39130000572186
Full Pipeline,True,True,True,True,10,9.652300010202453,0.000700005330145359,0.001400010660290718,0.11490000179037452,9.769300027983263
Full Pipeline,True,True,True,True,11,9.740399997099303,0.0008999923011288047,0.0012999953469261527,0.11180000728927553,9.854399992036633
Full Pipeline,True,True,True,True,12,9.92019999830518,0.0007999915396794677,0.0012999953469261527,0.12430000060703605,10.04659998579882
Full Pipeline,True,True,True,True,13,9.64160000148695,0.000900006853044033,0.0014999968698248267,0.12450000212993473,9.768500007339753
Full Pipeline,True,True,True,True,14,9.68220000504516,0.000800006091594696,0.001300009898841381,0.12679999053943902,9.811100011575036
Full Pipeline,True,True,True,True,15,9.831399991526268,0.0006999907782301307,0.0013999961083754897,0.11330000415910035,9.946799982571974
Full Pipeline,True,True,True,True,16,9.670600004028529,0.0008999923011288047,0.0013999961083754897,0.1168999879155308,9.789799980353564
Full Pipeline,True,True,True,True,17,9.668800004874356,0.000800006091594696,0.001400010660290718,0.12090000382158905,9.79190002544783
Full Pipeline,True,True,True,True,18,9.873999995761551,0.000800006091594696,0.001200009137392044,0.11670000094454736,9.992700011935085
Full Pipeline,True,True,True,True,19,9.712400002172217,0.000700005330145359,0.001200009137392044,0.11329998960718513,9.82760000624694
Full Pipeline,True,True,True,True,20,9.700800001155585,0.001100008375942707,0.0016999983927235007,0.11439999798312783,9.818000005907379
Full Pipeline,True,True,True,True,21,9.073699999134988,0.000900006853044033,0.001400010660290718,0.11670000094454736,9.19270001759287
Full Pipeline,True,True,True,True,22,8.969700007583015,0.000800006091594696,0.001400010660290718,0.11079999967478216,9.082700024009682
Full Pipeline,True,True,True,True,23,8.79700000223238,0.000700005330145359,0.001200009137392044,0.10679999832063913,8.905700015020557
Full Pipeline,True,True,True,True,24,9.925099991960451,0.000800006091594696,0.0012999953469261527,0.1142999972216785,10.04149999062065
Full Pipeline,True,True,True,True,25,11.684700002660975,0.000800006091594696,0.001300009898841381,0.1205000007757917,11.807300019427203
Full Pipeline,True,True,True,True,26,10.04300000204239,0.0008999923011288047,0.0013999961083754897,0.13120000949129462,10.17649999994319
Full Pipeline,True,True,True,True,27,9.427199998754077,0.0009999930625781417,0.0012999953469261527,0.12310000602155924,9.55259999318514
Full Pipeline,True,True,True,True,28,8.90820000495296,0.0008999923011288047,0.0015999976312741637,0.11420001101214439,9.024900005897507
Full Pipeline,True,True,True,True,29,8.9808000047924,0.000800006091594696,0.001500011421740055,0.12080000306013972,9.103900025365874
Full Pipeline,True,True,True,True,30,9.046899998793378,0.000900006853044033,0.001200009137392044,0.12319999223109335,9.172200007014908
Full Pipeline,True,True,True,True,31,8.940500003518537,0.000800006091594696,0.0013999961083754897,0.11330000415910035,9.056000009877607
Full Pipeline,True,True,True,True,32,8.773699999437667,0.000800006091594696,0.0012999953469261527,0.11300000187475234,8.88880000275094
Full Pipeline,True,True,True,True,33,9.183199988910928,0.000700005330145359,0.001300009898841381,0.12070000229869038,9.305900006438605
Full Pipeline,True,True,True,True,34,8.74659999681171,0.000800006091594696,0.001300009898841381,0.11069999891333282,8.85940001171548
Full Pipeline,True,True,True,True,35,8.686700006364845,0.00100000761449337,0.001200009137392044,0.109500004327856,8.798400027444586
Full Pipeline,True,True,True,True,36,11.99050000286661,0.000800006091594696,0.0016999983927235007,0.28700000257231295,12.280000009923242
Full Pipeline,True,True,True,True,37,11.350300002959557,0.000900006853044033,0.001300009898841381,0.1269000058528036,11.479400025564246
Full Pipeline,True,True,True,True,38,9.318199998233467,0.000800006091594696,0.001200009137392044,0.12040000001434237,9.440600013476796
Full Pipeline,True,True,True,True,39,9.717500011902303,0.0007999915396794677,0.0014999968698248267,0.11839999933727086,9.838199999649078
Full Pipeline,True,True,True,True,40,8.993900002678856,0.000700005330145359,0.001500011421740055,0.11839999933727086,9.114500018768013
Full Pipeline,True,True,True,True,41,8.798100010608323,0.0006999907782301307,0.001200009137392044,0.11419999646022916,8.914200006984174
Full Pipeline,True,True,True,True,42,8.71490000281483,0.000800006091594696,0.0011999945854768157,0.10620000830385834,8.82310001179576
Full Pipeline,True,True,True,True,43,8.435900002950802,0.000900006853044033,0.001300009898841381,0.11159999121446162,8.54970001091715
Full Pipeline,True,True,True,True,44,8.474199988995679,0.0010999938240274787,0.0011999945854768157,0.09929999941959977,8.575799976824783
Full Pipeline,True,True,True,True,45,8.686600005603395,0.0007999915396794677,0.0010999938240274787,0.10570000449661165,8.794199995463714
Full Pipeline,True,True,True,True,46,8.679200007463805,0.0007999915396794677,0.0012999953469261527,0.10560000373516232,8.786899998085573
Full Pipeline,True,True,True,True,47,8.619500003987923,0.000900006853044033,0.001200009137392044,0.11019999510608613,8.731800015084445
Full Pipeline,True,True,True,True,48,8.673900010762736,0.000800006091594696,0.0010999938240274787,0.10879999899771065,8.784600009676069
Full Pipeline,True,True,True,True,49,8.620399996289052,0.0009999930625781417,0.0011999945854768157,0.10889999975915998,8.731499983696267
Full Pipeline,True,True,True,True,50,10.780299999169074,0.0007999915396794677,0.0011999945854768157,0.12459998833946884,10.9068999736337
Full Pipeline,True,True,True,True,51,8.935700010624714,0.0008999923011288047,0.0013999961083754897,0.11500000255182385,9.053000001586042
Full Pipeline,True,True,True,True,52,9.149100005743094,0.0007999915396794677,0.0011999945854768157,0.1168999879155308,9.26799997978378
Full Pipeline,True,True,True,True,53,8.818999995128252,0.0008999923011288047,0.0012999953469261527,0.11100000119768083,8.932199983973987
Full Pipeline,True,True,True,True,54,8.74370000383351,0.000800006091594696,0.001300009898841381,0.11439999798312783,8.860200017807074
Full Pipeline,True,True,True,True,55,10.621900000842288,0.001200009137392044,0.0018999999156221747,0.18030000501312315,10.805300014908426
Full Pipeline,True,True,True,True,56,14.08110000193119,0.0009999930625781417,0.0012999953469261527,0.15740000526420772,14.240799995604903
Full Pipeline,True,True,True,True,57,10.879199995542876,0.000700005330145359,0.001200009137392044,0.13349999790079892,11.014600007911213
Full Pipeline,True,True,True,True,58,9.95560000592377,0.0008999923011288047,0.0012999953469261527,0.12870000500697643,10.086499998578802
Full Pipeline,True,True,True,True,59,9.636100003262982,0.00100000761449337,0.001400010660290718,0.12139999307692051,9.759900014614686
Full Pipeline,True,True,True,True,60,9.814799996092916,0.0008999923011288047,0.0014999968698248267,0.14370000280905515,9.960899988072924
Full Pipeline,True,True,True,True,61,9.677499998360872,0.00100000761449337,0.0020000006770715117,0.12029999925289303,9.80080000590533
Full Pipeline,True,True,True,True,62,8.999400000902824,0.0007999915396794677,0.0010999938240274787,0.10429999383632094,9.105599980102852
Full Pipeline,True,True,True,True,63,8.992999995825812,0.0006999907782301307,0.0012999953469261527,0.11509998876135796,9.110099970712326
Full Pipeline,True,True,True,True,64,9.16970000253059,0.0008999923011288047,0.0014999968698248267,0.11900000390596688,9.29109999560751
Full Pipeline,True,True,True,True,65,9.089900006074458,0.0007999915396794677,0.0014999968698248267,0.1137000072048977,9.20590000168886
Full Pipeline,True,True,True,True,66,8.766700004343875,0.000800006091594696,0.0011999945854768157,0.10900000052060932,8.877700005541556
Full Pipeline,True,True,True,True,67,8.67919999291189,0.000800006091594696,0.001300009898841381,0.1154000055976212,8.796700014499947
Full Pipeline,True,True,True,True,68,9.102399999392219,0.0007999915396794677,0.0011999945854768157,0.11059999815188348,9.214999983669259
Full Pipeline,True,True,True,True,69,15.458400011993945,0.000900006853044033,0.0012999953469261527,0.12149999383836985,15.582100008032285
Full Pipeline,True,True,True,True,70,9.127700002864003,0.000800006091594696,0.0012999953469261527,0.11069999891333282,9.240500003215857
Full Pipeline,True,True,True,True,71,9.00740000361111,0.000800006091594696,0.001200009137392044,0.11829999857582152,9.127700017415918
Full Pipeline,True,True,True,True,72,9.028399988892488,0.000800006091594696,0.0012999953469261527,0.12100000458303839,9.151499994914047
Full Pipeline,True,True,True,True,73,9.177400002954528,0.000800006091594696,0.001600012183189392,0.12090000382158905,9.3007000250509
Full Pipeline,True,True,True,True,74,9.591900001396425,0.000900006853044033,0.0015999976312741637,0.11809999705292284,9.712500002933666
Full Pipeline,True,True,True,True,75,9.654200010118075,0.000900006853044033,0.001400010660290718,0.12659998901654035,9.78310001664795
Full Pipeline,True,True,True,True,76,9.561099999700673,0.0008999923011288047,0.0012999953469261527,0.12190001143608242,9.68519999878481
Full Pipeline,True,True,True,True,77,9.421199996722862,0.000700005330145359,0.001300009898841381,0.11629999789875001,9.539500009850599
Full Pipeline,True,True,True,True,78,9.392300009494647,0.000900006853044033,0.0012999953469261527,0.1145999995060265,9.509100011200644
Full Pipeline,True,True,True,True,79,9.29480000922922,0.000900006853044033,0.0014999968698248267,0.12349999451544136,9.42070000746753
Full Pipeline,True,True,True,True,80,9.141200003796257,0.000900006853044033,0.0012999953469261527,0.11380000796634704,9.257200013962574
Full Pipeline,True,True,True,True,81,9.382399992318824,0.000700005330145359,0.0012999953469261527,0.11739999172277749,9.501799984718673
Full Pipeline,True,True,True,True,82,9.409800011781044,0.000800006091594696,0.001300009898841381,0.12630000128410757,9.538200029055588
Full Pipeline,True,True,True,True,83,10.441400008858182,0.0007999915396794677,0.0013999961083754897,0.1255000097444281,10.569100006250665
Full Pipeline,True,True,True,True,84,9.16670000879094,0.000700005330145359,0.0012999953469261527,0.11690000246744603,9.285600011935458
Full Pipeline,True,True,True,True,85,8.980400001746602,0.0007999915396794677,0.0011999945854768157,0.11340000492054969,9.095799992792308
Full Pipeline,True,True,True,True,86,8.803000004263595,0.000900006853044033,0.001200009137392044,0.1154000055976212,8.920500025851652
Full Pipeline,True,True,True,True,87,8.72749999689404,0.000700005330145359,0.0011999945854768157,0.10980000661220402,8.839200003421865
Full Pipeline,True,True,True,True,88,8.660499996040016,0.0007999915396794677,0.0014999968698248267,0.1142999972216785,8.7770999816712
Full Pipeline,True,True,True,True,89,8.629300005850382,0.000600004568696022,0.0012999953469261527,0.09940000018104911,8.730600005947053
Full Pipeline,True,True,True,True,90,8.65019999037031,0.000700005330145359,0.001200009137392044,0.10450000991113484,8.756600014748983
Full Pipeline,True,True,True,True,91,8.801999996649101,0.0005999900167807937,0.0011999945854768157,0.09940000018104911,8.903199981432408
Full Pipeline,True,True,True,True,92,8.79180000629276,0.000600004568696022,0.000900006853044033,0.11170000652782619,8.905000024242327
Full Pipeline,True,True,True,True,93,8.768499988946132,0.000600004568696022,0.001100008375942707,0.112599998828955,8.882800000719726
Full Pipeline,True,True,True,True,94,8.946400004788302,0.000500003807246685,0.0011999945854768157,0.11560000712051988,9.063700010301545
Full Pipeline,True,True,True,True,95,8.882499998435378,0.0005999900167807937,0.0009999930625781417,0.10829999519046396,8.992399976705201
Full Pipeline,True,True,True,True,96,9.060500000487082,0.000500003807246685,0.0009999930625781417,0.11470000026747584,9.176699997624382
Full Pipeline,True,True,True,True,97,8.878399996319786,0.000900006853044033,0.0009999930625781417,0.10420000762678683,8.984500003862195
Full Pipeline,True,True,True,True,98,8.839300004183315,0.000700005330145359,0.001100008375942707,0.11700000322889537,8.958100021118298
Full Pipeline,True,True,True,True,99,8.980600003269501,0.0006999907782301307,0.0011999945854768157,0.10909998673014343,9.091599975363351
Full Pipeline,True,True,True,True,100,9.54089999140706,0.0006999907782301307,0.0009999930625781417,0.10459999612066895,9.647199971368536
Full Pipeline,True,True,True,True,101,10.246599995298311,0.000800006091594696,0.0009999930625781417,0.11330000415910035,10.361699998611584
Full Pipeline,True,True,True,True,102,9.622600002330728,0.000700005330145359,0.001200009137392044,0.11110000195913017,9.735600018757395
Full Pipeline,True,True,True,True,103,9.584500003256835,0.000800006091594696,0.00100000761449337,0.106100007542409,9.692400024505332
Full Pipeline,True,True,True,True,104,8.999500001664273,0.0007999915396794677,0.0013999961083754897,0.10699999984353781,9.108699989155866
Full Pipeline,True,True,True,True,105,9.94449999416247,0.0007999915396794677,0.0011999945854768157,0.12029999925289303,10.06679997954052
Full Pipeline,True,True,True,True,106,9.224499997799285,0.0008999923011288047,0.0012999953469261527,0.12799999967683107,9.35469998512417
Full Pipeline,True,True,True,True,107,8.862799993949011,0.000600004568696022,0.001100008375942707,0.10699999984353781,8.971500006737188
Full Pipeline,True,True,True,True,108,9.231499992893077,0.0007999915396794677,0.001100008375942707,0.12149999383836985,9.35489998664707
Full Pipeline,True,True,True,True,109,8.888399999705143,0.000800006091594696,0.0009999930625781417,0.10149998706765473,8.99169998592697
Full Pipeline,True,True,True,True,110,8.835300002829172,0.0008999923011288047,0.0010999938240274787,0.10069999552797526,8.937999984482303
Full Pipeline,True,True,True,True,111,9.308900000178255,0.0008999923011288047,0.0011999945854768157,0.10599999222904444,9.416999979293905
Full Pipeline,True,True,True,True,112,8.98820000293199,0.000700005330145359,0.0009999930625781417,0.10150000161956996,9.091400002944283
Full Pipeline,True,True,True,True,113,8.859099994879216,0.000700005330145359,0.001100008375942707,0.10050000855699182,8.961400017142296
Full Pipeline,True,True,True,True,114,8.990399990580045,0.0006999907782301307,0.000800006091594696,0.10119999933522195,9.093099986785091
Full Pipeline,True,True,True,True,115,9.03640000615269,0.0006999907782301307,0.0010999938240274787,0.10549998842179775,9.143699979176745
Full Pipeline,True,True,True,True,116,9.038899996085092,0.000700005330145359,0.001100008375942707,0.10040000779554248,9.141100017586723
Full Pipeline,True,True,True,True,117,9.819400002015755,0.000700005330145359,0.0010999938240274787,0.10840001050382853,9.929600011673756
Full Pipeline,True,True,True,True,118,9.007000000565313,0.000600004568696022,0.0009999930625781417,0.10410000686533749,9.112700005061924
Full Pipeline,True,True,True,True,119,8.98139999480918,0.000800006091594696,0.0010999938240274787,0.10940000356640667,9.09269999829121
Full Pipeline,True,True,True,True,120,9.028999993461184,0.0005999900167807937,0.001100008375942707,0.10629999451339245,9.1369999863673
Full Pipeline,True,True,True,True,121,9.013600007165223,0.0006999907782301307,0.0011999945854768157,0.10900000052060932,9.12449999304954
Full Pipeline,True,True,True,True,122,9.082699994905852,0.0011999945854768157,0.0024000037228688598,0.15199999324977398,9.238299986463971
Full Pipeline,True,True,True,True,123,14.38040001085028,0.0009999930625781417,0.001600012183189392,0.17380001372657716,14.556800029822625
Full Pipeline,True,True,True,True,124,11.944900004891679,0.000900006853044033,0.0012999953469261527,0.11890000314451754,12.066000010236166
Full Pipeline,True,True,True,True,125,9.126400007517077,0.0006999907782301307,0.0011999945854768157,0.11149999045301229,9.239799983333796
Full Pipeline,True,True,True,True,126,10.27569999860134,0.000900006853044033,0.0013999961083754897,0.11409999569877982,10.392099997261539
Full Pipeline,True,True,True,True,127,10.675300000002608,0.000900006853044033,0.0014999968698248267,0.1171000039903447,10.794800007715821
Full Pipeline,True,True,True,True,128,10.418899997603148,0.000800006091594696,0.001300009898841381,0.11760000779759139,10.538600021391176
Full Pipeline,True,True,True,True,129,10.389200004283339,0.000900006853044033,0.001600012183189392,0.16169999435078353,10.553400017670356
Full Pipeline,True,True,True,True,130,10.948400013148785,0.00100000761449337,0.0015999976312741637,0.1508999994257465,11.101900017820299
Full Pipeline,True,True,True,True,131,10.50750000285916,0.00100000761449337,0.001300009898841381,0.1145999995060265,10.624400019878522
Full Pipeline,True,True,True,True,132,9.233499993570149,0.0008999923011288047,0.0011999945854768157,0.1024999946821481,9.338099975138903
Full Pipeline,True,True,True,True,133,9.406900004250929,0.0006999907782301307,0.0012999953469261527,0.10790000669658184,9.516799997072667
Full Pipeline,True,True,True,True,134,9.09200000751298,0.0010999938240274787,0.0010999938240274787,0.10299999848939478,9.197199993650429
Full Pipeline,True,True,True,True,135,9.108300000661984,0.000800006091594696,0.0009999930625781417,0.10570000449661165,9.215800004312769
Full Pipeline,True,True,True,True,136,8.879000000888482,0.0006999907782301307,0.0009999930625781417,0.10959999053739011,8.99029997526668
Full Pipeline,True,True,True,True,137,8.91780000529252,0.0008999923011288047,0.0011999945854768157,0.10370000381954014,9.023599995998666
Full Pipeline,True,True,True,True,138,8.803100005025044,0.0011999945854768157,0.001600012183189392,0.14189998910296708,8.947800000896677
Full Pipeline,True,True,True,True,139,8.81919999665115,0.0006999907782301307,0.0009999930625781417,0.11409999569877982,8.934999976190738
Full Pipeline,True,True,True,True,140,8.956799996667542,0.0006999907782301307,0.0010999938240274787,0.10999999358318746,9.068599974852987
Full Pipeline,True,True,True,True,141,11.552199997822754,0.0008999923011288047,0.0012999953469261527,0.10979999206028879,11.664199977531098
Full Pipeline,True,True,True,True,142,9.300499994424172,0.000700005330145359,0.001100008375942707,0.10180000390391797,9.404100012034178
Full Pipeline,True,True,True,True,143,10.836700006620958,0.000700005330145359,0.001100008375942707,0.11510000331327319,10.95360002364032
Full Pipeline,True,True,True,True,144,10.988399997586384,0.000800006091594696,0.001100008375942707,0.112900001113303,11.103200013167225
Full Pipeline,True,True,True,True,145,11.010999995050952,0.000800006091594696,0.0011999945854768157,0.11649999942164868,11.129499995149672
Full Pipeline,True,True,True,True,146,10.730800000601448,0.0007999915396794677,0.0010999938240274787,0.11230001109652221,10.844999997061677
Full Pipeline,True,True,True,True,147,11.444500007200986,0.000800006091594696,0.001100008375942707,0.1154000055976212,11.561800027266145
Full Pipeline,True,True,True,True,148,9.865700005320832,0.0007999915396794677,0.0010999938240274787,0.10959999053739011,9.97719998122193
Full Pipeline,True,True,True,True,149,11.435100008384325,0.0007999915396794677,0.0012999953469261527,0.11229999654460698,11.549499991815537
Full Pipeline,True,True,True,True,150,15.079899996635504,0.0011999945854768157,0.001700012944638729,0.14120001287665218,15.224000017042272
Full Pipeline,True,True,True,True,151,14.759500001673587,0.000900006853044033,0.0012999953469261527,0.12080000306013972,14.882500006933697
Full Pipeline,True,True,True,True,152,14.094999991357327,0.000900006853044033,0.0012999953469261527,0.11059999815188348,14.20779999170918
Full Pipeline,True,True,True,True,153,14.040599999134429,0.0007999915396794677,0.0014999968698248267,0.13509999553207308,14.177999983076006
Full Pipeline,True,True,True,True,154,12.973399992915802,0.0007999915396794677,0.0012999953469261527,0.11730000551324338,13.09279998531565
Full Pipeline,True,True,True,True,155,10.315899999113753,0.0007999915396794677,0.0011999945854768157,0.11830001312773675,10.436199998366646
Full Pipeline,True,True,True,True,156,9.739000000990927,0.0006999907782301307,0.0010999938240274787,0.10779999138321728,9.848599976976402
Full Pipeline,True,True,True,True,157,10.094600002048537,0.0007999915396794677,0.0012999953469261527,0.1472000003559515,10.243899989291094
Full Pipeline,True,True,True,True,158,11.7824000044493,0.000800006091594696,0.001200009137392044,0.10689999908208847,11.891300018760376
Full Pipeline,True,True,True,True,159,9.062299999641255,0.0008999923011288047,0.0011999945854768157,0.10730000212788582,9.171699988655746
Full Pipeline,True,True,True,True,160,9.059999996679835,0.0005999900167807937,0.0013999961083754897,0.10179998935200274,9.163799972156994
Full Pipeline,True,True,True,True,161,10.084399997140281,0.000900006853044033,0.0017999991541728377,0.13670000771526247,10.22380001086276
Full Pipeline,True,True,True,True,162,13.314099996932782,0.0007999915396794677,0.0013999961083754897,0.1548000000184402,13.471099984599277
Full Pipeline,True,True,True,True,163,9.789399991859682,0.0009999930625781417,0.0012999953469261527,0.12320000678300858,9.914899987052195
Full Pipeline,True,True,True,True,164,9.240999992471188,0.000800006091594696,0.001200009137392044,0.11500000255182385,9.358000010251999
Full Pipeline,True,True,True,True,165,11.000500002410263,0.000700005330145359,0.0012999953469261527,0.12409999908413738,11.126600002171472
Full Pipeline,True,True,True,True,166,14.004900003783405,0.0009999930625781417,0.0015999976312741637,0.13610000314656645,14.143599997623824
Full Pipeline,True,True,True,True,167,10.519100003875792,0.0008999923011288047,0.001200009137392044,0.10859999747481197,10.629800002789125
Full Pipeline,True,True,True,True,168,9.033299997099675,0.0008999923011288047,0.0011999945854768157,0.10649999603629112,9.141899980022572
Full Pipeline,True,True,True,True,169,8.987799999886192,0.0007999915396794677,0.0012999953469261527,0.10429999383632094,9.094199980609119
Full Pipeline,True,True,True,True,170,8.979400008684024,0.0005999900167807937,0.0011999945854768157,0.10990000737365335,9.091100000659935
Full Pipeline,True,True,True,True,171,8.858899993356317,0.000800006091594696,0.001300009898841381,0.10320000001229346,8.964200009359047
Full Pipeline,True,True,True,True,172,8.868399992934428,0.000900006853044033,0.001300009898841381,0.10720000136643648,8.97780001105275
Full Pipeline,True,True,True,True,173,8.902699992177077,0.0006999907782301307,0.0012999953469261527,0.10469999688211828,9.009399975184351
Full Pipeline,True,True,True,True,174,8.839799993438646,0.000600004568696022,0.0011999945854768157,0.10580000525806099,8.94739999785088
Full Pipeline,True,True,True,True,175,8.783099998254329,0.000800006091594696,0.0012999953469261527,0.112900001113303,8.898100000806153
Full Pipeline,True,True,True,True,176,18.299400006071664,0.0009999930625781417,0.0013999961083754897,0.13840000610798597,18.440200001350604
Full Pipeline,True,True,True,True,177,10.595500003546476,0.0011999945854768157,0.0014999968698248267,0.12430000060703605,10.722499995608814
Full Pipeline,True,True,True,True,178,9.996799999498762,0.000800006091594696,0.001300009898841381,0.1294999965466559,10.128400012035854
Full Pipeline,True,True,True,True,179,9.612299996661022,0.001100008375942707,0.0012999953469261527,0.11280000035185367,9.727500000735745
Full Pipeline,True,True,True,True,180,9.3438000039896,0.000700005330145359,0.0013999961083754897,0.12770001194439828,9.473600017372519
Full Pipeline,True,True,True,True,181,9.18529999034945,0.0006999907782301307,0.0010999938240274787,0.11670000094454736,9.303799975896254
Full Pipeline,True,True,True,True,182,10.915899998508394,0.0008999923011288047,0.0016999983927235007,0.20540000696200877,11.123899996164255
Full Pipeline,True,True,True,True,183,9.937100010574795,0.000800006091594696,0.001200009137392044,0.11360000644344836,10.05270003224723
Full Pipeline,True,True,True,True,184,9.025300008943304,0.0006999907782301307,0.0012999953469261527,0.11690000246744603,9.144199997535907
Full Pipeline,True,True,True,True,185,9.784800000488758,0.000700005330145359,0.001100008375942707,0.1264000020455569,9.913000016240403
Full Pipeline,True,True,True,True,186,9.397700006957166,0.0008999923011288047,0.0012999953469261527,0.12060000153724104,9.520499996142462
Full Pipeline,True,True,True,True,187,9.418999994522892,0.00100000761449337,0.001300009898841381,0.119399992399849,9.540700004436076
Full Pipeline,True,True,True,True,188,8.852400002069771,0.0009999930625781417,0.0010999938240274787,0.1554000045871362,9.009899993543513
Full Pipeline,True,True,True,True,189,9.14300000295043,0.000700005330145359,0.001200009137392044,0.11969999468419701,9.264600012102164
Full Pipeline,True,True,True,True,190,8.92079999903217,0.0006999907782301307,0.001100008375942707,0.11219999578315765,9.0347999939695
Full Pipeline,True,True,True,True,191,8.685299995704554,0.000700005330145359,0.0011999945854768157,0.10109999857377261,8.788299994193949
Full Pipeline,True,True,True,True,192,9.066600003279746,0.000600004568696022,0.0011999945854768157,0.10240000847261399,9.170800010906532
Full Pipeline,True,True,True,True,193,11.832600008347072,0.000900006853044033,0.0011999945854768157,0.11649999942164868,11.951200009207241
Full Pipeline,True,True,True,True,194,9.271400005673058,0.000800006091594696,0.001300009898841381,0.11569999333005399,9.389200014993548
Full Pipeline,True,True,True,True,195,9.138900000834838,0.0007999915396794677,0.0012999953469261527,0.11100000119768083,9.251999988919124
Full Pipeline,True,True,True,True,196,8.916100006899796,0.000900006853044033,0.00100000761449337,0.10859999747481197,9.026600018842146
Full Pipeline,True,True,True,True,197,8.979000005638227,0.000900006853044033,0.001100008375942707,0.11130000348202884,9.092300024349242
Full Pipeline,True,True,True,True,198,9.376899994094856,0.0008999923011288047,0.001100008375942707,0.11539999104570597,9.494299985817634
Full Pipeline,True,True,True,True,199,17.19559999764897,0.001100008375942707,0.0015999976312741637,0.1503000094089657,17.348600013065152
No YOLO,False,True,True,True,0,0.000400003045797348,0.0008999923011288047,0.0018999999156221747,0.14600000577047467,0.149200001033023
No YOLO,False,True,True,True,1,0.000700005330145359,0.00100000761449337,0.001600012183189392,0.12909999350085855,0.13240001862868667
No YOLO,False,True,True,True,2,0.000600004568696022,0.000600004568696022,0.0010999938240274787,0.11910000466741621,0.12140000762883574
No YOLO,False,True,True,True,3,0.000400003045797348,0.000500003807246685,0.0009999930625781417,0.13880000915378332,0.1407000090694055
No YOLO,False,True,True,True,4,0.000500003807246685,0.000400003045797348,0.000900006853044033,0.17719999596010894,0.179000009666197
No YOLO,False,True,True,True,5,0.0009999930625781417,0.000800006091594696,0.0015999976312741637,0.14560000272467732,0.14899999951012433
No YOLO,False,True,True,True,6,0.000500003807246685,0.000500003807246685,0.0009999930625781417,0.19720000273082405,0.19920000340789557
No YOLO,False,True,True,True,7,0.000600004568696022,0.0006999907782301307,0.0012999953469261527,0.13390000094659626,0.13649999164044857
No YOLO,False,True,True,True,8,0.0005999900167807937,0.000500003807246685,0.0008999923011288047,0.11229999654460698,0.11429998266976327
No YOLO,False,True,True,True,9,0.00029998773243278265,0.0008999923011288047,0.0009999930625781417,0.11819999781437218,0.12039997091051191
No YOLO,False,True,True,True,10,0.000400003045797348,0.000500003807246685,0.000900006853044033,0.13390000094659626,0.13570001465268433
No YOLO,False,True,True,True,11,0.000500003807246685,0.000500003807246685,0.000700005330145359,0.11209999502170831,0.11380000796634704
No YOLO,False,True,True,True,12,0.00019998697098344564,0.000500003807246685,0.000700005330145359,0.11980000999756157,0.12120000610593706
No YOLO,False,True,True,True,13,0.000200001522898674,0.000500003807246685,0.00100000761449337,0.11670000094454736,0.11840001388918608
No YOLO,False,True,True,True,14,0.00029998773243278265,0.0004999892553314567,0.000900006853044033,0.15390000771731138,0.15559999155811965
No YOLO,False,True,True,True,15,0.000400003045797348,0.0005999900167807937,0.000900006853044033,0.12209999840706587,0.12399999832268804
No YOLO,False,True,True,True,16,0.0008999923011288047,0.000700005330145359,0.0015999976312741637,0.14700001338496804,0.15020000864751637
No YOLO,False,True,True,True,17,0.00039998849388211966,0.000600004568696022,0.0010999938240274787,0.13190000026952475,0.13399998715613037
No YOLO,False,True,True,True,18,0.00100000761449337,0.000700005330145359,0.0017999991541728377,0.14910000027157366,0.15260001237038523
No YOLO,False,True,True,True,19,0.000700005330145359,0.000700005330145359,0.001200009137392044,0.13110000872984529,0.13370002852752805
No YOLO,False,True,True,True,20,0.000400003045797348,0.000600004568696022,0.0011999945854768157,0.12700000661425292,0.1292000088142231
No YOLO,False,True,True,True,21,0.000300002284348011,0.00039998849388211966,0.000700005330145359,0.11580000864341855,0.11720000475179404
No YOLO,False,True,True,True,22,0.00039998849388211966,0.0004999892553314567,0.001100008375942707,0.10879999899771065,0.11079998512286693
No YOLO,False,True,True,True,23,0.000300002284348011,0.000600004568696022,0.000700005330145359,0.15400000847876072,0.1556000206619501
No YOLO,False,True,True,True,24,0.000300002284348011,0.0005999900167807937,0.000700005330145359,0.14579998969566077,0.14739998732693493
No YOLO,False,True,True,True,25,0.0011999945854768157,0.0010999938240274787,0.0017999991541728377,0.14740000187885016,0.1514999894425273
No YOLO,False,True,True,True,26,0.000400003045797348,0.0005999900167807937,0.0010999938240274787,0.1505999971413985,0.1526999840280041
No YOLO,False,True,True,True,27,0.000800006091594696,0.0008999923011288047,0.0015999976312741637,0.15110000094864517,0.15439999697264284
No YOLO,False,True,True,True,28,0.0004999892553314567,0.000700005330145359,0.0010999938240274787,0.1221999991685152,0.1244999875780195
No YOLO,False,True,True,True,29,0.00039998849388211966,0.000600004568696022,0.0013999961083754897,0.12820000119972974,0.13059999037068337
No YOLO,False,True,True,True,30,0.000500003807246685,0.0005999900167807937,0.000800006091594696,0.13590000162366778,0.13780000153928995
No YOLO,False,True,True,True,31,0.00039998849388211966,0.00039998849388211966,0.000900006853044033,0.10590000601951033,0.1075999898603186
No YOLO,False,True,True,True,32,0.00039998849388211966,0.00039998849388211966,0.000700005330145359,0.12260000221431255,0.12409998453222215
No YOLO,False,True,True,True,33,0.000900006853044033,0.0006999907782301307,0.001400010660290718,0.16460000188089907,0.16760001017246395
No YOLO,False,True,True,True,34,0.0006999907782301307,0.000700005330145359,0.0013999961083754897,0.14170000213198364,0.14449999434873462
No YOLO,False,True,True,True,35,0.000400003045797348,0.0005999900167807937,0.000800006091594696,0.11979999544564635,0.12159999459981918
No YOLO,False,True,True,True,36,0.000400003045797348,0.000500003807246685,0.0007999915396794677,0.2103000006172806,0.2119999990100041
No YOLO,False,True,True,True,37,0.0008999923011288047,0.000800006091594696,0.0015999976312741637,0.16250000044237822,0.1657999964663759
No YOLO,False,True,True,True,38,0.0026000052457675338,0.0007999915396794677,0.0013999961083754897,0.14040000678505749,0.14519999967887998
No YOLO,False,True,True,True,39,0.000400003045797348,0.0004999892553314567,0.0009999930625781417,0.12659998901654035,0.1284999743802473
No YOLO,False,True,True,True,40,0.000300002284348011,0.000500003807246685,0.000900006853044033,0.16330000653397292,0.16500001947861165
No YOLO,False,True,True,True,41,0.000700005330145359,0.000800006091594696,0.0012999953469261527,0.12030001380480826,0.12310002057347447
No YOLO,False,True,True,True,42,0.000400003045797348,0.000500003807246685,0.000900006853044033,0.11340000492054969,0.11520001862663776
No YOLO,False,True,True,True,43,0.000400003045797348,0.000500003807246685,0.0008999923011288047,0.12900000729132444,0.13080000644549727
No YOLO,False,True,True,True,44,0.000500003807246685,0.0004999892553314567,0.000900006853044033,0.11300000187475234,0.11490000179037452
No YOLO,False,True,True,True,45,0.000200001522898674,0.000400003045797348,0.0006999907782301307,0.1100999943446368,0.11139998969156295
No YOLO,False,True,True,True,46,0.00039998849388211966,0.0004999892553314567,0.000900006853044033,0.1066999975591898,0.1084999821614474
No YOLO,False,True,True,True,47,0.000200001522898674,0.000400003045797348,0.000600004568696022,0.1075999898603186,0.10879999899771065
No YOLO,False,True,True,True,48,0.000300002284348011,0.000500003807246685,0.000600004568696022,0.27120001323055476,0.2726000238908455
No YOLO,False,True,True,True,49,0.00100000761449337,0.000800006091594696,0.0018999999156221747,0.20399999630171806,0.2077000099234283
No YOLO,False,True,True,True,50,0.0007999915396794677,0.0006999907782301307,0.0015999976312741637,0.12799999967683107,0.13109997962601483
No YOLO,False,True,True,True,51,0.001400010660290718,0.0020000006770715117,0.002700006007216871,0.2693999995244667,0.2755000168690458
No YOLO,False,True,True,True,52,0.0009999930625781417,0.000700005330145359,0.001500011421740055,0.17869999282993376,0.18190000264439732
No YOLO,False,True,True,True,53,0.000500003807246685,0.000500003807246685,0.00100000761449337,0.14229999214876443,0.14430000737775117
No YOLO,False,True,True,True,54,0.000500003807246685,0.000600004568696022,0.00100000761449337,0.17559999832883477,0.17770001431927085
No YOLO,False,True,True,True,55,0.000800006091594696,0.000600004568696022,0.001100008375942707,0.12799999967683107,0.1305000187130645
No YOLO,False,True,True,True,56,0.000300002284348011,0.0005999900167807937,0.0010999938240274787,0.09529999806545675,0.09729998419061303
No YOLO,False,True,True,True,57,0.000400003045797348,0.000500003807246685,0.0007999915396794677,0.12270000297576189,0.12440000136848539
No YOLO,False,True,True,True,58,0.000400003045797348,0.000500003807246685,0.0007999915396794677,0.10180000390391797,0.10350000229664147
No YOLO,False,True,True,True,59,0.000200001522898674,0.000400003045797348,0.000600004568696022,0.1218999968841672,0.12310000602155924
No YOLO,False,True,True,True,60,0.000300002284348011,0.000400003045797348,0.000700005330145359,0.10720000136643648,0.1086000120267272
No YOLO,False,True,True,True,61,0.000400003045797348,0.0004999892553314567,0.000700005330145359,0.11999999696854502,0.12159999459981918
No YOLO,False,True,True,True,62,0.0014999968698248267,0.0009999930625781417,0.0023000029614195228,0.3023000026587397,0.3070999955525622
No YOLO,False,True,True,True,63,0.000700005330145359,0.0011999945854768157,0.0021000014385208488,0.2542999864090234,0.2582999877631664
No YOLO,False,True,True,True,64,0.000900006853044033,0.0006999907782301307,0.0013999961083754897,0.13640000543091446,0.13939999917056412
No YOLO,False,True,True,True,65,0.00039998849388211966,0.000600004568696022,0.0010999938240274787,0.13290000788401812,0.13499999477062374
No YOLO,False,True,True,True,66,0.000400003045797348,0.000500003807246685,0.000900006853044033,0.11449999874457717,0.11630001245066524
No YOLO,False,True,True,True,67,0.000200001522898674,0.000500003807246685,0.0005999900167807937,0.11269999959040433,0.11399999493733048
No YOLO,False,True,True,True,68,0.001100008375942707,0.000900006853044033,0.0015999976312741637,0.1703000016277656,0.1739000144880265
No YOLO,False,True,True,True,69,0.0006999907782301307,0.0006999907782301307,0.0010999938240274787,0.12199999764561653,0.12449997302610427
No YOLO,False,True,True,True,70,0.000400003045797348,0.000600004568696022,0.00100000761449337,0.10879999899771065,0.11080001422669739
No YOLO,False,True,True,True,71,0.000300002284348011,0.000500003807246685,0.0008999923011288047,0.08820000221021473,0.08990000060293823
No YOLO,False,True,True,True,72,0.00019998697098344564,0.000500003807246685,0.0007999915396794677,0.12350000906735659,0.12499999138526618
No YOLO,False,True,True,True,73,0.000400003045797348,0.000600004568696022,0.000700005330145359,0.11239999730605632,0.11410001025069505
No YOLO,False,True,True,True,74,0.000300002284348011,0.000500003807246685,0.000700005330145359,0.09849999332800508,0.10000000474974513
No YOLO,False,True,True,True,75,0.000400003045797348,0.0005999900167807937,0.000700005330145359,0.14829999417997897,0.14999999257270247
No YOLO,False,True,True,True,76,0.0008999923011288047,0.000700005330145359,0.0015999976312741637,0.148899998748675,0.15209999401122332
No YOLO,False,True,True,True,77,0.000500003807246685,0.000700005330145359,0.0011999945854768157,0.1328999933321029,0.13529999705497175
No YOLO,False,True,True,True,78,0.00029998773243278265,0.0005999900167807937,0.000900006853044033,0.11999999696854502,0.12179998157080263
No YOLO,False,True,True,True,79,0.000300002284348011,0.0005999900167807937,0.00100000761449337,0.155699992319569,0.15759999223519117
No YOLO,False,True,True,True,80,0.000400003045797348,0.0005999900167807937,0.000800006091594696,0.12919999426230788,0.13099999341648072
No YOLO,False,True,True,True,81,0.000200001522898674,0.000500003807246685,0.000800006091594696,0.12530000822152942,0.12680001964326948
No YOLO,False,True,True,True,82,0.000400003045797348,0.000500003807246685,0.0007999915396794677,0.12630000128410757,0.12799999967683107
No YOLO,False,True,True,True,83,0.000300002284348011,0.000500003807246685,0.000700005330145359,0.15570000687148422,0.15720001829322428
No YOLO,False,True,True,True,84,0.000400003045797348,0.000500003807246685,0.000800006091594696,0.12190001143608242,0.12360002438072115
No YOLO,False,True,True,True,85,0.000300002284348011,0.000600004568696022,0.001100008375942707,0.12599999899975955,0.1280000142287463
No YOLO,False,True,True,True,86,0.000300002284348011,0.0004999892553314567,0.000600004568696022,0.13640000543091446,0.13780000153928995
No YOLO,False,True,True,True,87,0.000300002284348011,0.000600004568696022,0.0007999915396794677,0.12209999840706587,0.12379999679978937
No YOLO,False,True,True,True,88,0.000300002284348011,0.000500003807246685,0.000700005330145359,0.12149999383836985,0.1230000052601099
No YOLO,False,True,True,True,89,0.000200001522898674,0.0005999900167807937,0.000700005330145359,0.11740000627469271,0.11890000314451754
No YOLO,False,True,True,True,90,0.000300002284348011,0.000500003807246685,0.0006999907782301307,0.12349999451544136,0.12499999138526618
No YOLO,False,True,True,True,91,0.000900006853044033,0.000800006091594696,0.0027999922167509794,0.15700000221841037,0.16150000737980008
No YOLO,False,True,True,True,92,0.0005999900167807937,0.000700005330145359,0.00100000761449337,0.15469999925699085,0.15700000221841037
No YOLO,False,True,True,True,93,0.000400003045797348,0.000600004568696022,0.0009999930625781417,0.11509998876135796,0.11709998943842947
No YOLO,False,True,True,True,94,0.000400003045797348,0.000500003807246685,0.000800006091594696,0.1205000007757917,0.12220001372043043
No YOLO,False,True,True,True,95,0.000500003807246685,0.000500003807246685,0.0007999915396794677,0.11759999324567616,0.119399992399849
No YOLO,False,True,True,True,96,0.0004999892553314567,0.0004999892553314567,0.000800006091594696,0.12250000145286322,0.12429998605512083
No YOLO,False,True,True,True,97,0.000400003045797348,0.0004999892553314567,0.000900006853044033,0.11890000314451754,0.12070000229869038
No YOLO,False,True,True,True,98,0.00039998849388211966,0.0005999900167807937,0.000900006853044033,0.12209999840706587,0.12399998377077281
No YOLO,False,True,True,True,99,0.00039998849388211966,0.0004999892553314567,0.00100000761449337,0.13810000382363796,0.1399999891873449
No YOLO,False,True,True,True,100,0.000800006091594696,0.000800006091594696,0.001500011421740055,0.13619998935610056,0.13930001296103
No YOLO,False,True,True,True,101,0.000600004568696022,0.0006999907782301307,0.0012999953469261527,0.11990001075901091,0.12250000145286322
No YOLO,False,True,True,True,102,0.000400003045797348,0.0005999900167807937,0.000900006853044033,0.11409999569877982,0.115999995614402
No YOLO,False,True,True,True,103,0.0006999907782301307,0.000500003807246685,0.0011999945854768157,0.11360000644344836,0.115999995614402
No YOLO,False,True,True,True,104,0.0004999892553314567,0.0005999900167807937,0.000800006091594696,0.14000000373926014,0.14189998910296708
No YOLO,False,True,True,True,105,0.000700005330145359,0.000500003807246685,0.00100000761449337,0.1264000020455569,0.12860001879744232
No YOLO,False,True,True,True,106,0.0009999930625781417,0.0008999923011288047,0.001600012183189392,0.15839999832678586,0.1618999958736822
No YOLO,False,True,True,True,107,0.0004999892553314567,0.0006999907782301307,0.0009999930625781417,0.12879999121651053,0.13099996431265026
No YOLO,False,True,True,True,108,0.000300002284348011,0.000500003807246685,0.000900006853044033,0.09169999975711107,0.0934000127017498
No YOLO,False,True,True,True,109,0.00039998849388211966,0.000400003045797348,0.000600004568696022,0.10939998901449144,0.11079998512286693
No YOLO,False,True,True,True,110,0.000200001522898674,0.000400003045797348,0.000600004568696022,0.09129999671131372,0.09250000584870577
No YOLO,False,True,True,True,111,0.000200001522898674,0.000500003807246685,0.0006999907782301307,0.1036000030580908,0.1049999991664663
No YOLO,False,True,True,True,112,0.000200001522898674,0.000400003045797348,0.000500003807246685,0.1134999911300838,0.1145999995060265
No YOLO,False,True,True,True,113,0.000100000761449337,0.000400003045797348,0.000600004568696022,0.10179998935200274,0.10289999772794545
No YOLO,False,True,True,True,114,0.000200001522898674,0.000400003045797348,0.000600004568696022,0.13410000246949494,0.13530001160688698
No YOLO,False,True,True,True,115,0.000400003045797348,0.000500003807246685,0.0005999900167807937,0.11320000339765102,0.11470000026747584
No YOLO,False,True,True,True,116,0.000300002284348011,0.000400003045797348,0.0005999900167807937,0.12070000229869038,0.12199999764561653
No YOLO,False,True,True,True,117,0.00029998773243278265,0.000400003045797348,0.000700005330145359,0.11839999933727086,0.11979999544564635
No YOLO,False,True,True,True,118,0.000400003045797348,0.0005999900167807937,0.000800006091594696,0.12080000306013972,0.12260000221431255
No YOLO,False,True,True,True,119,0.000500003807246685,0.000500003807246685,0.0010999938240274787,0.12140000762883574,0.12350000906735659
No YOLO,False,True,True,True,120,0.000500003807246685,0.000500003807246685,0.000900006853044033,0.1382000045850873,0.1401000190526247
No YOLO,False,True,True,True,121,0.000600004568696022,0.000400003045797348,0.00100000761449337,0.12169999536126852,0.12370001059025526
No YOLO,False,True,True,True,122,0.00039998849388211966,0.0005999900167807937,0.0009999930625781417,0.12260000221431255,0.12459997378755361
No YOLO,False,True,True,True,123,0.000500003807246685,0.000600004568696022,0.000800006091594696,0.12759999663103372,0.12950001109857112
No YOLO,False,True,True,True,124,0.0008999923011288047,0.000600004568696022,0.001300009898841381,0.14230000670067966,0.14510001346934587
No YOLO,False,True,True,True,125,0.0015999976312741637,0.0012999953469261527,0.0029999937396496534,0.27800000680144876,0.28389999351929873
No YOLO,False,True,True,True,126,0.000900006853044033,0.0007999915396794677,0.0015999976312741637,0.16209999739658087,0.16539999342057854
No YOLO,False,True,True,True,127,0.0004999892553314567,0.000800006091594696,0.001100008375942707,0.12719999358523637,0.12959999730810523
No YOLO,False,True,True,True,128,0.000400003045797348,0.000600004568696022,0.000900006853044033,0.12419999984558672,0.12610001431312412
No YOLO,False,True,True,True,129,0.000400003045797348,0.0004999892553314567,0.000800006091594696,0.12579999747686088,0.12749999586958438
No YOLO,False,True,True,True,130,0.000200001522898674,0.000500003807246685,0.0008999923011288047,0.12119999155402184,0.122799989185296
No YOLO,False,True,True,True,131,0.00029998773243278265,0.0004999892553314567,0.00100000761449337,0.12209999840706587,0.12389998300932348
No YOLO,False,True,True,True,132,0.000300002284348011,0.000400003045797348,0.000900006853044033,0.1336999994236976,0.13530001160688698
No YOLO,False,True,True,True,133,0.000400003045797348,0.000500003807246685,0.000800006091594696,0.1446999958716333,0.14640000881627202
No YOLO,False,True,True,True,134,0.0005999900167807937,0.000500003807246685,0.0006999907782301307,0.1281999866478145,0.12999997125007212
No YOLO,False,True,True,True,135,0.000300002284348011,0.000500003807246685,0.0007999915396794677,0.12259998766239733,0.12419998529367149
No YOLO,False,True,True,True,136,0.000400003045797348,0.000600004568696022,0.0008999923011288047,0.12289998994674534,0.12479998986236751
No YOLO,False,True,True,True,137,0.000200001522898674,0.000500003807246685,0.0006999907782301307,0.10699999984353781,0.1083999959519133
No YOLO,False,True,True,True,138,0.000300002284348011,0.00029998773243278265,0.000600004568696022,0.1112000027205795,0.11239999730605632
No YOLO,False,True,True,True,139,0.000400003045797348,0.00039998849388211966,0.000500003807246685,0.09030000364873558,0.09159999899566174
No YOLO,False,True,True,True,140,0.000200001522898674,0.00039998849388211966,0.000700005330145359,0.12360000982880592,0.12490000517573208
No YOLO,False,True,True,True,141,0.000400003045797348,0.000400003045797348,0.0005999900167807937,0.0906999921426177,0.09209998825099319
No YOLO,False,True,True,True,142,0.000300002284348011,0.000500003807246685,0.0005999900167807937,0.2415999915683642,0.2429999876767397
No YOLO,False,True,True,True,143,0.000800006091594696,0.0007999915396794677,0.0012999953469261527,0.14010000450070947,0.1429999974789098
No YOLO,False,True,True,True,144,0.000500003807246685,0.000500003807246685,0.00100000761449337,0.12789999891538173,0.12990001414436847
No YOLO,False,True,True,True,145,0.0004999892553314567,0.000500003807246685,0.0008999923011288047,0.13419998867902905,0.136099974042736
No YOLO,False,True,True,True,146,0.000300002284348011,0.0005999900167807937,0.000800006091594696,0.12419999984558672,0.12589999823831022
No YOLO,False,True,True,True,147,0.0006999907782301307,0.0005999900167807937,0.0010999938240274787,0.1272000081371516,0.12959998275619
No YOLO,False,True,True,True,148,0.000200001522898674,0.000400003045797348,0.0006999907782301307,0.08529999468009919,0.08659999002702534
No YOLO,False,True,True,True,149,0.000300002284348011,0.00039998849388211966,0.000700005330145359,0.12399999832268804,0.12539999443106353
No YOLO,False,True,True,True,150,0.000400003045797348,0.000600004568696022,0.0008999923011288047,0.12919999426230788,0.13109999417793006
No YOLO,False,True,True,True,151,0.000500003807246685,0.0004999892553314567,0.0009999930625781417,0.1260999997612089,0.12809998588636518
No YOLO,False,True,True,True,152,0.000500003807246685,0.0005999900167807937,0.0008999923011288047,0.12339999375399202,0.1253999798791483
No YOLO,False,True,True,True,153,0.000500003807246685,0.0005999900167807937,0.0007999915396794677,0.10919998749159276,0.11109997285529971
No YOLO,False,True,True,True,154,0.000200001522898674,0.000300002284348011,0.000500003807246685,0.08499999239575118,0.08600000001024455
No YOLO,False,True,True,True,155,0.000300002284348011,0.00039998849388211966,0.000600004568696022,0.11820001236628741,0.11950000771321356
No YOLO,False,True,True,True,156,0.00039998849388211966,0.000300002284348011,0.0005999900167807937,0.10209999163635075,0.10339997243136168
No YOLO,False,True,True,True,157,0.000300002284348011,0.000400003045797348,0.0005999900167807937,0.09810000483412296,0.09940000018104911
No YOLO,False,True,True,True,158,0.00039998849388211966,0.000400003045797348,0.000700005330145359,0.14910000027157366,0.1505999971413985
No YOLO,False,True,True,True,159,0.000500003807246685,0.000600004568696022,0.000900006853044033,0.1238999975612387,0.12590001279022545
No YOLO,False,True,True,True,160,0.000500003807246685,0.00039998849388211966,0.000700005330145359,0.12250000145286322,0.12409999908413738
No YOLO,False,True,True,True,161,0.000600004568696022,0.000400003045797348,0.000700005330145359,0.09840000711847097,0.1001000200631097
No YOLO,False,True,True,True,162,0.000200001522898674,0.000500003807246685,0.000500003807246685,0.09030000364873558,0.09150001278612763
No YOLO,False,True,True,True,163,0.00019998697098344564,0.000300002284348011,0.000600004568696022,0.09280000813305378,0.09390000195708126
No YOLO,False,True,True,True,164,0.000300002284348011,0.0004999892553314567,0.000800006091594696,0.12440000136848539,0.12599999899975955
No YOLO,False,True,True,True,165,0.000500003807246685,0.000500003807246685,0.000800006091594696,0.11760000779759139,0.11940002150367945
No YOLO,False,True,True,True,166,0.000300002284348011,0.0004999892553314567,0.000700005330145359,0.12090000382158905,0.12240000069141388
No YOLO,False,True,True,True,167,0.0005999900167807937,0.0004999892553314567,0.0008999923011288047,0.12499999138526618,0.12699996295850724
No YOLO,False,True,True,True,168,0.000400003045797348,0.000500003807246685,0.0007999915396794677,1.0797000140883029,1.0814000124810264
No YOLO,False,True,True,True,169,0.000800006091594696,0.0007999915396794677,0.0014999968698248267,0.2767999976640567,0.2798999921651557
No YOLO,False,True,True,True,170,0.0008999923011288047,0.00100000761449337,0.0016999983927235007,0.17470000602770597,0.17830000433605164
No YOLO,False,True,True,True,171,0.000800006091594696,0.0005999900167807937,0.0009999930625781417,0.1297999988310039,0.13219998800195754
No YOLO,False,True,True,True,172,0.000500003807246685,0.0009999930625781417,0.0014999968698248267,0.15609999536536634,0.159099989105016
No YOLO,False,True,True,True,173,0.001300009898841381,0.001300009898841381,0.0022999884095042944,0.2334000018890947,0.23830001009628177
No YOLO,False,True,True,True,174,0.000900006853044033,0.001100008375942707,0.0018999999156221747,0.20090000180061907,0.20480001694522798
No YOLO,False,True,True,True,175,0.0010999938240274787,0.0010999938240274787,0.0014999968698248267,0.18279999494552612,0.1864999794634059
No YOLO,False,True,True,True,176,0.000400003045797348,0.0007999915396794677,0.0012999953469261527,0.1753999968059361,0.17789998673833907
No YOLO,False,True,True,True,177,0.000400003045797348,0.0005999900167807937,0.000900006853044033,0.16280000272672623,0.1647000026423484
No YOLO,False,True,True,True,178,0.000300002284348011,0.000700005330145359,0.000700005330145359,0.16930000856518745,0.17100002150982618
No YOLO,False,True,True,True,179,0.000300002284348011,0.0005999900167807937,0.000900006853044033,0.18960000306833535,0.1914000022225082
No YOLO,False,True,True,True,180,0.000400003045797348,0.0006999907782301307,0.0009999930625781417,0.24359999224543571,0.24569997913204134
No YOLO,False,True,True,True,181,0.0014999968698248267,0.0010999938240274787,0.0021000014385208488,0.7517000049119815,0.7563999970443547
No YOLO,False,True,True,True,182,0.000700005330145359,0.0005999900167807937,0.0013999961083754897,0.18940000154543668,0.19209999300073832
No YOLO,False,True,True,True,183,0.00100000761449337,0.001200009137392044,0.0020000006770715117,0.21889999334234744,0.22310001077130437
No YOLO,False,True,True,True,184,0.0009999930625781417,0.001100008375942707,0.0015999976312741637,0.24500000290572643,0.24870000197552145
No YOLO,False,True,True,True,185,0.0009999930625781417,0.0010999938240274787,0.0018999999156221747,0.5709000106435269,0.5748999974457547
No YOLO,False,True,True,True,186,0.0007999915396794677,0.000900006853044033,0.0013999961083754897,0.5160000000614673,0.5190999945625663
No YOLO,False,True,True,True,187,0.0013999961083754897,0.0015999976312741637,0.0024999899324029684,0.28070001280866563,0.28619999648071826
No YOLO,False,True,True,True,188,0.000800006091594696,0.001400010660290718,0.0021000014385208488,0.2514000079827383,0.2557000261731446
No YOLO,False,True,True,True,189,0.000500003807246685,0.0010999938240274787,0.0015999976312741637,0.6122000049799681,0.6154000002425164
No YOLO,False,True,True,True,190,0.0009999930625781417,0.000700005330145359,0.001600012183189392,0.13359999866224825,0.13690000923816115
No YOLO,False,True,True,True,191,0.000600004568696022,0.000600004568696022,0.001100008375942707,0.11639999866019934,0.1187000161735341
No YOLO,False,True,True,True,192,0.000500003807246685,0.000800006091594696,0.0008999923011288047,0.16140000661835074,0.16360000881832093
No YOLO,False,True,True,True,193,0.000800006091594696,0.000700005330145359,0.0012999953469261527,0.12900000729132444,0.13180001405999064
No YOLO,False,True,True,True,194,0.0004999892553314567,0.000600004568696022,0.0009999930625781417,0.2432000037515536,0.24529999063815922
No YOLO,False,True,True,True,195,0.000800006091594696,0.000700005330145359,0.0013999961083754897,0.12630000128410757,0.1292000088142231
No YOLO,False,True,True,True,196,0.000400003045797348,0.000600004568696022,0.0009999930625781417,0.12250000145286322,0.12450000212993473
No YOLO,False,True,True,True,197,0.0004999892553314567,0.000600004568696022,0.0009999930625781417,0.11399999493733048,0.1160999818239361
No YOLO,False,True,True,True,198,0.000400003045797348,0.000500003807246685,0.0007999915396794677,0.11189999349880964,0.11359999189153314
No YOLO,False,True,True,True,199,0.0004999892553314567,0.0004999892553314567,0.000900006853044033,0.2699000033317134,0.2717999886954203
No Hit Detection,True,False,True,True,0,22.109600002295338,0.000200001522898674,0.0017999991541728377,0.15669999993406236,22.26830000290647
No Hit Detection,True,False,True,True,1,11.01360000029672,0.00019998697098344564,0.001300009898841381,0.1480999926570803,11.163199989823624
No Hit Detection,True,False,True,True,2,14.223700010916218,0.000200001522898674,0.001500011421740055,0.13109999417793006,14.356500018038787
No Hit Detection,True,False,True,True,3,16.511699999682605,0.00029998773243278265,0.0018999999156221747,0.18370000179857016,16.69759998912923
No Hit Detection,True,False,True,True,4,15.83319999917876,0.000400003045797348,0.0020000006770715117,0.17939999816007912,16.015000001061708
No Hit Detection,True,False,True,True,5,14.274100001784973,0.000200001522898674,0.001600012183189392,0.12769999739248306,14.403600012883544
No Hit Detection,True,False,True,True,6,14.255400004913099,0.0004999892553314567,0.0025000044843181968,0.27430000773165375,14.532700006384403
No Hit Detection,True,False,True,True,7,12.97060000069905,0.000200001522898674,0.0013999961083754897,0.12440000136848539,13.09659999969881
No Hit Detection,True,False,True,True,8,14.541500000632368,0.000200001522898674,0.0016999983927235007,0.17179999849759042,14.71519999904558
No Hit Detection,True,False,True,True,9,15.595899996696971,0.000200001522898674,0.0014999968698248267,0.16799999866634607,15.765599993756041
No Hit Detection,True,False,True,True,10,10.007899996708147,0.0004999892553314567,0.0024000037228688598,0.345499996910803,10.35629998659715
No Hit Detection,True,False,True,True,11,14.527999999700114,0.000200001522898674,0.001300009898841381,0.12199999764561653,14.65150000876747
No Hit Detection,True,False,True,True,12,14.284699995187111,0.000100000761449337,0.0011999945854768157,0.11110000195913017,14.397099992493168
No Hit Detection,True,False,True,True,13,9.261300001526251,0.000100000761449337,0.0011999945854768157,0.11139998969156295,9.37399998656474
No Hit Detection,True,False,True,True,14,9.098800001083873,0.00019998697098344564,0.00100000761449337,0.1142999972216785,9.214299992891029
No Hit Detection,True,False,True,True,15,9.200000000419095,0.000100000761449337,0.0010999938240274787,0.10699999984353781,9.30819999484811
No Hit Detection,True,False,True,True,16,9.380199990118854,0.000200001522898674,0.0010999938240274787,0.11740000627469271,9.498899991740473
No Hit Detection,True,False,True,True,17,9.982599993236363,0.000200001522898674,0.0015999976312741637,0.14770000416319817,10.132099996553734
No Hit Detection,True,False,True,True,18,15.775300009408966,0.0004999892553314567,0.0022000021999701858,0.24080000002868474,16.018800000892952
No Hit Detection,True,False,True,True,19,19.103799990261905,0.000200001522898674,0.001600012183189392,0.20149999181739986,19.307099995785393
No Hit Detection,True,False,True,True,20,16.535699993255548,0.000800006091594696,0.0021000014385208488,0.1951000012923032,16.733700002077967
No Hit Detection,True,False,True,True,21,16.730000003008172,0.000200001522898674,0.0017999991541728377,0.1812999980757013,16.913300001760945
No Hit Detection,True,False,True,True,22,15.131799998925999,0.000300002284348011,0.0018999999156221747,0.178700007381849,15.312700008507818
No Hit Detection,True,False,True,True,23,13.38469999609515,0.000300002284348011,0.0018999999156221747,0.2786999975796789,13.6655999958748
No Hit Detection,True,False,True,True,24,16.219600001932122,0.000200001522898674,0.0016999983927235007,0.17240000306628644,16.39390000491403
No Hit Detection,True,False,True,True,25,13.03139999799896,0.00039998849388211966,0.0023000029614195228,0.16370000957977027,13.197799999034032
No Hit Detection,True,False,True,True,26,18.3134999970207,0.000300002284348011,0.0016999983927235007,0.16239999968092889,18.4778999973787
No Hit Detection,True,False,True,True,27,18.048099998850375,0.000200001522898674,0.0016999983927235007,0.14289999671746045,18.192899995483458
No Hit Detection,True,False,True,True,28,12.781400000676513,0.000300002284348011,0.0017999991541728377,0.1621999981580302,12.945700000273064
No Hit Detection,True,False,True,True,29,12.870899998233654,0.000200001522898674,0.0014999968698248267,0.13519999629352242,13.0077999929199
No Hit Detection,True,False,True,True,30,17.22419999714475,0.000300002284348011,0.0017999991541728377,0.17520000983495265,17.401500008418225
No Hit Detection,True,False,True,True,31,15.584900000249036,0.000100000761449337,0.0013999961083754897,0.12490000517573208,15.711300002294593
No Hit Detection,True,False,True,True,32,12.09509999898728,0.000200001522898674,0.0020000006770715117,0.20090000180061907,12.298200002987869
No Hit Detection,True,False,True,True,33,16.898400004720315,0.0005999900167807937,0.0024000037228688598,0.18479999562259763,17.086199994082563
No Hit Detection,True,False,True,True,34,14.019900001585484,0.000400003045797348,0.0024000037228688598,0.19359998987056315,14.216299998224713
No Hit Detection,True,False,True,True,35,12.323699993430637,0.000200001522898674,0.001500011421740055,0.14239999291021377,12.46779999928549
No Hit Detection,True,False,True,True,36,10.47629999811761,0.000200001522898674,0.0014999968698248267,0.13530001160688698,10.613300008117221
No Hit Detection,True,False,True,True,37,10.937700004433282,0.000200001522898674,0.0014999968698248267,0.13359999866224825,11.073000001488253
No Hit Detection,True,False,True,True,38,10.252799998852424,0.000200001522898674,0.0013999961083754897,0.1326000055996701,10.387000002083369
No Hit Detection,True,False,True,True,39,10.401899999123998,0.000200001522898674,0.0014999968698248267,0.1365000061923638,10.540100003709085
No Hit Detection,True,False,True,True,40,10.70300000719726,0.000200001522898674,0.001200009137392044,0.13949999993201345,10.843900017789565
No Hit Detection,True,False,True,True,41,11.314600007608533,0.000200001522898674,0.0014999968698248267,0.145500001963228,11.461800007964484
No Hit Detection,True,False,True,True,42,13.211800003773533,0.000200001522898674,0.0012999953469261527,0.1269000058528036,13.340200006496161
No Hit Detection,True,False,True,True,43,11.18309999583289,0.000100000761449337,0.0012999953469261527,0.11930000619031489,11.30379999813158
No Hit Detection,True,False,True,True,44,9.833899996010587,0.000200001522898674,0.0012999953469261527,0.1343000039923936,9.969699996872805
No Hit Detection,True,False,True,True,45,9.784400011994876,0.000100000761449337,0.0010999938240274787,0.12749999586958438,9.913100002449937
No Hit Detection,True,False,True,True,46,9.730799996759742,0.000300002284348011,0.0012999953469261527,0.12739999510813504,9.859799989499152
No Hit Detection,True,False,True,True,47,9.510499992757104,0.000200001522898674,0.0013999961083754897,0.13250000483822078,9.6445999952266
No Hit Detection,True,False,True,True,48,9.576500000548549,0.000200001522898674,0.0012999953469261527,0.11729999096132815,9.695299988379702
No Hit Detection,True,False,True,True,49,11.197600004379638,0.000300002284348011,0.0020000006770715117,0.2246999938506633,11.42460000119172
No Hit Detection,True,False,True,True,50,12.960699998075143,0.000200001522898674,0.001600012183189392,0.14819999341852963,13.11070000519976
No Hit Detection,True,False,True,True,51,17.79859999078326,0.000200001522898674,0.0012999953469261527,0.1463999942643568,17.94649998191744
No Hit Detection,True,False,True,True,52,10.17639999918174,0.000200001522898674,0.0012999953469261527,0.12660000356845558,10.30449999962002
No Hit Detection,True,False,True,True,53,10.15049999114126,0.000200001522898674,0.0012999953469261527,0.1292000088142231,10.281199996825308
No Hit Detection,True,False,True,True,54,9.854500007349998,0.000200001522898674,0.0011999945854768157,0.1326000055996701,9.988500009058043
No Hit Detection,True,False,True,True,55,9.891699999570847,0.000200001522898674,0.0013999961083754897,0.12670000432990491,10.020000001532026
No Hit Detection,True,False,True,True,56,10.38620001054369,0.000200001522898674,0.0015999976312741637,0.14099999680183828,10.5290000064997
No Hit Detection,True,False,True,True,57,11.206500013940968,0.000200001522898674,0.001600012183189392,0.1289999927394092,11.337300020386465
No Hit Detection,True,False,True,True,58,11.152599996421486,0.00029998773243278265,0.0018999999156221747,0.21209999977145344,11.366899983840995
No Hit Detection,True,False,True,True,59,10.961000007227995,0.000200001522898674,0.0014999968698248267,0.14150000060908496,11.104200006229803
No Hit Detection,True,False,True,True,60,10.795499998494051,0.00019998697098344564,0.0015999976312741637,0.13970000145491213,10.936999984551221
No Hit Detection,True,False,True,True,61,12.326500000199303,0.000200001522898674,0.001500011421740055,0.14309999824035913,12.4713000113843
No Hit Detection,True,False,True,True,62,10.739100005594082,0.000300002284348011,0.0014999968698248267,0.14210000517778099,10.883000009926036
No Hit Detection,True,False,True,True,63,14.526800005114637,0.000300002284348011,0.0020000006770715117,0.2145999897038564,14.743699997779913
No Hit Detection,True,False,True,True,64,15.50120000320021,0.000200001522898674,0.001300009898841381,0.13780000153928995,15.64050001616124
No Hit Detection,True,False,True,True,65,17.096600000513718,0.000400003045797348,0.0020000006770715117,0.20009999570902437,17.29909999994561
No Hit Detection,True,False,True,True,66,19.659400000819005,0.000400003045797348,0.0018999999156221747,0.5860999954165891,20.247799999197014
No Hit Detection,True,False,True,True,67,16.25300000887364,0.000300002284348011,0.0015999976312741637,0.13590000162366778,16.39080001041293
No Hit Detection,True,False,True,True,68,13.114999994286336,0.000300002284348011,0.0013999961083754897,0.22869999520480633,13.345399987883866
No Hit Detection,True,False,True,True,69,13.916799987782724,0.00029998773243278265,0.0021000014385208488,0.19910000264644623,14.118299979600124
No Hit Detection,True,False,True,True,70,11.764399998355657,0.000200001522898674,0.0016999983927235007,0.13669999316334724,11.902999991434626
No Hit Detection,True,False,True,True,71,10.103299995535053,0.000200001522898674,0.0014999968698248267,0.13630000466946512,10.241299998597242
No Hit Detection,True,False,True,True,72,10.031500001787208,0.000200001522898674,0.0013999961083754897,0.1340000017080456,10.167100001126528
No Hit Detection,True,False,True,True,73,10.024899995187297,0.000200001522898674,0.00100000761449337,0.12199999764561653,10.148100001970306
No Hit Detection,True,False,True,True,74,9.426700009498745,0.000200001522898674,0.001300009898841381,0.11759999324567616,9.545800014166161
No Hit Detection,True,False,True,True,75,9.829899994656444,0.00029998773243278265,0.0017999991541728377,0.1939999929163605,10.02599997445941
No Hit Detection,True,False,True,True,76,10.420999999041669,0.000100000761449337,0.0012999953469261527,0.11959999392274767,10.541999989072792
No Hit Detection,True,False,True,True,77,9.412500003236346,0.000200001522898674,0.0011999945854768157,0.11230001109652221,9.526200010441244
No Hit Detection,True,False,True,True,78,9.402399999089539,0.000200001522898674,0.001300009898841381,0.11759999324567616,9.521500003756955
No Hit Detection,True,False,True,True,79,9.4628999941051,0.000200001522898674,0.0014999968698248267,0.11560000712051988,9.580199999618344
No Hit Detection,True,False,True,True,80,9.535299992421642,0.000100000761449337,0.0012999953469261527,0.12940001033712178,9.66609999886714
No Hit Detection,True,False,True,True,81,10.630199991283007,0.000200001522898674,0.001100008375942707,0.1218999968841672,10.753399998066016
No Hit Detection,True,False,True,True,82,14.051399994059466,0.000100000761449337,0.0013999961083754897,0.12169999536126852,14.17459998629056
No Hit Detection,True,False,True,True,83,14.160299993818626,0.000100000761449337,0.0013999961083754897,0.13770000077784061,14.299499991466291
No Hit Detection,True,False,True,True,84,11.404100005165674,0.000200001522898674,0.0013999961083754897,0.1306000049225986,11.536300007719547
No Hit Detection,True,False,True,True,85,10.148799992748536,0.000200001522898674,0.001300009898841381,0.12880000576842576,10.279100009938702
No Hit Detection,True,False,True,True,86,10.934100006124936,0.00019998697098344564,0.001100008375942707,0.13669999316334724,11.07209999463521
No Hit Detection,True,False,True,True,87,14.159999991534278,0.000300002284348011,0.0013999961083754897,0.1258000120287761,14.287500001955777
No Hit Detection,True,False,True,True,88,14.306500001112,0.000200001522898674,0.0012999953469261527,0.12940001033712178,14.437400008318946
No Hit Detection,True,False,True,True,89,11.334399998304434,0.000200001522898674,0.0014999968698248267,0.15049999637994915,11.486599993077107
No Hit Detection,True,False,True,True,90,17.779400004656054,0.00029998773243278265,0.0020000006770715117,0.19139998767059296,17.97309998073615
No Hit Detection,True,False,True,True,91,18.94890000403393,0.00019998697098344564,0.0014999968698248267,0.15180000627879053,19.10239999415353
No Hit Detection,True,False,True,True,92,14.70780000090599,0.00029998773243278265,0.0013999961083754897,0.14940000255592167,14.85889998730272
No Hit Detection,True,False,True,True,93,12.396300007821992,0.000200001522898674,0.0014999968698248267,0.12289998994674534,12.52089999616146
No Hit Detection,True,False,True,True,94,13.82989999547135,0.000200001522898674,0.0016999983927235007,0.14040000678505749,13.97220000217203
No Hit Detection,True,False,True,True,95,16.955200000666082,0.000200001522898674,0.0015999976312741637,0.14910000027157366,17.10610000009183
No Hit Detection,True,False,True,True,96,16.432800010079518,0.000200001522898674,0.0016999983927235007,0.1472000003559515,16.58190001035109
No Hit Detection,True,False,True,True,97,13.40419999905862,0.000200001522898674,0.001400010660290718,0.15559999155811965,13.561400002799928
No Hit Detection,True,False,True,True,98,11.367899991455488,0.000200001522898674,0.001500011421740055,0.13469999248627573,11.504299996886402
No Hit Detection,True,False,True,True,99,10.36980000208132,0.000200001522898674,0.0013999961083754897,0.1604999997653067,10.5318999994779
No Hit Detection,True,False,True,True,100,14.012599989655428,0.000200001522898674,0.0014999968698248267,0.13749999925494194,14.151799987303093
No Hit Detection,True,False,True,True,101,10.47949999338016,0.000200001522898674,0.0014999968698248267,0.1365000061923638,10.617699997965246
No Hit Detection,True,False,True,True,102,10.264800002914853,0.000200001522898674,0.0014999968698248267,0.13249999028630555,10.398999991593882
No Hit Detection,True,False,True,True,103,10.236999994958751,0.000200001522898674,0.0012999953469261527,0.1446999958716333,10.383199987700209
No Hit Detection,True,False,True,True,104,10.322499991161749,0.000200001522898674,0.001500011421740055,0.1294999965466559,10.453700000653043
No Hit Detection,True,False,True,True,105,9.854800009634346,0.000100000761449337,0.0012999953469261527,0.1360000023851171,9.992200008127838
No Hit Detection,True,False,True,True,106,9.816200006753206,0.000200001522898674,0.0016999983927235007,0.12909999350085855,9.947200000169687
No Hit Detection,True,False,True,True,107,9.759299995494075,0.000100000761449337,0.0011999945854768157,0.12620000052265823,9.88679999136366
No Hit Detection,True,False,True,True,108,9.662700002081692,0.000200001522898674,0.0011999945854768157,0.12120000610593706,9.785300004296005
No Hit Detection,True,False,True,True,109,9.921699995175004,0.000200001522898674,0.0010999938240274787,0.12370001059025526,10.046700001112185
No Hit Detection,True,False,True,True,110,9.987199999159202,0.000200001522898674,0.0011999945854768157,0.12820000119972974,10.116799996467307
No Hit Detection,True,False,True,True,111,9.943299999576993,0.000100000761449337,0.0011999945854768157,0.12950001109857112,10.07410000602249
No Hit Detection,True,False,True,True,112,10.27119999343995,0.000200001522898674,0.0012999953469261527,0.11829999857582152,10.390999988885596
No Hit Detection,True,False,True,True,113,10.231000007479452,0.000100000761449337,0.001400010660290718,0.1171000039903447,10.349600022891536
No Hit Detection,True,False,True,True,114,12.037000007694587,0.000100000761449337,0.0012999953469261527,0.13100000796839595,12.169400011771359
No Hit Detection,True,False,True,True,115,11.025599989807233,0.000200001522898674,0.001600012183189392,0.12270000297576189,11.150100006489083
No Hit Detection,True,False,True,True,116,10.084299996378832,0.000100000761449337,0.0013999961083754897,0.1272999943466857,10.213099987595342
No Hit Detection,True,False,True,True,117,13.722500007133931,0.000200001522898674,0.0014999968698248267,0.1604999997653067,13.884700005291961
No Hit Detection,True,False,True,True,118,14.296299996203743,0.000200001522898674,0.0014999968698248267,0.15579999308101833,14.453799987677485
No Hit Detection,True,False,True,True,119,10.845900003914721,0.000200001522898674,0.001300009898841381,0.13049998960923404,10.977900004945695
No Hit Detection,True,False,True,True,120,13.28329999523703,0.000300002284348011,0.0014999968698248267,0.13880000915378332,13.423900003544986
No Hit Detection,True,False,True,True,121,10.81720000365749,0.00029998773243278265,0.0016999983927235007,0.2069000038318336,11.02609999361448
No Hit Detection,True,False,True,True,122,12.512999994214624,0.000200001522898674,0.0014999968698248267,0.12959999730810523,12.644299989915453
No Hit Detection,True,False,True,True,123,10.724199994001538,0.000200001522898674,0.0011999945854768157,0.13719999697059393,10.862799987080507
No Hit Detection,True,False,True,True,124,10.607300006086007,0.000200001522898674,0.0011999945854768157,0.13410000246949494,10.742800004663877
No Hit Detection,True,False,True,True,125,10.302700000465848,0.000200001522898674,0.0012999953469261527,0.12250000145286322,10.426699998788536
No Hit Detection,True,False,True,True,126,10.51349999033846,0.000200001522898674,0.0011999945854768157,0.11410001025069505,10.62899999669753
No Hit Detection,True,False,True,True,127,10.410699993371964,0.000200001522898674,0.0011999945854768157,0.1151999895228073,10.527299979003146
No Hit Detection,True,False,True,True,128,10.265199991408736,0.000200001522898674,0.0011999945854768157,0.11779999476857483,10.384399982285686
No Hit Detection,True,False,True,True,129,9.90379998984281,0.000200001522898674,0.0010999938240274787,0.1162000116892159,10.021299996878952
No Hit Detection,True,False,True,True,130,10.151599999517202,0.000200001522898674,0.0010999938240274787,0.1250000059371814,10.27790000080131
No Hit Detection,True,False,True,True,131,10.248699996736832,0.000200001522898674,0.0011999945854768157,0.1309000072069466,10.381000000052154
No Hit Detection,True,False,True,True,132,10.355800011893734,0.000100000761449337,0.001100008375942707,0.11649999942164868,10.473500020452775
No Hit Detection,True,False,True,True,133,10.490499989828095,0.000200001522898674,0.0011999945854768157,0.11799999629147351,10.609899982227944
No Hit Detection,True,False,True,True,134,10.286599994287826,0.000200001522898674,0.001300009898841381,0.1294999965466559,10.417600002256222
No Hit Detection,True,False,True,True,135,9.711500009871088,0.000200001522898674,0.0010999938240274787,0.12199999764561653,9.83480000286363
No Hit Detection,True,False,True,True,136,9.743300004629418,0.000200001522898674,0.0011999945854768157,0.11209999502170831,9.856799995759502
No Hit Detection,True,False,True,True,137,9.769199998117983,0.000200001522898674,0.001200009137392044,0.1297999988310039,9.900400007609278
No Hit Detection,True,False,True,True,138,9.737200001836754,0.000200001522898674,0.001100008375942707,0.12450000212993473,9.86300001386553
No Hit Detection,True,False,True,True,139,9.816699996008538,0.000200001522898674,0.001100008375942707,0.11550000635907054,9.93350001226645
No Hit Detection,True,False,True,True,140,9.84460000472609,0.00019998697098344564,0.001200009137392044,0.12060000153724104,9.966600002371706
No Hit Detection,True,False,True,True,141,9.997800007113256,0.000200001522898674,0.001200009137392044,0.14119999832473695,10.140400016098283
No Hit Detection,True,False,True,True,142,9.772400007932447,0.000200001522898674,0.0010999938240274787,0.12190001143608242,9.895600014715455
No Hit Detection,True,False,True,True,143,9.742800000822172,0.000200001522898674,0.0010999938240274787,0.12769999739248306,9.87179999356158
No Hit Detection,True,False,True,True,144,9.942600008798763,0.000200001522898674,0.001100008375942707,0.11359999189153314,10.057500010589138
No Hit Detection,True,False,True,True,145,9.699100002762862,0.000300002284348011,0.0014999968698248267,0.1196000084746629,9.820500010391697
No Hit Detection,True,False,True,True,146,9.964800003217533,0.000300002284348011,0.0011999945854768157,0.1382999907946214,10.10459999088198
No Hit Detection,True,False,True,True,147,9.5932999975048,0.000200001522898674,0.0011999945854768157,0.11260001338087022,9.707300006994046
No Hit Detection,True,False,True,True,148,9.565000000293367,0.00019998697098344564,0.001100008375942707,0.10879999899771065,9.675099994638003
No Hit Detection,True,False,True,True,149,9.795399993890896,0.000200001522898674,0.0009999930625781417,0.15300000086426735,9.94959998934064
No Hit Detection,True,False,True,True,150,12.724500003969297,0.000300002284348011,0.001600012183189392,0.1568999869050458,12.88330000534188
No Hit Detection,True,False,True,True,151,10.810299994773231,0.000200001522898674,0.001400010660290718,0.12159999459981918,10.93350000155624
No Hit Detection,True,False,True,True,152,9.988899997551925,0.00019998697098344564,0.001100008375942707,0.1176999940071255,10.107899986905977
No Hit Detection,True,False,True,True,153,9.731500002089888,0.000300002284348011,0.001500011421740055,0.12229999992996454,9.85560001572594
No Hit Detection,True,False,True,True,154,9.51179998810403,0.000200001522898674,0.0013999961083754897,0.11160000576637685,9.624999991501682
No Hit Detection,True,False,True,True,155,9.62900000740774,0.000200001522898674,0.001100008375942707,0.11110000195913017,9.741400019265711
No Hit Detection,True,False,True,True,156,10.106800007633865,0.000200001522898674,0.001400010660290718,0.12070000229869038,10.229100022115745
No Hit Detection,True,False,True,True,157,10.412799994810484,0.000200001522898674,0.0013999961083754897,0.13010000111535192,10.54449999355711
No Hit Detection,True,False,True,True,158,9.61930000630673,0.000200001522898674,0.0012999953469261527,0.11730000551324338,9.738100008689798
No Hit Detection,True,False,True,True,159,9.431300000869669,0.000100000761449337,0.0010999938240274787,0.11809999705292284,9.550599992508069
No Hit Detection,True,False,True,True,160,9.736300009535626,0.000200001522898674,0.00100000761449337,0.11480000102892518,9.852300019701943
No Hit Detection,True,False,True,True,161,9.939199997461401,0.00019998697098344564,0.00100000761449337,0.12759999663103372,10.067999988677911
No Hit Detection,True,False,True,True,162,12.57140000234358,0.000200001522898674,0.0012999953469261527,0.1314000110141933,12.704300010227598
No Hit Detection,True,False,True,True,163,10.617399995680898,0.000200001522898674,0.0011999945854768157,0.11670000094454736,10.735499992733821
No Hit Detection,True,False,True,True,164,9.776599996257573,0.000100000761449337,0.0011999945854768157,0.10650001058820635,9.884400002192706
No Hit Detection,True,False,True,True,165,9.576500000548549,0.000100000761449337,0.00100000761449337,0.11059999815188348,9.688200007076375
No Hit Detection,True,False,True,True,166,9.799899999052286,0.000200001522898674,0.0013999961083754897,0.12140000762883574,9.922900004312396
No Hit Detection,True,False,True,True,167,9.509499999694526,0.000100000761449337,0.0010999938240274787,0.11539999104570597,9.626099985325709
No Hit Detection,True,False,True,True,168,9.450199999264441,0.00019998697098344564,0.00100000761449337,0.11079999967478216,9.5621999935247
No Hit Detection,True,False,True,True,169,9.377999987918884,0.000100000761449337,0.0009999930625781417,0.12029999925289303,9.499399980995804
No Hit Detection,True,False,True,True,170,9.599900004104711,0.000100000761449337,0.0008999923011288047,0.12569999671541154,9.7265999938827
No Hit Detection,True,False,True,True,171,9.970700004487298,0.000200001522898674,0.0011999945854768157,0.12270000297576189,10.094800003571436
No Hit Detection,True,False,True,True,172,9.755700011737645,0.000100000761449337,0.001200009137392044,0.1188000023830682,9.875800024019554
No Hit Detection,True,False,True,True,173,9.844100000918843,0.000200001522898674,0.0012999953469261527,0.12259998766239733,9.968199985451065
No Hit Detection,True,False,True,True,174,9.707299992442131,0.000200001522898674,0.0014999968698248267,0.1419000036548823,9.850899994489737
No Hit Detection,True,False,True,True,175,9.995500004151836,9.998620953410864e-05,0.001300009898841381,0.1218999968841672,10.118799997144379
No Hit Detection,True,False,True,True,176,9.697299989056773,0.000200001522898674,0.0008999923011288047,0.11059999815188348,9.808999981032684
No Hit Detection,True,False,True,True,177,13.642300007632002,0.000300002284348011,0.001700012944638729,0.14650000957772136,13.79080003243871
No Hit Detection,True,False,True,True,178,15.197200002148747,0.000400003045797348,0.001700012944638729,0.1846000086516142,15.383900026790798
No Hit Detection,True,False,True,True,179,13.085400001727976,0.000200001522898674,0.0016999983927235007,0.16370000957977027,13.251000011223368
No Hit Detection,True,False,True,True,180,10.869299992918968,0.00029998773243278265,0.0015999976312741637,0.1942999952007085,11.065499973483384
No Hit Detection,True,False,True,True,181,16.535200004000217,0.000300002284348011,0.0017999991541728377,0.24500000290572643,16.782300008344464
No Hit Detection,True,False,True,True,182,18.554199996287934,0.000300002284348011,0.0020000006770715117,0.1773999974830076,18.73389999673236
No Hit Detection,True,False,True,True,183,10.78310000593774,0.000200001522898674,0.0011999945854768157,0.1272000081371516,10.911700010183267
No Hit Detection,True,False,True,True,184,11.018300006981008,0.000100000761449337,0.0011999945854768157,0.1272000081371516,11.146800010465086
No Hit Detection,True,False,True,True,185,10.266700002830476,0.000200001522898674,0.001100008375942707,0.12159999459981918,10.389600007329136
No Hit Detection,True,False,True,True,186,9.917300005326979,0.000200001522898674,0.00100000761449337,0.11910000466741621,10.037600019131787
No Hit Detection,True,False,True,True,187,10.218300012638792,0.000200001522898674,0.0009999930625781417,0.11449999874457717,10.334000005968846
No Hit Detection,True,False,True,True,188,9.707699995487928,0.000200001522898674,0.0009999930625781417,0.12480000441428274,9.833699994487688
No Hit Detection,True,False,True,True,189,10.115899989614263,0.00019998697098344564,0.001300009898841381,0.13529999705497175,10.25269998353906
No Hit Detection,True,False,True,True,190,13.120000003254972,0.000300002284348011,0.0016999983927235007,0.1581999968038872,13.280200000735931
No Hit Detection,True,False,True,True,191,17.393800007994287,0.000300002284348011,0.0016999983927235007,0.19530000281520188,17.59110001148656
No Hit Detection,True,False,True,True,192,17.408500003512017,0.000300002284348011,0.0015999976312741637,0.20450000010896474,17.614900003536604
No Hit Detection,True,False,True,True,193,17.09130000381265,0.000300002284348011,0.0018999999156221747,0.1917999907163903,17.28529999672901
No Hit Detection,True,False,True,True,194,17.62159999634605,0.00039998849388211966,0.0018999999156221747,0.16759999562054873,17.791499980376102
No Hit Detection,True,False,True,True,195,16.738799997256137,0.000400003045797348,0.0015999976312741637,0.19160000374540687,16.932400001678616
No Hit Detection,True,False,True,True,196,17.267799994442612,0.000200001522898674,0.0014999968698248267,0.1689000055193901,17.438399998354726
No Hit Detection,True,False,True,True,197,16.696199993020855,0.00029998773243278265,0.0022000021999701858,0.1655999949434772,16.864299977896735
No Hit Detection,True,False,True,True,198,16.675900013069622,0.000400003045797348,0.0018999999156221747,0.15580000763293356,16.834000023663975
No Hit Detection,True,False,True,True,199,16.983399997116067,0.000200001522898674,0.0021000014385208488,0.16939999477472156,17.155099994852208
No Temporal,True,True,False,True,0,13.131700005033053,0.001100008375942707,0.000300002284348011,0.1784999913070351,13.31160000700038
No Temporal,True,True,False,True,1,16.9123999949079,0.000900006853044033,0.000200001522898674,0.13279999257065356,17.046299995854497
No Temporal,True,True,False,True,2,14.920299989171326,0.001100008375942707,0.000200001522898674,0.18139999883715063,15.102999997907318
No Temporal,True,True,False,True,3,17.640199992456473,0.0011999945854768157,0.00019998697098344564,0.1672000071266666,17.8087999811396
No Temporal,True,True,False,True,4,16.872499996679835,0.0011999945854768157,0.000300002284348011,0.18139999883715063,17.05539999238681
No Temporal,True,True,False,True,5,17.368899993016385,0.0011999945854768157,0.00019998697098344564,0.17290000687353313,17.543199981446378
No Temporal,True,True,False,True,6,17.216099993675016,0.000900006853044033,0.000200001522898674,0.1711000077193603,17.38830000977032
No Temporal,True,True,False,True,7,16.41820000077132,0.0009999930625781417,0.000200001522898674,0.1703000016277656,16.589699996984564
No Temporal,True,True,False,True,8,16.329700010828674,0.0010999938240274787,0.000200001522898674,0.21559999731834978,16.54660000349395
No Temporal,True,True,False,True,9,16.63679999182932,0.001100008375942707,0.000300002284348011,0.15500000154133886,16.79320000403095
No Temporal,True,True,False,True,10,16.43750000221189,0.001200009137392044,0.000200001522898674,0.16379999578930438,16.602700008661486
No Temporal,True,True,False,True,11,15.948300002492033,0.0008999923011288047,0.000200001522898674,0.14279999595601112,16.09219999227207
No Temporal,True,True,False,True,12,10.259899994707666,0.0009999930625781417,0.000100000761449337,0.11940000695176423,10.380399995483458
No Temporal,True,True,False,True,13,13.848000002326444,0.0008999923011288047,0.000200001522898674,0.11020000965800136,13.959300005808473
No Temporal,True,True,False,True,14,14.15229999111034,0.0006999907782301307,0.000100000761449337,0.10980000661220402,14.262899989262223
No Temporal,True,True,False,True,15,13.702399999601766,0.000600004568696022,0.000200001522898674,0.1134999911300838,13.816699996823445
No Temporal,True,True,False,True,16,13.494800004991703,0.000700005330145359,0.00019998697098344564,0.1007999962894246,13.596499993582256
No Temporal,True,True,False,True,17,13.88790000055451,0.000600004568696022,0.000100000761449337,0.12329999299254268,14.011899998877198
No Temporal,True,True,False,True,18,14.066000003367662,0.000600004568696022,0.000200001522898674,0.12119999155402184,14.188000001013279
No Temporal,True,True,False,True,19,13.728000005357899,0.0005999900167807937,0.000200001522898674,0.10790000669658184,13.83670000359416
No Temporal,True,True,False,True,20,13.885300009860657,0.0007999915396794677,0.000200001522898674,0.1238999975612387,14.010200000484474
No Temporal,True,True,False,True,21,13.871400005882606,0.000800006091594696,0.00019998697098344564,0.12689999130088836,13.999299990246072
No Temporal,True,True,False,True,22,14.129600007436238,0.000700005330145359,0.000100000761449337,0.11629999789875001,14.246700011426583
No Temporal,True,True,False,True,23,13.714899992919527,0.0005999900167807937,0.000100000761449337,0.10289999772794545,13.818499981425703
No Temporal,True,True,False,True,24,11.92020000598859,0.000600004568696022,0.000200001522898674,0.12330000754445791,12.044300019624643
No Temporal,True,True,False,True,25,8.942600004957058,0.0005999900167807937,0.000200001522898674,0.14110001211520284,9.08450000861194
No Temporal,True,True,False,True,26,9.367899998323992,0.000500003807246685,0.000100000761449337,0.1024999946821481,9.470999997574836
No Temporal,True,True,False,True,27,9.18219999584835,0.0005999900167807937,0.000100000761449337,0.12620000052265823,9.309099987149239
No Temporal,True,True,False,True,28,9.313199989264831,0.000600004568696022,0.000200001522898674,0.10489999840501696,9.418899993761443
No Temporal,True,True,False,True,29,9.31039999704808,0.0004999892553314567,0.000100000761449337,0.1053000014508143,9.416299988515675
No Temporal,True,True,False,True,30,9.00309999997262,0.0004999892553314567,0.000200001522898674,0.12250000145286322,9.126299992203712
No Temporal,True,True,False,True,31,9.328500003903173,0.000600004568696022,0.00019998697098344564,0.1117999927373603,9.441099988180213
No Temporal,True,True,False,True,32,9.344899997813627,0.0006999907782301307,0.000100000761449337,0.10420000762678683,9.449899996980093
No Temporal,True,True,False,True,33,8.955199999036267,0.0007999915396794677,0.000200001522898674,0.1503000094089657,9.106500001507811
No Temporal,True,True,False,True,34,9.420000002137385,0.000500003807246685,0.000100000761449337,0.11359999189153314,9.534199998597614
No Temporal,True,True,False,True,35,9.559600002830848,0.0005999900167807937,0.000100000761449337,0.10800000745803118,9.66830000106711
No Temporal,True,True,False,True,36,9.208700008457527,0.000800006091594696,0.000100000761449337,0.13929999840911478,9.348900013719685
No Temporal,True,True,False,True,37,9.08740000159014,0.000700005330145359,0.000100000761449337,0.10639999527484179,9.194600002956577
No Temporal,True,True,False,True,38,9.424400006537326,0.00100000761449337,0.000200001522898674,0.11919999087695032,9.544800006551668
No Temporal,True,True,False,True,39,8.895699997083284,0.000800006091594696,0.000100000761449337,0.10109999857377261,8.9977000025101
No Temporal,True,True,False,True,40,9.653100001742132,0.0005999900167807937,0.000200001522898674,0.13300000864546746,9.786900001927279
No Temporal,True,True,False,True,41,9.222699998645112,0.0005999900167807937,0.000100000761449337,0.1049999991664663,9.328399988589808
No Temporal,True,True,False,True,42,9.407899997313507,0.000800006091594696,0.000200001522898674,0.1109000004362315,9.519800005364232
No Temporal,True,True,False,True,43,9.800300002098083,0.000600004568696022,0.000200001522898674,0.11059999815188348,9.911700006341562
No Temporal,True,True,False,True,44,9.023900012834929,0.000700005330145359,0.000200001522898674,0.09879999561235309,9.123600015300326
No Temporal,True,True,False,True,45,9.059499992872588,0.0005999900167807937,0.000200001522898674,0.09880001016426831,9.159099994576536
No Temporal,True,True,False,True,46,8.80900000629481,0.0006999907782301307,0.000200001522898674,0.10670001211110502,8.916600010707043
No Temporal,True,True,False,True,47,8.975699995062314,0.0006999907782301307,0.000100000761449337,0.1247000036528334,9.101199990254827
No Temporal,True,True,False,True,48,9.058900002855808,0.0006999907782301307,0.000200001522898674,0.11060001270379871,9.170400007860735
No Temporal,True,True,False,True,49,9.127299999818206,0.000600004568696022,0.000100000761449337,0.09770000178832561,9.225700006936677
No Temporal,True,True,False,True,50,9.547600013320334,0.0006999907782301307,0.000100000761449337,0.10060000931844115,9.649000014178455
No Temporal,True,True,False,True,51,9.618800002499484,0.000700005330145359,0.000200001522898674,0.10520000068936497,9.724900010041893
No Temporal,True,True,False,True,52,9.833200005232356,0.000500003807246685,0.000100000761449337,0.10900000052060932,9.942800010321662
No Temporal,True,True,False,True,53,9.253299998817965,0.000700005330145359,0.000200001522898674,0.10239999392069876,9.356599999591708
No Temporal,True,True,False,True,54,9.153899998636916,0.0006999907782301307,0.000200001522898674,0.17910001042764634,9.333900001365691
No Temporal,True,True,False,True,55,9.147099990514107,0.000700005330145359,0.000100000761449337,0.10439999459777027,9.252299991203472
No Temporal,True,True,False,True,56,9.11560001259204,0.000700005330145359,0.000200001522898674,0.13640000543091446,9.252900024875998
No Temporal,True,True,False,True,57,9.166999996523373,0.000600004568696022,0.000100000761449337,0.13819999003317207,9.30589999188669
No Temporal,True,True,False,True,58,9.16309999593068,0.000500003807246685,0.000100000761449337,0.1083999959519133,9.272099996451288
No Temporal,True,True,False,True,59,9.467700001550838,0.000500003807246685,0.000100000761449337,0.10150000161956996,9.569800007739104
No Temporal,True,True,False,True,60,9.259700003894977,0.000600004568696022,0.000100000761449337,0.10609999299049377,9.366500002215616
No Temporal,True,True,False,True,61,9.483199988608249,0.0008999923011288047,0.000100000761449337,0.10830000974237919,9.592499991413206
No Temporal,True,True,False,True,62,9.233200005837716,0.000900006853044033,0.000200001522898674,0.11130000348202884,9.345600017695688
No Temporal,True,True,False,True,63,9.495799997239374,0.000600004568696022,0.000200001522898674,0.10989999282173812,9.606499996152706
No Temporal,True,True,False,True,64,9.351900007459335,0.0004999892553314567,0.000200001522898674,0.10370000381954014,9.456300002057105
No Temporal,True,True,False,True,65,9.289800000260584,0.0006999907782301307,0.000100000761449337,0.10250000923406333,9.393100001034327
No Temporal,True,True,False,True,66,9.148800003458746,0.000700005330145359,0.000100000761449337,0.09780000254977494,9.247400012100115
No Temporal,True,True,False,True,67,8.994400006486103,0.0007999915396794677,0.000200001522898674,0.09950000094249845,9.09490000049118
No Temporal,True,True,False,True,68,8.887400006642565,0.0004999892553314567,0.000200001522898674,0.09520001185592264,8.983300009276718
No Temporal,True,True,False,True,69,8.92510000267066,0.000600004568696022,0.00019998697098344564,0.10140000085812062,9.02729999506846
No Temporal,True,True,False,True,70,9.012399998027831,0.000900006853044033,0.000200001522898674,0.109500004327856,9.12300001073163
No Temporal,True,True,False,True,71,8.879500004695728,0.0007999915396794677,0.000100000761449337,0.10750000365078449,8.987900000647642
No Temporal,True,True,False,True,72,10.09350000822451,0.0009999930625781417,0.000200001522898674,0.11059999815188348,10.20530000096187
No Temporal,True,True,False,True,73,8.910499993362464,0.000900006853044033,0.000100000761449337,0.12009999772999436,9.031599998706952
No Temporal,True,True,False,True,74,8.906499992008321,0.000600004568696022,0.00019998697098344564,0.10740000288933516,9.014699986437336
No Temporal,True,True,False,True,75,8.94150001113303,0.0006999907782301307,0.000200001522898674,0.10130000009667128,9.04370000353083
No Temporal,True,True,False,True,76,8.673299991642125,0.0005999900167807937,0.000100000761449337,0.10479999764356762,8.778799980063923
No Temporal,True,True,False,True,77,8.833799991407432,0.000600004568696022,0.000200001522898674,0.1024999946821481,8.937099992181174
No Temporal,True,True,False,True,78,8.361300002434291,0.0007999915396794677,0.000200001522898674,0.11130000348202884,8.473599998978898
No Temporal,True,True,False,True,79,8.659800005261786,0.000600004568696022,0.000200001522898674,0.1548999862279743,8.815499997581355
No Temporal,True,True,False,True,80,8.596800005761907,0.000700005330145359,0.000200001522898674,0.09729999874252826,8.695000011357479
No Temporal,True,True,False,True,81,8.787499988102354,0.0005999900167807937,0.000200001522898674,0.10790000669658184,8.896199986338615
No Temporal,True,True,False,True,82,8.595499995863065,0.000600004568696022,0.000100000761449337,0.10479999764356762,8.700999998836778
No Temporal,True,True,False,True,83,8.453700007521547,0.000500003807246685,0.000200001522898674,0.10009999095927924,8.554500003810972
No Temporal,True,True,False,True,84,8.708699999260716,0.000500003807246685,0.000100000761449337,0.0973999995039776,8.80670000333339
No Temporal,True,True,False,True,85,8.652100004837848,0.000500003807246685,0.000100000761449337,0.1382999907946214,8.791000000201166
No Temporal,True,True,False,True,86,8.870999998180196,0.000500003807246685,0.000200001522898674,0.10550000297371298,8.977200006484054
No Temporal,True,True,False,True,87,8.674199998495169,0.000500003807246685,0.00019998697098344564,0.14259999443311244,8.817499983706512
No Temporal,True,True,False,True,88,8.70809999469202,0.000600004568696022,0.000200001522898674,0.10140000085812062,8.810300001641735
No Temporal,True,True,False,True,89,8.594999992055818,0.000500003807246685,0.000100000761449337,0.10289999772794545,8.69849999435246
No Temporal,True,True,False,True,90,8.895299994037487,0.0005999900167807937,0.000100000761449337,0.10049999400507659,8.996499978820793
No Temporal,True,True,False,True,91,8.833599989884533,0.000500003807246685,0.000100000761449337,0.09800000407267362,8.932199998525903
No Temporal,True,True,False,True,92,8.5753999883309,0.000600004568696022,0.000200001522898674,0.09589998808223754,8.672099982504733
No Temporal,True,True,False,True,93,8.864599993103184,0.000600004568696022,0.000100000761449337,0.10410000686533749,8.969400005298667
No Temporal,True,True,False,True,94,8.589300006860867,0.0004999892553314567,0.000100000761449337,0.09890001092571765,8.688800007803366
No Temporal,True,True,False,True,95,8.755200004088692,0.0004999892553314567,0.000100000761449337,0.09910001244861633,8.85490000655409
No Temporal,True,True,False,True,96,8.70520000171382,0.000500003807246685,0.000200001522898674,0.09329999738838524,8.79920000443235
No Temporal,True,True,False,True,97,8.479199997964315,0.0004999892553314567,0.000100000761449337,0.10640000982675701,8.586199997807853
No Temporal,True,True,False,True,98,8.325700007844716,0.000500003807246685,0.000100000761449337,0.09380000119563192,8.420100013609044
No Temporal,True,True,False,True,99,8.43909999821335,0.000500003807246685,0.000100000761449337,0.09449999197386205,8.534199994755909
No Temporal,True,True,False,True,100,9.911800007103011,0.0007999915396794677,0.000200001522898674,0.13110000872984529,10.043900008895434
No Temporal,True,True,False,True,101,8.747400002903305,0.000500003807246685,0.00019998697098344564,0.10109999857377261,8.849199992255308
No Temporal,True,True,False,True,102,9.718300003441982,0.0005999900167807937,0.000100000761449337,0.1069000136340037,9.825900007854216
No Temporal,True,True,False,True,103,8.722600003238767,0.000500003807246685,0.000100000761449337,0.09099999442696571,8.81420000223443
No Temporal,True,True,False,True,104,8.336100014275871,0.000600004568696022,0.000100000761449337,0.09729999874252826,8.434100018348545
No Temporal,True,True,False,True,105,9.108400001423433,0.000900006853044033,0.000200001522898674,0.11100000119768083,9.220500010997057
No Temporal,True,True,False,True,106,8.8304000091739,0.000600004568696022,0.00019998697098344564,0.10459999612066895,8.935799996834248
No Temporal,True,True,False,True,107,8.543899995856918,0.0007999915396794677,0.000200001522898674,0.11109998740721494,8.655999976326711
No Temporal,True,True,False,True,108,8.580900001106784,0.000700005330145359,0.000200001522898674,0.11400000948924571,8.695800017449073
No Temporal,True,True,False,True,109,8.44380000489764,0.000900006853044033,0.000200001522898674,0.10969999129883945,8.554600004572421
No Temporal,True,True,False,True,110,8.506800004397519,0.000700005330145359,0.000200001522898674,0.10359998850617558,8.611299999756739
No Temporal,True,True,False,True,111,8.633899997221306,0.0005999900167807937,0.000200001522898674,0.0934000127017498,8.728100001462735
No Temporal,True,True,False,True,112,8.44429999415297,0.000600004568696022,0.000200001522898674,0.09549999958835542,8.54059999983292
No Temporal,True,True,False,True,113,8.481800003210083,0.000600004568696022,0.000200001522898674,0.0926000066101551,8.575200015911832
No Temporal,True,True,False,True,114,8.59709999349434,0.000600004568696022,0.000200001522898674,0.10040000779554248,8.698300007381476
No Temporal,True,True,False,True,115,8.66370000585448,0.000800006091594696,0.000100000761449337,0.11480000102892518,8.77940001373645
No Temporal,True,True,False,True,116,8.674999990034848,0.000600004568696022,0.000200001522898674,0.09940000018104911,8.775199996307492
No Temporal,True,True,False,True,117,8.774999994784594,0.0005999900167807937,0.000100000761449337,0.09860000864136964,8.874299994204193
No Temporal,True,True,False,True,118,8.708900000783615,0.000800006091594696,0.000100000761449337,0.09699999645818025,8.806800004094839
No Temporal,True,True,False,True,119,8.640600004582666,0.000500003807246685,0.000100000761449337,0.09950000094249845,8.74070001009386
No Temporal,True,True,False,True,120,8.590800003730692,0.000400003045797348,0.000200001522898674,0.09950000094249845,8.690900009241886
No Temporal,True,True,False,True,121,8.764199999859557,0.000400003045797348,0.000100000761449337,0.09100000897888094,8.855700012645684
No Temporal,True,True,False,True,122,8.488500010571443,0.0004999892553314567,0.000200001522898674,0.09889999637380242,8.588099997723475
No Temporal,True,True,False,True,123,8.642500004498288,0.000500003807246685,9.998620953410864e-05,0.1007999962894246,8.743899990804493
No Temporal,True,True,False,True,124,8.763400008319877,0.0004999892553314567,0.000100000761449337,0.0889999937498942,8.852999992086552
No Temporal,True,True,False,True,125,8.881399990059435,0.000500003807246685,0.000100000761449337,0.09869999485090375,8.980699989479035
No Temporal,True,True,False,True,126,8.643499997560866,0.000500003807246685,0.000200001522898674,0.09370000043418258,8.737900003325194
No Temporal,True,True,False,True,127,8.864899995387532,0.000500003807246685,0.000100000761449337,0.0990999978967011,8.964599997852929
No Temporal,True,True,False,True,128,8.752699999604374,0.0004999892553314567,0.000200001522898674,0.09519999730400741,8.848599987686612
No Temporal,True,True,False,True,129,8.665000001201406,0.000500003807246685,0.000100000761449337,0.09650000720284879,8.762100012972951
No Temporal,True,True,False,True,130,8.851599995978177,0.0004999892553314567,0.000100000761449337,0.10109999857377261,8.95329998456873
No Temporal,True,True,False,True,131,8.743400001549162,0.0005999900167807937,0.000200001522898674,0.09880001016426831,8.84300000325311
No Temporal,True,True,False,True,132,8.662200008984655,0.000400003045797348,0.000200001522898674,0.09329999738838524,8.756100010941736
No Temporal,True,True,False,True,133,8.699199999682605,0.000500003807246685,0.000200001522898674,0.09960000170394778,8.799500006716698
No Temporal,True,True,False,True,134,8.635600010165945,0.000600004568696022,0.000200001522898674,0.10750000365078449,8.743900019908324
No Temporal,True,True,False,True,135,8.678300000610761,0.000600004568696022,0.000100000761449337,0.09790000331122428,8.776900009252131
No Temporal,True,True,False,True,136,9.084000004804693,0.000600004568696022,0.000100000761449337,0.10580000525806099,9.1905000153929
No Temporal,True,True,False,True,137,8.573799990699627,0.000500003807246685,0.000100000761449337,0.1066999975591898,8.681099992827512
No Temporal,True,True,False,True,138,8.681999999680556,0.000700005330145359,0.00019998697098344564,0.09760000102687627,8.780499993008561
No Temporal,True,True,False,True,139,8.677999998326413,0.000600004568696022,0.000200001522898674,0.1387999946018681,8.817599999019876
No Temporal,True,True,False,True,140,8.625000002211891,0.000500003807246685,0.000100000761449337,0.10469999688211828,8.730300003662705
No Temporal,True,True,False,True,141,8.583699993323535,0.0004999892553314567,0.000200001522898674,0.09380000119563192,8.678199985297397
No Temporal,True,True,False,True,142,8.574199993745424,0.000600004568696022,0.000100000761449337,0.08730000990908593,8.662200008984655
No Temporal,True,True,False,True,143,9.135699991020374,0.0006999907782301307,0.000100000761449337,0.1041999930748716,9.240699975634925
No Temporal,True,True,False,True,144,8.783899989794008,0.000700005330145359,0.000100000761449337,0.10449999535921961,8.889199991244823
No Temporal,True,True,False,True,145,8.614100006525405,0.000600004568696022,0.000100000761449337,0.1100999943446368,8.724900006200187
No Temporal,True,True,False,True,146,8.479600001010112,0.000600004568696022,0.000100000761449337,0.09370000043418258,8.57400000677444
No Temporal,True,True,False,True,147,8.703399988007732,0.000700005330145359,0.000100000761449337,0.09560000034980476,8.799799994449131
No Temporal,True,True,False,True,148,8.582599999499507,0.0005999900167807937,0.000200001522898674,0.09899999713525176,8.682399988174438
No Temporal,True,True,False,True,149,8.500399999320507,0.000500003807246685,0.000100000761449337,0.09359999967273325,8.594600003561936
No Temporal,True,True,False,True,150,8.823299998766743,0.000600004568696022,0.000200001522898674,0.09329999738838524,8.917400002246723
No Temporal,True,True,False,True,151,8.622800000011921,0.000500003807246685,0.000100000761449337,0.11160000576637685,8.735000010346994
No Temporal,True,True,False,True,152,8.95489999675192,0.0004999892553314567,0.000200001522898674,0.10359998850617558,9.059199976036325
No Temporal,True,True,False,True,153,9.12590000370983,0.001200009137392044,0.000200001522898674,0.10370000381954014,9.231000018189661
No Temporal,True,True,False,True,154,8.374299999559298,0.000600004568696022,0.000200001522898674,0.09970000246539712,8.47480000811629
No Temporal,True,True,False,True,155,8.691399998497218,0.000600004568696022,0.000300002284348011,0.10279999696649611,8.795100002316758
No Temporal,True,True,False,True,156,8.550500002456829,0.000500003807246685,0.000100000761449337,0.09600000339560211,8.647100010421127
No Temporal,True,True,False,True,157,8.660300009069033,0.000700005330145359,0.000200001522898674,0.09410000347997993,8.755300019402057
No Temporal,True,True,False,True,158,8.452499998384155,0.0004999892553314567,0.000100000761449337,0.09449999197386205,8.547599980374798
No Temporal,True,True,False,True,159,8.361199987120926,0.000400003045797348,0.000100000761449337,0.09099999442696571,8.452699985355139
No Temporal,True,True,False,True,160,8.455599992885254,0.000500003807246685,0.000200001522898674,0.09970000246539712,8.556000000680797
No Temporal,True,True,False,True,161,8.393700001761317,0.0004999892553314567,0.000100000761449337,0.09809999028220773,8.492399982060306
No Temporal,True,True,False,True,162,8.512200001860037,0.0004999892553314567,0.000100000761449337,0.0906999921426177,8.603499984019436
No Temporal,True,True,False,True,163,8.51110000803601,0.000600004568696022,0.000100000761449337,0.09109999518841505,8.60290000855457
No Temporal,True,True,False,True,164,8.461199991870672,0.000800006091594696,9.998620953410864e-05,0.09030000364873558,8.552399987820536
No Temporal,True,True,False,True,165,8.48299999779556,0.000500003807246685,0.000100000761449337,0.09270000737160444,8.57630000973586
No Temporal,True,True,False,True,166,8.501999996951781,0.000500003807246685,0.000200001522898674,0.10000000474974513,8.602700007031672
No Temporal,True,True,False,True,167,8.684900007210672,0.000400003045797348,0.000100000761449337,0.09580000187270343,8.781200012890622
No Temporal,True,True,False,True,168,11.539600003743544,0.0005999900167807937,0.000200001522898674,0.09250000584870577,11.63290000113193
No Temporal,True,True,False,True,169,10.102400003233925,0.0005999900167807937,0.000200001522898674,0.10009999095927924,10.203299985732883
No Temporal,True,True,False,True,170,8.31109999853652,0.0006999907782301307,0.000100000761449337,0.11500000255182385,8.426899992628023
No Temporal,True,True,False,True,171,9.279300007619895,0.000500003807246685,0.000200001522898674,0.11059999815188348,9.390600011101924
No Temporal,True,True,False,True,172,8.247899997513741,0.000700005330145359,0.000100000761449337,0.10599999222904444,8.35469999583438
No Temporal,True,True,False,True,173,8.154200011631474,0.0004999892553314567,0.000200001522898674,0.09560000034980476,8.250500002759509
No Temporal,True,True,False,True,174,8.244199998443946,0.0004999892553314567,0.000100000761449337,0.09269999281968921,8.337499981280416
No Temporal,True,True,False,True,175,8.282800001325086,0.000500003807246685,0.000200001522898674,0.0973999995039776,8.380900006159209
No Temporal,True,True,False,True,176,8.354599995072931,0.000500003807246685,0.000100000761449337,0.0923000043258071,8.447500003967434
No Temporal,True,True,False,True,177,8.489400002872571,0.000500003807246685,0.000200001522898674,0.08840000373311341,8.57850001193583
No Temporal,True,True,False,True,178,8.561599999666214,0.0004999892553314567,0.000100000761449337,0.09720001253299415,8.659400002215989
No Temporal,True,True,False,True,179,8.425599997281097,0.000600004568696022,0.000100000761449337,0.09349999891128391,8.519800001522526
No Temporal,True,True,False,True,180,8.575500003644265,0.000600004568696022,0.00019998697098344564,0.09699999645818025,8.673299991642125
No Temporal,True,True,False,True,181,8.390100003452972,0.000600004568696022,0.00019998697098344564,0.09639999188948423,8.487299986882135
No Temporal,True,True,False,True,182,8.358999999472871,0.0005999900167807937,0.000200001522898674,0.09470000804867595,8.454499999061227
No Temporal,True,True,False,True,183,10.665699999663047,0.0006999907782301307,0.000200001522898674,0.11249999806750566,10.779099990031682
No Temporal,True,True,False,True,184,10.58990000456106,0.000600004568696022,0.000100000761449337,0.10259999544359744,10.693200005334802
No Temporal,True,True,False,True,185,10.205700004007667,0.000600004568696022,0.000100000761449337,0.11059999815188348,10.317000007489696
No Temporal,True,True,False,True,186,10.054600003059022,0.0008999923011288047,0.000200001522898674,0.11980000999756157,10.175500006880611
No Temporal,True,True,False,True,187,10.025399998994544,0.000500003807246685,0.000100000761449337,0.11400000948924571,10.140000013052486
No Temporal,True,True,False,True,188,10.027900003478862,0.000500003807246685,0.000100000761449337,0.10570000449661165,10.13420001254417
No Temporal,True,True,False,True,189,10.650099997292273,0.0004999892553314567,0.000100000761449337,0.10080001084133983,10.751499998150393
No Temporal,True,True,False,True,190,9.969299993827008,0.000600004568696022,0.000100000761449337,0.1033000007737428,10.073299999930896
No Temporal,True,True,False,True,191,10.203199999523349,0.000600004568696022,0.000200001522898674,0.09450000652577728,10.298500012140721
No Temporal,True,True,False,True,192,9.890700006508268,0.000400003045797348,0.000100000761449337,0.09870000940281898,9.989900019718334
No Temporal,True,True,False,True,193,9.909000000334345,0.0005999900167807937,0.000100000761449337,0.09309999586548656,10.002799986978061
No Temporal,True,True,False,True,194,9.985099997720681,0.000400003045797348,0.000100000761449337,0.09630000567995012,10.081900007207878
No Temporal,True,True,False,True,195,9.74760000826791,0.0004999892553314567,0.000100000761449337,0.08859999070409685,9.836799988988787
No Temporal,True,True,False,True,196,10.621900000842288,0.0005999900167807937,0.000200001522898674,0.11330000415910035,10.735999996541068
No Temporal,True,True,False,True,197,9.5564000075683,0.000800006091594696,0.000300002284348011,0.1905000099213794,9.748000025865622
No Temporal,True,True,False,True,198,8.848999990732409,0.0008999923011288047,0.000200001522898674,0.11970000923611224,8.969799993792549
No Temporal,True,True,False,True,199,8.36449999769684,0.000600004568696022,0.00019998697098344564,0.09329999738838524,8.458599986624904
No Overlay,True,True,True,False,0,9.072699991520494,0.000600004568696022,0.00100000761449337,0.000200001522898674,9.074500005226582
No Overlay,True,True,True,False,1,9.525799992843531,0.0005999900167807937,0.0008999923011288047,0.000100000761449337,9.52739997592289
No Overlay,True,True,True,False,2,8.34970000141766,0.0005999900167807937,0.000900006853044033,0.0,8.351199998287484
No Overlay,True,True,True,False,3,9.078100003534928,0.000600004568696022,0.001100008375942707,0.000100000761449337,9.079900017241016
No Overlay,True,True,True,False,4,8.479899988742545,0.0005999900167807937,0.0009999930625781417,0.000100000761449337,8.481599972583354
No Overlay,True,True,True,False,5,8.354700010386296,0.000900006853044033,0.001100008375942707,0.000100000761449337,8.356800026376732
No Overlay,True,True,True,False,6,8.573099999921396,0.000500003807246685,0.00100000761449337,0.000100000761449337,8.574700012104586
No Overlay,True,True,True,False,7,8.546099998056889,0.000600004568696022,0.0008999923011288047,0.000100000761449337,8.547699995688163
No Overlay,True,True,True,False,8,8.488000006764196,0.0005999900167807937,0.00100000761449337,0.000100000761449337,8.48970000515692
No Overlay,True,True,True,False,9,8.458999989670701,0.0005999900167807937,0.000900006853044033,0.000100000761449337,8.460599987301975
No Overlay,True,True,True,False,10,8.45189999381546,0.000500003807246685,0.00100000761449337,0.000100000761449337,8.453500005998649
No Overlay,True,True,True,False,11,8.548400001018308,0.000400003045797348,0.000900006853044033,0.000100000761449337,8.549800011678599
No Overlay,True,True,True,False,12,8.456100011244416,0.000700005330145359,0.001100008375942707,0.000100000761449337,8.458000025711954
No Overlay,True,True,True,False,13,8.911400000215508,0.0008999923011288047,0.0009999930625781417,0.000300002284348011,8.913599987863563
No Overlay,True,True,True,False,14,8.310799996252172,0.000700005330145359,0.0008999923011288047,0.000100000761449337,8.312499994644895
No Overlay,True,True,True,False,15,8.336999992025085,0.000600004568696022,0.0011999945854768157,0.000100000761449337,8.338899991940707
No Overlay,True,True,True,False,16,8.341599997947924,0.0007999915396794677,0.0008999923011288047,0.000100000761449337,8.343399982550181
No Overlay,True,True,True,False,17,8.323800007929094,0.0006999907782301307,0.0008999923011288047,0.000100000761449337,8.325499991769902
No Overlay,True,True,True,False,18,8.321800007252023,0.0004999892553314567,0.000800006091594696,0.000100000761449337,8.323200003360398
No Overlay,True,True,True,False,19,8.561499998904765,0.000500003807246685,0.000900006853044033,0.000100000761449337,8.563000010326505
No Overlay,True,True,True,False,20,8.333000005222857,0.0004999892553314567,0.000900006853044033,9.998620953410864e-05,8.334499987540767
No Overlay,True,True,True,False,21,8.7059999932535,0.000500003807246685,0.000800006091594696,0.000100000761449337,8.70740000391379
No Overlay,True,True,True,False,22,8.449100001598708,0.0004999892553314567,0.000800006091594696,9.998620953410864e-05,8.450499983155169
No Overlay,True,True,True,False,23,8.373599994229153,0.000400003045797348,0.0009999930625781417,0.000100000761449337,8.375099991098978
No Overlay,True,True,True,False,24,8.45330000447575,0.000500003807246685,0.000800006091594696,0.000100000761449337,8.45470001513604
No Overlay,True,True,True,False,25,8.43180000083521,0.000500003807246685,0.00100000761449337,0.000100000761449337,8.4334000130184
No Overlay,True,True,True,False,26,8.313099999213591,0.000500003807246685,0.0008999923011288047,0.0,8.314499995321967
No Overlay,True,True,True,False,27,8.294800005387515,0.000500003807246685,0.000900006853044033,0.000100000761449337,8.296300016809255
No Overlay,True,True,True,False,28,8.402599996770732,0.000400003045797348,0.0007999915396794677,0.000100000761449337,8.403899992117658
No Overlay,True,True,True,False,29,8.64729999739211,0.0005999900167807937,0.000900006853044033,0.000100000761449337,8.648899995023385
No Overlay,True,True,True,False,30,8.692000003065914,0.000500003807246685,0.0008999923011288047,0.000100000761449337,8.693499999935739
No Overlay,True,True,True,False,31,8.611700002802536,0.000500003807246685,0.000900006853044033,0.000100000761449337,8.613200014224276
No Overlay,True,True,True,False,32,8.392800009460188,0.000400003045797348,0.0008999923011288047,0.000100000761449337,8.394200005568564
No Overlay,True,True,True,False,33,8.373700009542517,0.000500003807246685,0.0009999930625781417,0.000100000761449337,8.375300007173792
No Overlay,True,True,True,False,34,8.747400002903305,0.000500003807246685,0.000900006853044033,0.000100000761449337,8.748900014325045
No Overlay,True,True,True,False,35,8.718400000361726,0.000400003045797348,0.0007999915396794677,0.000100000761449337,8.719699995708652
No Overlay,True,True,True,False,36,8.628599985968322,0.000500003807246685,0.0011999945854768157,0.000100000761449337,8.630399985122494
No Overlay,True,True,True,False,37,8.42450000345707,0.00039998849388211966,0.00100000761449337,0.000100000761449337,8.426000000326894
No Overlay,True,True,True,False,38,8.322099994984455,0.000400003045797348,0.0008999923011288047,0.000100000761449337,8.323499991092831
No Overlay,True,True,True,False,39,8.560400005080737,0.000600004568696022,0.001100008375942707,0.000100000761449337,8.562200018786825
No Overlay,True,True,True,False,40,8.346999995410442,0.0004999892553314567,0.000900006853044033,0.000100000761449337,8.348499992280267
No Overlay,True,True,True,False,41,8.504000012180768,0.000500003807246685,0.0010999938240274787,0.000100000761449337,8.505700010573491
No Overlay,True,True,True,False,42,8.602500005508773,0.000500003807246685,0.0008999923011288047,0.000100000761449337,8.604000002378598
No Overlay,True,True,True,False,43,8.541500006685965,0.000500003807246685,0.00100000761449337,0.000100000761449337,8.543100018869154
No Overlay,True,True,True,False,44,8.677699996042065,0.000500003807246685,0.00100000761449337,0.000100000761449337,8.679300008225255
No Overlay,True,True,True,False,45,8.482000004732981,0.000500003807246685,0.0009999930625781417,0.000100000761449337,8.483600002364255
No Overlay,True,True,True,False,46,8.609900003648363,0.000500003807246685,0.0008999923011288047,0.000100000761449337,8.611400000518188
No Overlay,True,True,True,False,47,8.635699996375479,0.000500003807246685,0.0008999923011288047,0.000100000761449337,8.637199993245304
No Overlay,True,True,True,False,48,8.446500010904856,0.000600004568696022,0.0007999915396794677,0.000100000761449337,8.44800000777468
No Overlay,True,True,True,False,49,8.43699999677483,0.000500003807246685,0.0009999930625781417,0.000100000761449337,8.438599994406104
No Overlay,True,True,True,False,50,8.659799990709871,0.000500003807246685,0.0009999930625781417,0.000100000761449337,8.661399988341145
No Overlay,True,True,True,False,51,10.201099998084828,0.000400003045797348,0.0009999930625781417,0.000100000761449337,10.202599994954653
No Overlay,True,True,True,False,52,9.268099995097145,0.000500003807246685,0.000900006853044033,0.000100000761449337,9.269600006518885
No Overlay,True,True,True,False,53,8.577499989769422,0.000400003045797348,0.000900006853044033,0.000100000761449337,8.578900000429712
No Overlay,True,True,True,False,54,8.858199988026172,0.000600004568696022,0.000900006853044033,0.000100000761449337,8.859800000209361
No Overlay,True,True,True,False,55,9.071899999980815,0.00039998849388211966,0.0009999930625781417,0.0,9.073299981537275
No Overlay,True,True,True,False,56,8.414500000071712,0.0004999892553314567,0.000900006853044033,0.000100000761449337,8.415999996941537
No Overlay,True,True,True,False,57,8.378300000913441,0.000600004568696022,0.001100008375942707,0.000100000761449337,8.38010001461953
No Overlay,True,True,True,False,58,8.522500007529743,0.000500003807246685,0.001200009137392044,0.000100000761449337,8.524300021235831
No Overlay,True,True,True,False,59,8.44890000007581,0.0005999900167807937,0.00100000761449337,0.000100000761449337,8.450599998468533
No Overlay,True,True,True,False,60,8.436399992206134,0.000700005330145359,0.0011999945854768157,0.000100000761449337,8.438399992883205
No Overlay,True,True,True,False,61,8.590299999923445,0.000600004568696022,0.00100000761449337,0.0,8.591900012106635
No Overlay,True,True,True,False,62,8.640399988507852,0.0004999892553314567,0.0013999961083754897,0.000100000761449337,8.642399974633008
No Overlay,True,True,True,False,63,8.508400002028793,0.00039998849388211966,0.000900006853044033,0.000100000761449337,8.509799998137169
No Overlay,True,True,True,False,64,8.404899999732152,0.000500003807246685,0.0007999915396794677,0.000100000761449337,8.406299995840527
No Overlay,True,True,True,False,65,8.593100006692111,0.0004999892553314567,0.000800006091594696,0.0,8.594400002039038
No Overlay,True,True,True,False,66,8.773600013228133,0.000700005330145359,0.001100008375942707,0.000100000761449337,8.77550002769567
No Overlay,True,True,True,False,67,8.579400004236959,0.0005999900167807937,0.000900006853044033,0.000100000761449337,8.581000001868233
No Overlay,True,True,True,False,68,8.531999992555939,0.000600004568696022,0.0009999930625781417,0.000100000761449337,8.533699990948662
No Overlay,True,True,True,False,69,8.48519999999553,0.0004999892553314567,0.0009999930625781417,0.0,8.48669998231344
No Overlay,True,True,True,False,70,8.436500007519498,0.00039998849388211966,0.00100000761449337,0.000100000761449337,8.438000004389323
No Overlay,True,True,True,False,71,8.410500013269484,0.000500003807246685,0.000900006853044033,0.000100000761449337,8.412000024691224
No Overlay,True,True,True,False,72,8.501700009219348,0.0005999900167807937,0.00100000761449337,9.998620953410864e-05,8.503399993060157
No Overlay,True,True,True,False,73,8.623400004580617,0.000500003807246685,0.0008999923011288047,0.000100000761449337,8.624900001450442
No Overlay,True,True,True,False,74,8.779299998423085,0.000500003807246685,0.001200009137392044,0.000100000761449337,8.781100012129173
No Overlay,True,True,True,False,75,8.624299996881746,0.0004999892553314567,0.00100000761449337,0.000100000761449337,8.62589999451302
No Overlay,True,True,True,False,76,8.427400010987185,0.000600004568696022,0.000800006091594696,0.000100000761449337,8.428900022408925
No Overlay,True,True,True,False,77,8.433299997705035,0.0007999915396794677,0.0010999938240274787,0.0,8.435199983068742
No Overlay,True,True,True,False,78,8.675499993842095,0.0004999892553314567,0.00100000761449337,0.000100000761449337,8.67709999147337
No Overlay,True,True,True,False,79,8.483999990858138,0.000400003045797348,0.000800006091594696,0.000100000761449337,8.485300000756979
No Overlay,True,True,True,False,80,8.401600003708154,0.000500003807246685,0.0009999930625781417,0.000100000761449337,8.403200001339428
No Overlay,True,True,True,False,81,8.36380000691861,0.0004999892553314567,0.000900006853044033,0.000100000761449337,8.365300003788434
No Overlay,True,True,True,False,82,8.315099999890663,0.000600004568696022,0.000800006091594696,0.000100000761449337,8.316600011312403
No Overlay,True,True,True,False,83,8.478000003378838,0.000400003045797348,0.00100000761449337,0.000100000761449337,8.479500014800578
No Overlay,True,True,True,False,84,8.507700011250563,0.000500003807246685,0.0008999923011288047,0.000100000761449337,8.509200008120388
No Overlay,True,True,True,False,85,8.455199989839457,0.000500003807246685,0.000900006853044033,0.000100000761449337,8.456700001261197
No Overlay,True,True,True,False,86,8.534400010830723,0.000800006091594696,0.0009999930625781417,0.000100000761449337,8.536300010746345
No Overlay,True,True,True,False,87,8.460199998808093,0.0006999907782301307,0.0011999945854768157,0.000100000761449337,8.46219998493325
No Overlay,True,True,True,False,88,8.51840000541415,0.000600004568696022,0.0007999915396794677,0.000100000761449337,8.519900002283975
No Overlay,True,True,True,False,89,8.48299999779556,0.0006999907782301307,0.00100000761449337,0.000100000761449337,8.484799996949732
No Overlay,True,True,True,False,90,8.635200007120147,0.000500003807246685,0.001100008375942707,0.000100000761449337,8.636900020064786
No Overlay,True,True,True,False,91,8.52380000287667,0.000600004568696022,0.0016999983927235007,0.000200001522898674,8.526300007360987
No Overlay,True,True,True,False,92,8.667899994179606,0.0004999892553314567,0.001100008375942707,0.000100000761449337,8.66959999257233
No Overlay,True,True,True,False,93,8.66439999663271,0.000600004568696022,0.00100000761449337,0.000100000761449337,8.666100009577349
No Overlay,True,True,True,False,94,8.390499991946854,0.000500003807246685,0.000800006091594696,0.000100000761449337,8.391900002607144
No Overlay,True,True,True,False,95,8.788599996478297,0.000500003807246685,0.0008999923011288047,0.000200001522898674,8.790199994109571
No Overlay,True,True,True,False,96,8.540900002117269,0.000500003807246685,0.0009999930625781417,0.000100000761449337,8.542499999748543
No Overlay,True,True,True,False,97,8.605399998486973,0.000500003807246685,0.0008999923011288047,0.000100000761449337,8.606899995356798
No Overlay,True,True,True,False,98,8.567600001697429,0.0004999892553314567,0.000800006091594696,0.000100000761449337,8.568999997805804
No Overlay,True,True,True,False,99,8.465800012345426,0.0005999900167807937,0.000800006091594696,0.000100000761449337,8.46730000921525
No Overlay,True,True,True,False,100,12.381599997752346,0.0006999907782301307,0.0013999961083754897,0.000100000761449337,12.383799985400401
No Overlay,True,True,True,False,101,9.261699990020134,0.0004999892553314567,0.000800006091594696,0.000100000761449337,9.263099986128509
No Overlay,True,True,True,False,102,8.793200002401136,0.0005999900167807937,0.000800006091594696,0.0,8.794599998509511
No Overlay,True,True,True,False,103,8.260200003860518,0.000600004568696022,0.0007999915396794677,0.000100000761449337,8.261700000730343
No Overlay,True,True,True,False,104,8.203499994124286,0.000500003807246685,0.000900006853044033,0.000100000761449337,8.205000005546026
No Overlay,True,True,True,False,105,8.406299995840527,0.000500003807246685,0.000800006091594696,0.000100000761449337,8.407700006500818
No Overlay,True,True,True,False,106,8.533800006262027,0.000500003807246685,0.0008999923011288047,0.000100000761449337,8.535300003131852
No Overlay,True,True,True,False,107,8.506699989084154,0.000800006091594696,0.00100000761449337,0.000100000761449337,8.508600003551692
No Overlay,True,True,True,False,108,8.700999998836778,0.000500003807246685,0.0011999945854768157,0.000200001522898674,8.7028999987524
No Overlay,True,True,True,False,109,8.72430000163149,0.000600004568696022,0.000900006853044033,0.000100000761449337,8.72590001381468
No Overlay,True,True,True,False,110,8.384600005229004,0.000500003807246685,0.000900006853044033,0.000100000761449337,8.386100016650744
No Overlay,True,True,True,False,111,8.38359999761451,0.000400003045797348,0.00100000761449337,0.000100000761449337,8.38510000903625
No Overlay,True,True,True,False,112,8.475199996610172,0.000600004568696022,0.0007999915396794677,0.000100000761449337,8.476699993479997
No Overlay,True,True,True,False,113,8.444000006420538,0.000700005330145359,0.0008999923011288047,0.000100000761449337,8.445700004813261
No Overlay,True,True,True,False,114,8.550899990950711,0.000600004568696022,0.0009999930625781417,0.000100000761449337,8.552599989343435
No Overlay,True,True,True,False,115,8.623400004580617,0.000600004568696022,0.00100000761449337,0.000100000761449337,8.625100017525256
No Overlay,True,True,True,False,116,8.425399995758198,0.000500003807246685,0.0009999930625781417,0.000100000761449337,8.426999993389472
No Overlay,True,True,True,False,117,8.500800002366304,0.0004999892553314567,0.000900006853044033,0.000100000761449337,8.50229999923613
No Overlay,True,True,True,False,118,8.566000004066154,0.0004999892553314567,0.000800006091594696,0.000100000761449337,8.56740000017453
No Overlay,True,True,True,False,119,8.600699991802685,0.000400003045797348,0.000900006853044033,0.000100000761449337,8.602100002462976
No Overlay,True,True,True,False,120,8.753199988859706,0.000600004568696022,0.0011999945854768157,0.000100000761449337,8.755099988775328
No Overlay,True,True,True,False,121,8.575600004405715,0.000400003045797348,0.00100000761449337,0.0,8.577000015066005
No Overlay,True,True,True,False,122,8.566799995605834,0.000400003045797348,0.0009999930625781417,0.000100000761449337,8.568299992475659
No Overlay,True,True,True,False,123,8.555299995350651,0.0004999892553314567,0.001200009137392044,0.000100000761449337,8.557099994504824
No Overlay,True,True,True,False,124,8.479999989503995,0.000500003807246685,0.0008999923011288047,0.000100000761449337,8.48149998637382
No Overlay,True,True,True,False,125,8.589800010668114,0.0004999892553314567,0.000800006091594696,0.000100000761449337,8.59120000677649
No Overlay,True,True,True,False,126,8.580400011851452,0.000500003807246685,0.000900006853044033,0.000100000761449337,8.581900023273192
No Overlay,True,True,True,False,127,8.392000003368594,0.000500003807246685,0.000800006091594696,0.000100000761449337,8.393400014028884
No Overlay,True,True,True,False,128,8.581700007198378,0.000400003045797348,0.0008999923011288047,0.000100000761449337,8.583100003306754
No Overlay,True,True,True,False,129,8.389800001168624,0.0004999892553314567,0.000800006091594696,9.998620953410864e-05,8.391199982725084
No Overlay,True,True,True,False,130,8.30149999819696,0.0005999900167807937,0.000800006091594696,0.000100000761449337,8.302999995066784
No Overlay,True,True,True,False,131,8.41470000159461,0.000500003807246685,0.000700005330145359,0.000100000761449337,8.416000011493452
No Overlay,True,True,True,False,132,8.447200001683086,0.000500003807246685,0.0009999930625781417,0.000100000761449337,8.44879999931436
No Overlay,True,True,True,False,133,8.26440000673756,0.00039998849388211966,0.000900006853044033,9.998620953410864e-05,8.26579998829402
No Overlay,True,True,True,False,134,8.210699990740977,0.000500003807246685,0.00100000761449337,0.0,8.212200002162717
No Overlay,True,True,True,False,135,8.43180000083521,0.000500003807246685,0.00100000761449337,0.000100000761449337,8.4334000130184
No Overlay,True,True,True,False,136,8.4731999959331,0.000400003045797348,0.0009999930625781417,0.000100000761449337,8.474699992802925
No Overlay,True,True,True,False,137,8.593900012783706,0.000400003045797348,0.000800006091594696,0.0,8.595100021921098
No Overlay,True,True,True,False,138,8.506500002113171,0.0006999907782301307,0.000900006853044033,0.000100000761449337,8.508200000505894
No Overlay,True,True,True,False,139,8.32809999701567,0.0004999892553314567,0.000900006853044033,0.000100000761449337,8.329599993885495
No Overlay,True,True,True,False,140,8.662699998239987,0.000500003807246685,0.00100000761449337,0.000100000761449337,8.664300010423176
No Overlay,True,True,True,False,141,8.53099999949336,0.00039998849388211966,0.00100000761449337,0.000100000761449337,8.532499996363185
No Overlay,True,True,True,False,142,8.572000006097369,0.0004999892553314567,0.000900006853044033,9.998620953410864e-05,8.573499988415278
No Overlay,True,True,True,False,143,8.449299988569692,0.000600004568696022,0.0009999930625781417,0.000100000761449337,8.450999986962415
No Overlay,True,True,True,False,144,8.568599994760007,0.000600004568696022,0.0010999938240274787,0.000100000761449337,8.57039999391418
No Overlay,True,True,True,False,145,8.5073999944143,0.000500003807246685,0.0007999915396794677,0.000100000761449337,8.508799990522675
No Overlay,True,True,True,False,146,8.499000003212132,0.000500003807246685,0.000800006091594696,0.000100000761449337,8.500400013872422
No Overlay,True,True,True,False,147,9.69180000538472,0.0004999892553314567,0.000900006853044033,0.000100000761449337,9.693300002254546
No Overlay,True,True,True,False,148,8.490699998219498,0.0004999892553314567,0.00100000761449337,0.000100000761449337,8.492299995850772
No Overlay,True,True,True,False,149,9.054599999217317,0.000700005330145359,0.001100008375942707,0.000100000761449337,9.056500013684854
No Overlay,True,True,True,False,150,8.675299992319196,0.000500003807246685,0.000900006853044033,0.000100000761449337,8.676800003740937
No Overlay,True,True,True,False,151,12.12390000000596,0.000700005330145359,0.0008999923011288047,0.000100000761449337,12.125599998398684
No Overlay,True,True,True,False,152,9.10749999457039,0.000500003807246685,0.000900006853044033,0.000100000761449337,9.10900000599213
No Overlay,True,True,True,False,153,8.235799992689863,0.000700005330145359,0.0009999930625781417,0.000100000761449337,8.237599991844036
No Overlay,True,True,True,False,154,8.090500006801449,0.0005999900167807937,0.000800006091594696,0.000100000761449337,8.092000003671274
No Overlay,True,True,True,False,155,8.17710001138039,0.000500003807246685,0.0008999923011288047,0.000100000761449337,8.178600008250214
No Overlay,True,True,True,False,156,8.508300001267344,0.000600004568696022,0.0007999915396794677,0.000100000761449337,8.509799998137169
No Overlay,True,True,True,False,157,8.818199989036657,0.0008999923011288047,0.00100000761449337,9.998620953410864e-05,8.820199975161813
No Overlay,True,True,True,False,158,8.477999988826923,0.000700005330145359,0.0008999923011288047,0.000200001522898674,8.479799987981096
No Overlay,True,True,True,False,159,8.518100003129803,0.0007999915396794677,0.000900006853044033,0.000100000761449337,8.519900002283975
No Overlay,True,True,True,False,160,8.590400000684895,0.000600004568696022,0.0007999915396794677,0.000100000761449337,8.59189999755472
No Overlay,True,True,True,False,161,8.430800007772632,0.0005999900167807937,0.0009999930625781417,0.000100000761449337,8.43249999161344
No Overlay,True,True,True,False,162,8.724699990125373,0.0006999907782301307,0.000900006853044033,9.998620953410864e-05,8.726399973966181
No Overlay,True,True,True,False,163,8.583500006352551,0.000700005330145359,0.000800006091594696,0.000100000761449337,8.58510001853574
No Overlay,True,True,True,False,164,8.552800005418248,0.000600004568696022,0.00100000761449337,0.000100000761449337,8.554500018362887
No Overlay,True,True,True,False,165,8.565600001020357,0.000600004568696022,0.0010999938240274787,0.000100000761449337,8.56740000017453
No Overlay,True,True,True,False,166,8.600300003308803,0.000600004568696022,0.0007999915396794677,0.000100000761449337,8.601800000178628
No Overlay,True,True,True,False,167,8.43640000675805,0.0004999892553314567,0.000800006091594696,0.000100000761449337,8.437800002866425
No Overlay,True,True,True,False,168,8.441300000413321,0.0005999900167807937,0.000800006091594696,0.000200001522898674,8.442899998044595
No Overlay,True,True,True,False,169,8.959500002674758,0.0006999907782301307,0.00100000761449337,0.000100000761449337,8.961300001828931
No Overlay,True,True,True,False,170,8.702599996468052,0.0005999900167807937,0.0010999938240274787,0.000200001522898674,8.70449998183176
No Overlay,True,True,True,False,171,8.548999991035089,0.000500003807246685,0.0009999930625781417,0.000100000761449337,8.550599988666363
No Overlay,True,True,True,False,172,8.397400000831112,0.000500003807246685,0.000900006853044033,0.000100000761449337,8.398900012252852
No Overlay,True,True,True,False,173,8.549799997126684,0.0006999907782301307,0.000900006853044033,9.998620953410864e-05,8.551499980967492
No Overlay,True,True,True,False,174,8.732900008908473,0.000500003807246685,0.0018999999156221747,0.00029998773243278265,8.735600000363775
No Overlay,True,True,True,False,175,8.795899993856438,0.0004999892553314567,0.0010999938240274787,0.000200001522898674,8.797699978458695
No Overlay,True,True,True,False,176,8.387499998207204,0.000500003807246685,0.00100000761449337,0.000100000761449337,8.389100010390393
No Overlay,True,True,True,False,177,8.355899990419857,0.000600004568696022,0.000900006853044033,0.000100000761449337,8.357500002603047
No Overlay,True,True,True,False,178,8.557299996027723,0.0005999900167807937,0.000900006853044033,0.000100000761449337,8.558899993658997
No Overlay,True,True,True,False,179,8.527799989678897,0.00039998849388211966,0.000900006853044033,0.000100000761449337,8.529199985787272
No Overlay,True,True,True,False,180,8.706199994776398,0.000500003807246685,0.000700005330145359,0.000200001522898674,8.707600005436689
No Overlay,True,True,True,False,181,8.727100008400157,0.0006999907782301307,0.0007999915396794677,0.000100000761449337,8.728699991479516
No Overlay,True,True,True,False,182,8.637700011604466,0.000500003807246685,0.0008999923011288047,0.000100000761449337,8.63920000847429
No Overlay,True,True,True,False,183,8.565900003304705,0.0004999892553314567,0.000900006853044033,0.000100000761449337,8.56740000017453
No Overlay,True,True,True,False,184,8.439400000497699,0.0004999892553314567,0.00100000761449337,0.000100000761449337,8.440999998128973
No Overlay,True,True,True,False,185,8.459699995000847,0.000600004568696022,0.0009999930625781417,0.000100000761449337,8.46139999339357
No Overlay,True,True,True,False,186,8.581900008721277,0.000500003807246685,0.0008999923011288047,0.000100000761449337,8.583400005591102
No Overlay,True,True,True,False,187,8.6235999915516,0.0004999892553314567,0.000800006091594696,9.998620953410864e-05,8.62499997310806
No Overlay,True,True,True,False,188,8.474400005070493,0.000500003807246685,0.0006999907782301307,0.000100000761449337,8.475700000417419
No Overlay,True,True,True,False,189,8.532399995601736,0.0004999892553314567,0.001100008375942707,0.000100000761449337,8.53409999399446
No Overlay,True,True,True,False,190,8.679599995957687,0.000500003807246685,0.0007999915396794677,0.0,8.680899991304614
No Overlay,True,True,True,False,191,8.47329999669455,0.0006999907782301307,0.00100000761449337,0.000100000761449337,8.475099995848723
No Overlay,True,True,True,False,192,8.525699988240376,0.000400003045797348,0.000900006853044033,0.000100000761449337,8.527099998900667
No Overlay,True,True,True,False,193,8.58880000305362,0.000500003807246685,0.0010999938240274787,0.000200001522898674,8.590600002207793
No Overlay,True,True,True,False,194,8.396999997785315,0.000400003045797348,0.0007999915396794677,0.000200001522898674,8.39839999389369
No Overlay,True,True,True,False,195,8.341499997186475,0.000500003807246685,0.000900006853044033,0.000100000761449337,8.343000008608215
No Overlay,True,True,True,False,196,8.573799990699627,0.0004999892553314567,0.000700005330145359,0.0,8.574999985285103
No Overlay,True,True,True,False,197,8.430600006249733,0.000500003807246685,0.000900006853044033,0.000100000761449337,8.432100017671473
No Overlay,True,True,True,False,198,8.648999995784834,0.000500003807246685,0.0008999923011288047,0.000200001522898674,8.650599993416108
No Overlay,True,True,True,False,199,8.509199993568473,0.000500003807246685,0.0008999923011288047,0.000100000761449337,8.510699990438297
YOLO Only,True,False,False,False,0,9.936199989169836,0.000100000761449337,0.000100000761449337,0.000100000761449337,9.936499991454184
YOLO Only,True,False,False,False,1,8.94299999345094,0.000100000761449337,0.000100000761449337,0.000100000761449337,8.943299995735288
YOLO Only,True,False,False,False,2,8.77319999563042,0.000100000761449337,0.000100000761449337,0.000100000761449337,8.773499997914769
YOLO Only,True,False,False,False,3,8.392399991862476,0.000200001522898674,0.000200001522898674,9.998620953410864e-05,8.392899981117807
YOLO Only,True,False,False,False,4,8.467899999232031,0.000200001522898674,0.000200001522898674,0.0,8.468300002277829
YOLO Only,True,False,False,False,5,8.457699994323775,0.000200001522898674,0.000100000761449337,0.000100000761449337,8.458099997369573
YOLO Only,True,False,False,False,6,8.460999990347773,0.000200001522898674,0.000100000761449337,0.000100000761449337,8.46139999339357
YOLO Only,True,False,False,False,7,8.58820001303684,0.000100000761449337,0.000200001522898674,0.000100000761449337,8.588600016082637
YOLO Only,True,False,False,False,8,8.655300000100397,0.000200001522898674,0.000100000761449337,0.000100000761449337,8.655700003146194
YOLO Only,True,False,False,False,9,8.66669999959413,0.000100000761449337,0.000100000761449337,0.000100000761449337,8.667000001878478
YOLO Only,True,False,False,False,10,9.227799993823282,9.998620953410864e-05,0.000100000761449337,0.000100000761449337,9.228099981555715
YOLO Only,True,False,False,False,11,9.07859999279026,0.000100000761449337,0.000100000761449337,0.000100000761449337,9.078899995074607
YOLO Only,True,False,False,False,12,8.46139999339357,0.000200001522898674,0.000200001522898674,0.000100000761449337,8.461899997200817
YOLO Only,True,False,False,False,13,8.456700001261197,0.000200001522898674,0.000100000761449337,0.0,8.457000003545545
YOLO Only,True,False,False,False,14,8.637400009320118,0.000100000761449337,0.000100000761449337,0.000100000761449337,8.637700011604466
YOLO Only,True,False,False,False,15,8.528499995009042,0.000100000761449337,0.000200001522898674,0.000100000761449337,8.52889999805484
YOLO Only,True,False,False,False,16,8.508099999744445,0.000200001522898674,0.000200001522898674,0.000100000761449337,8.508600003551692
YOLO Only,True,False,False,False,17,8.488999999826774,0.000100000761449337,0.000100000761449337,0.000100000761449337,8.489300002111122
YOLO Only,True,False,False,False,18,8.484099991619587,0.000100000761449337,0.000100000761449337,0.0,8.484299993142486
YOLO Only,True,False,False,False,19,8.353800003533252,0.000200001522898674,0.000100000761449337,0.0,8.3541000058176
YOLO Only,True,False,False,False,20,8.42450000345707,0.000200001522898674,0.000100000761449337,0.000100000761449337,8.424900006502867
YOLO Only,True,False,False,False,21,8.597499996540137,0.000100000761449337,0.000100000761449337,0.000100000761449337,8.597799998824485
YOLO Only,True,False,False,False,22,8.681199993588962,0.000200001522898674,0.000100000761449337,0.000100000761449337,8.681599996634759
YOLO Only,True,False,False,False,23,8.554100000765175,0.000200001522898674,0.000100000761449337,0.000100000761449337,8.554500003810972
YOLO Only,True,False,False,False,24,8.56220000423491,0.000200001522898674,0.000200001522898674,0.000100000761449337,8.562700008042157
YOLO Only,True,False,False,False,25,8.465099992463365,0.000100000761449337,0.000100000761449337,0.0,8.465299993986264
YOLO Only,True,False,False,False,26,8.53629999619443,0.000100000761449337,0.000100000761449337,0.000100000761449337,8.536599998478778
YOLO Only,True,False,False,False,27,8.333100005984306,0.000100000761449337,0.000200001522898674,0.0,8.333400008268654
YOLO Only,True,False,False,False,28,8.414399999310263,0.000200001522898674,0.000200001522898674,0.000100000761449337,8.41490000311751
YOLO Only,True,False,False,False,29,8.378300000913441,0.000200001522898674,0.000100000761449337,0.000100000761449337,8.378700003959239
YOLO Only,True,False,False,False,30,8.51909999619238,0.000100000761449337,0.000100000761449337,0.000100000761449337,8.519399998476729
YOLO Only,True,False,False,False,31,8.762099998421036,0.000200001522898674,0.000100000761449337,0.000100000761449337,8.762500001466833
YOLO Only,True,False,False,False,32,8.53859999915585,0.000200001522898674,0.000200001522898674,0.000100000761449337,8.539100002963096
YOLO Only,True,False,False,False,33,8.614899998065084,0.000100000761449337,0.000100000761449337,0.000100000761449337,8.615200000349432
YOLO Only,True,False,False,False,34,8.610599994426593,0.000100000761449337,0.000100000761449337,9.998620953410864e-05,8.610899982159026
YOLO Only,True,False,False,False,35,8.483700003125705,0.000100000761449337,0.000100000761449337,0.000100000761449337,8.484000005410053
YOLO Only,True,False,False,False,36,8.444099992630072,0.000100000761449337,0.000100000761449337,0.000100000761449337,8.44439999491442
YOLO Only,True,False,False,False,37,8.65840000915341,0.000100000761449337,0.000200001522898674,0.000100000761449337,8.658800012199208
YOLO Only,True,False,False,False,38,8.671499992487952,0.000200001522898674,0.00019998697098344564,0.000100000761449337,8.671999981743284
YOLO Only,True,False,False,False,39,8.535200002370402,0.000200001522898674,0.000200001522898674,0.0,8.5356000054162
YOLO Only,True,False,False,False,40,8.496700000250712,0.000200001522898674,0.000200001522898674,0.0,8.49710000329651
YOLO Only,True,False,False,False,41,8.575700005167164,0.000200001522898674,0.000200001522898674,0.0,8.576100008212961
YOLO Only,True,False,False,False,42,8.423799998126924,0.000200001522898674,0.000100000761449337,0.000100000761449337,8.424200001172721
YOLO Only,True,False,False,False,43,8.5045000014361,0.000100000761449337,0.00019998697098344564,0.000100000761449337,8.504899989929982
YOLO Only,True,False,False,False,44,8.633999997982755,0.000200001522898674,0.000100000761449337,0.000100000761449337,8.634400001028553
YOLO Only,True,False,False,False,45,8.715700008906424,0.000100000761449337,0.000100000761449337,0.000100000761449337,8.716000011190772
YOLO Only,True,False,False,False,46,8.505599995260127,0.000200001522898674,9.998620953410864e-05,0.0,8.50589998299256
YOLO Only,True,False,False,False,47,8.462199999485165,0.000100000761449337,0.000100000761449337,0.000100000761449337,8.462500001769513
YOLO Only,True,False,False,False,48,8.34289999329485,0.000100000761449337,0.00019998697098344564,0.000100000761449337,8.343299981788732
YOLO Only,True,False,False,False,49,8.378300000913441,0.000100000761449337,0.000100000761449337,0.000100000761449337,8.37860000319779
YOLO Only,True,False,False,False,50,8.681899998919107,0.000100000761449337,0.000100000761449337,0.0,8.682100000442006
YOLO Only,True,False,False,False,51,9.997599991038442,0.000200001522898674,0.000200001522898674,0.0,9.997999994084239
YOLO Only,True,False,False,False,52,8.808500002487563,0.000100000761449337,0.000100000761449337,0.000100000761449337,8.80880000477191
YOLO Only,True,False,False,False,53,9.423200011951849,0.000200001522898674,0.000100000761449337,0.0,9.423500014236197
YOLO Only,True,False,False,False,54,8.524400007445365,0.000100000761449337,0.000100000761449337,0.000100000761449337,8.524700009729713
YOLO Only,True,False,False,False,55,8.644800007459708,0.000200001522898674,0.000100000761449337,0.0,8.645100009744056
YOLO Only,True,False,False,False,56,8.556000000680797,9.998620953410864e-05,0.000200001522898674,0.000100000761449337,8.556399989174679
YOLO Only,True,False,False,False,57,8.659299986902624,0.000100000761449337,0.000100000761449337,0.000100000761449337,8.659599989186972
YOLO Only,True,False,False,False,58,8.672500000102445,0.000100000761449337,0.000100000761449337,0.000100000761449337,8.672800002386793
YOLO Only,True,False,False,False,59,8.433299997705035,0.000200001522898674,0.000100000761449337,0.000100000761449337,8.433700000750832
YOLO Only,True,False,False,False,60,9.37559999874793,0.000100000761449337,0.000100000761449337,0.000100000761449337,9.375900001032278
YOLO Only,True,False,False,False,61,8.63629998639226,0.000100000761449337,0.000100000761449337,0.000100000761449337,8.636599988676608
YOLO Only,True,False,False,False,62,10.32820000546053,0.000100000761449337,0.000100000761449337,0.000100000761449337,10.328500007744879
YOLO Only,True,False,False,False,63,9.223399989423342,0.000100000761449337,0.000100000761449337,0.000100000761449337,9.22369999170769
YOLO Only,True,False,False,False,64,9.674899993115105,0.000100000761449337,0.000100000761449337,0.0,9.675099994638003
YOLO Only,True,False,False,False,65,8.694000003742985,0.000200001522898674,0.000200001522898674,0.000100000761449337,8.694500007550232
YOLO Only,True,False,False,False,66,8.596700005000457,0.000100000761449337,0.000100000761449337,0.000100000761449337,8.597000007284805
YOLO Only,True,False,False,False,67,8.353400000487454,0.000100000761449337,0.000100000761449337,0.0,8.353600002010353
YOLO Only,True,False,False,False,68,8.382499989238568,0.000100000761449337,0.000100000761449337,0.000100000761449337,8.382799991522916
YOLO Only,True,False,False,False,69,8.517199996276759,0.000200001522898674,0.000100000761449337,0.000100000761449337,8.517599999322556
YOLO Only,True,False,False,False,70,8.424900006502867,0.000200001522898674,0.000100000761449337,0.000100000761449337,8.425300009548664
YOLO Only,True,False,False,False,71,8.390299990423955,0.000100000761449337,0.000100000761449337,0.000100000761449337,8.390599992708303
YOLO Only,True,False,False,False,72,8.666700014146045,0.000100000761449337,0.000100000761449337,0.000100000761449337,8.667000016430393
YOLO Only,True,False,False,False,73,8.5696000023745,0.000100000761449337,0.000100000761449337,0.000100000761449337,8.569900004658848
YOLO Only,True,False,False,False,74,8.799000002909452,0.000100000761449337,0.000200001522898674,0.0,8.7993000051938
YOLO Only,True,False,False,False,75,8.754100010264665,0.000100000761449337,0.000100000761449337,0.000100000761449337,8.754400012549013
YOLO Only,True,False,False,False,76,8.633699995698407,0.000100000761449337,0.000100000761449337,0.000100000761449337,8.633999997982755
YOLO Only,True,False,False,False,77,8.731899986742064,0.000200001522898674,0.000200001522898674,0.0,8.732299989787862
YOLO Only,True,False,False,False,78,8.507700011250563,9.998620953410864e-05,0.000200001522898674,0.0,8.507999998982996
YOLO Only,True,False,False,False,79,8.448599997791462,0.000100000761449337,0.00019998697098344564,0.0,8.448899985523894
YOLO Only,True,False,False,False,80,8.592800004407763,0.000100000761449337,0.000100000761449337,0.000100000761449337,8.593100006692111
YOLO Only,True,False,False,False,81,8.544700001948513,0.000200001522898674,0.000200001522898674,0.000100000761449337,8.54520000575576
YOLO Only,True,False,False,False,82,8.799900009762496,0.000100000761449337,0.000100000761449337,0.000100000761449337,8.800200012046844
YOLO Only,True,False,False,False,83,8.995899988804013,0.000300002284348011,0.000200001522898674,0.000100000761449337,8.996499993372709
YOLO Only,True,False,False,False,84,8.852399987517856,0.000200001522898674,0.000200001522898674,0.0,8.852799990563653
YOLO Only,True,False,False,False,85,8.626800001366064,0.000100000761449337,0.000100000761449337,0.000100000761449337,8.627100003650412
YOLO Only,True,False,False,False,86,8.719100005691871,0.000200001522898674,0.000200001522898674,0.000100000761449337,8.719600009499118
YOLO Only,True,False,False,False,87,8.640400003059767,0.000100000761449337,0.000100000761449337,0.000100000761449337,8.640700005344115
YOLO Only,True,False,False,False,88,8.547599994926713,0.000200001522898674,0.000100000761449337,0.000100000761449337,8.54799999797251
YOLO Only,True,False,False,False,89,8.625000002211891,0.000200001522898674,0.000100000761449337,0.000100000761449337,8.625400005257688
YOLO Only,True,False,False,False,90,8.573500002967194,0.000200001522898674,0.000100000761449337,9.998620953410864e-05,8.573899991461076
YOLO Only,True,False,False,False,91,8.844000010867603,0.000100000761449337,0.000200001522898674,0.000100000761449337,8.8444000139134
YOLO Only,True,False,False,False,92,8.82810000621248,9.998620953410864e-05,0.000100000761449337,0.0,8.828299993183464
YOLO Only,True,False,False,False,93,8.701200000359677,9.998620953410864e-05,0.000100000761449337,0.000100000761449337,8.70149998809211
YOLO Only,True,False,False,False,94,8.599499997217208,0.00019998697098344564,0.000100000761449337,0.000100000761449337,8.59989998571109
YOLO Only,True,False,False,False,95,8.659099999931641,0.000100000761449337,0.000100000761449337,0.000100000761449337,8.659400002215989
YOLO Only,True,False,False,False,96,8.697400000528432,0.000100000761449337,0.000200001522898674,0.0,8.69770000281278
YOLO Only,True,False,False,False,97,8.780399992247112,0.000100000761449337,0.000200001522898674,0.000100000761449337,8.78079999529291
YOLO Only,True,False,False,False,98,8.856799991917796,0.000100000761449337,9.998620953410864e-05,0.000100000761449337,8.85709997965023
YOLO Only,True,False,False,False,99,8.660899999085814,0.000100000761449337,0.000100000761449337,0.000100000761449337,8.661200001370162
YOLO Only,True,False,False,False,100,11.53350000095088,0.000200001522898674,0.000100000761449337,0.000100000761449337,11.533900003996678
YOLO Only,True,False,False,False,101,12.04110000981018,0.000200001522898674,0.000100000761449337,0.000100000761449337,12.041500012855977
YOLO Only,True,False,False,False,102,11.862100000143982,0.00019998697098344564,0.000200001522898674,0.000100000761449337,11.862599989399314
YOLO Only,True,False,False,False,103,10.777500006952323,0.000200001522898674,0.000100000761449337,0.0,10.777800009236671
YOLO Only,True,False,False,False,104,10.243099997751415,0.000200001522898674,0.000100000761449337,0.000100000761449337,10.243500000797212
YOLO Only,True,False,False,False,105,9.945500001776963,9.998620953410864e-05,0.000200001522898674,0.000100000761449337,9.945899990270846
YOLO Only,True,False,False,False,106,9.102600000915118,0.000100000761449337,0.000200001522898674,0.0,9.102900003199466
YOLO Only,True,False,False,False,107,9.552200004691258,0.000200001522898674,0.000100000761449337,0.000100000761449337,9.552600007737055
YOLO Only,True,False,False,False,108,9.004299994558096,0.000100000761449337,0.000200001522898674,0.0,9.004599996842444
YOLO Only,True,False,False,False,109,9.54959999944549,0.000200001522898674,0.000200001522898674,0.000100000761449337,9.550100003252737
YOLO Only,True,False,False,False,110,9.99940000474453,0.000200001522898674,0.000100000761449337,0.000100000761449337,9.999800007790327
YOLO Only,True,False,False,False,111,9.04439999430906,0.000100000761449337,0.000200001522898674,0.0,9.044699996593408
YOLO Only,True,False,False,False,112,9.896499992464669,0.000100000761449337,0.000100000761449337,9.998620953410864e-05,9.896799980197102
YOLO Only,True,False,False,False,113,9.759799999301322,0.000100000761449337,9.998620953410864e-05,0.000100000761449337,9.760099987033755
YOLO Only,True,False,False,False,114,9.573000003001653,0.000100000761449337,0.000100000761449337,0.000100000761449337,9.573300005286
YOLO Only,True,False,False,False,115,9.15990000066813,0.000200001522898674,0.000200001522898674,0.000100000761449337,9.160400004475378
YOLO Only,True,False,False,False,116,9.09559999126941,0.000100000761449337,0.000100000761449337,0.000100000761449337,9.095899993553758
YOLO Only,True,False,False,False,117,8.627599992905743,0.000200001522898674,0.000100000761449337,0.000100000761449337,8.62799999595154
YOLO Only,True,False,False,False,118,8.81249998928979,0.00019998697098344564,0.000100000761449337,0.000100000761449337,8.812899977783673
YOLO Only,True,False,False,False,119,9.486199996899813,0.000100000761449337,0.000100000761449337,0.000100000761449337,9.486499999184161
YOLO Only,True,False,False,False,120,8.654400007799268,0.000200001522898674,0.000100000761449337,0.000100000761449337,8.654800010845065
YOLO Only,True,False,False,False,121,8.844900003168732,0.000100000761449337,0.000200001522898674,0.000100000761449337,8.84530000621453
YOLO Only,True,False,False,False,122,8.716399999684654,0.000100000761449337,0.000100000761449337,0.000100000761449337,8.716700001969002
YOLO Only,True,False,False,False,123,9.13480001327116,0.000200001522898674,9.998620953410864e-05,0.000100000761449337,9.135200001765043
YOLO Only,True,False,False,False,124,9.183900008792989,0.000100000761449337,9.998620953410864e-05,0.000100000761449337,9.184199996525422
YOLO Only,True,False,False,False,125,9.294600007706322,0.000300002284348011,0.000200001522898674,0.000100000761449337,9.295200012275018
YOLO Only,True,False,False,False,126,9.055300004547462,0.000200001522898674,0.000200001522898674,0.000100000761449337,9.055800008354709
YOLO Only,True,False,False,False,127,8.895899998606183,0.000100000761449337,0.000100000761449337,9.998620953410864e-05,8.896199986338615
YOLO Only,True,False,False,False,128,8.62589999451302,0.000200001522898674,0.000200001522898674,0.0,8.626299997558817
YOLO Only,True,False,False,False,129,8.76000001153443,0.000200001522898674,0.000200001522898674,0.0,8.760400014580227
YOLO Only,True,False,False,False,130,9.245400011423044,0.000200001522898674,0.000200001522898674,0.000100000761449337,9.24590001523029
YOLO Only,True,False,False,False,131,8.670800001709722,0.000100000761449337,0.000100000761449337,0.000100000761449337,8.67110000399407
YOLO Only,True,False,False,False,132,12.933999998494983,0.000200001522898674,9.998620953410864e-05,0.000100000761449337,12.934399986988865
YOLO Only,True,False,False,False,133,8.578099994338118,0.000100000761449337,0.000200001522898674,0.0,8.578399996622466
YOLO Only,True,False,False,False,134,8.738000004086643,0.000200001522898674,0.000200001522898674,0.000100000761449337,8.73850000789389
YOLO Only,True,False,False,False,135,8.900000000721775,0.000100000761449337,0.000100000761449337,0.000100000761449337,8.900300003006123
YOLO Only,True,False,False,False,136,8.608300006017089,0.000100000761449337,0.000200001522898674,0.000100000761449337,8.608700009062886
YOLO Only,True,False,False,False,137,8.801599993603304,0.000200001522898674,0.000200001522898674,0.0,8.801999996649101
YOLO Only,True,False,False,False,138,11.361199998646043,0.000100000761449337,0.000100000761449337,0.000100000761449337,11.361500000930391
YOLO Only,True,False,False,False,139,11.284899999736808,0.000300002284348011,0.000200001522898674,0.000100000761449337,11.285500004305504
YOLO Only,True,False,False,False,140,11.135799999465235,0.000100000761449337,0.000200001522898674,0.000100000761449337,11.136200002511032
YOLO Only,True,False,False,False,141,11.423499992815778,0.000200001522898674,0.000200001522898674,0.000100000761449337,11.423999996623024
YOLO Only,True,False,False,False,142,11.741300011635758,0.000200001522898674,0.000100000761449337,0.000100000761449337,11.741700014681555
YOLO Only,True,False,False,False,143,11.145399999804795,0.000100000761449337,0.000100000761449337,0.000100000761449337,11.145700002089143
YOLO Only,True,False,False,False,144,11.629300002823584,0.000200001522898674,0.00019998697098344564,0.0,11.629699991317466
YOLO Only,True,False,False,False,145,11.271800001850352,0.000200001522898674,0.000200001522898674,0.000100000761449337,11.272300005657598
YOLO Only,True,False,False,False,146,10.196600007475354,0.000100000761449337,0.000100000761449337,0.000100000761449337,10.196900009759702
YOLO Only,True,False,False,False,147,11.641199991572648,0.00019998697098344564,0.000200001522898674,0.0,11.64159998006653
YOLO Only,True,False,False,False,148,10.070000003906898,0.000100000761449337,0.000100000761449337,0.000100000761449337,10.070300006191246
YOLO Only,True,False,False,False,149,9.64080000994727,0.00019998697098344564,0.000100000761449337,0.000100000761449337,9.641199998441152
YOLO Only,True,False,False,False,150,12.384799993014894,0.000100000761449337,0.000200001522898674,0.000100000761449337,12.385199996060692
YOLO Only,True,False,False,False,151,9.724000003188848,0.000200001522898674,0.000200001522898674,0.000100000761449337,9.724500006996095
YOLO Only,True,False,False,False,152,9.205399997881614,0.000200001522898674,0.000100000761449337,0.000100000761449337,9.205800000927411
YOLO Only,True,False,False,False,153,8.937999999034218,0.000200001522898674,9.998620953410864e-05,0.0,8.938299986766651
YOLO Only,True,False,False,False,154,9.327100007794797,0.000200001522898674,0.000200001522898674,0.000100000761449337,9.327600011602044
YOLO Only,True,False,False,False,155,9.452400001464412,0.00029998773243278265,0.000100000761449337,0.000100000761449337,9.452899990719743
YOLO Only,True,False,False,False,156,13.109999999869615,0.000200001522898674,0.000200001522898674,0.000100000761449337,13.110500003676862
YOLO Only,True,False,False,False,157,10.436399999889545,0.000200001522898674,0.00019998697098344564,0.000100000761449337,10.436899989144877
YOLO Only,True,False,False,False,158,10.44009999895934,0.000200001522898674,0.000100000761449337,0.0,10.440400001243688
YOLO Only,True,False,False,False,159,10.924099988187663,0.000200001522898674,0.000200001522898674,0.000100000761449337,10.92459999199491
YOLO Only,True,False,False,False,160,9.881899997708388,0.000100000761449337,0.000200001522898674,0.0,9.882199999992736
YOLO Only,True,False,False,False,161,11.060999997425824,0.00019998697098344564,0.000200001522898674,0.000100000761449337,11.061499986681156
YOLO Only,True,False,False,False,162,11.303400009637699,0.000200001522898674,0.000100000761449337,0.000100000761449337,11.303800012683496
YOLO Only,True,False,False,False,163,9.433900006115437,0.000200001522898674,0.000100000761449337,0.000100000761449337,9.434300009161234
YOLO Only,True,False,False,False,164,9.044899998116307,0.000200001522898674,0.000100000761449337,0.000100000761449337,9.045300001162104
YOLO Only,True,False,False,False,165,9.609900007490069,0.000200001522898674,0.000200001522898674,0.000100000761449337,9.610400011297315
YOLO Only,True,False,False,False,166,9.71870000648778,0.00019998697098344564,0.000200001522898674,0.000100000761449337,9.71919999574311
YOLO Only,True,False,False,False,167,9.052599998540245,0.000100000761449337,0.000100000761449337,0.000100000761449337,9.052900000824593
YOLO Only,True,False,False,False,168,9.824799999478273,0.000100000761449337,0.000200001522898674,0.0,9.825100001762621
YOLO Only,True,False,False,False,169,8.963300002506003,0.000200001522898674,0.000100000761449337,0.0,8.96360000479035
YOLO Only,True,False,False,False,170,9.101100004045293,0.000100000761449337,0.000200001522898674,0.000100000761449337,9.10150000709109
YOLO Only,True,False,False,False,171,8.701800004928373,0.000200001522898674,0.000100000761449337,0.000100000761449337,8.70220000797417
YOLO Only,True,False,False,False,172,8.648999995784834,0.000100000761449337,0.000100000761449337,9.998620953410864e-05,8.649299983517267
YOLO Only,True,False,False,False,173,8.65769998927135,0.000100000761449337,0.00019998697098344564,0.0,8.657999977003783
YOLO Only,True,False,False,False,174,8.491600005072542,0.000200001522898674,0.00019998697098344564,0.000100000761449337,8.492099994327873
YOLO Only,True,False,False,False,175,8.704099993337877,0.000200001522898674,0.000100000761449337,0.000100000761449337,8.704499996383674
YOLO Only,True,False,False,False,176,8.570499994675629,0.000200001522898674,0.000100000761449337,0.000100000761449337,8.570899997721426
YOLO Only,True,False,False,False,177,8.631200005766004,0.000100000761449337,0.000200001522898674,0.000100000761449337,8.631600008811802
YOLO Only,True,False,False,False,178,8.478100004140288,0.000200001522898674,0.000100000761449337,0.000100000761449337,8.478500007186085
YOLO Only,True,False,False,False,179,8.735099996556528,9.998620953410864e-05,0.000200001522898674,0.000100000761449337,8.73549998505041
YOLO Only,True,False,False,False,180,8.725500010768883,0.000100000761449337,0.000200001522898674,0.0,8.725800013053231
YOLO Only,True,False,False,False,181,8.93180001003202,9.998620953410864e-05,0.000200001522898674,0.0,8.932099997764453
YOLO Only,True,False,False,False,182,8.963100000983104,0.000200001522898674,0.000200001522898674,0.000100000761449337,8.96360000479035
YOLO Only,True,False,False,False,183,9.011100002680905,0.000100000761449337,0.000200001522898674,0.0,9.011400004965253
YOLO Only,True,False,False,False,184,8.945699999458157,0.000200001522898674,0.000100000761449337,0.000100000761449337,8.946100002503954
YOLO Only,True,False,False,False,185,8.824999997159466,0.000200001522898674,0.000100000761449337,0.000100000761449337,8.825400000205263
YOLO Only,True,False,False,False,186,9.111699997447431,0.000200001522898674,0.000200001522898674,0.000100000761449337,9.112200001254678
YOLO Only,True,False,False,False,187,9.18160000583157,0.000100000761449337,0.000200001522898674,0.0,9.181900008115917
YOLO Only,True,False,False,False,188,8.752099995035678,0.000200001522898674,0.000200001522898674,0.000100000761449337,8.752599998842925
YOLO Only,True,False,False,False,189,8.776799993938766,0.000200001522898674,0.000200001522898674,0.0,8.777199996984564
YOLO Only,True,False,False,False,190,8.982600003946573,0.000100000761449337,0.00019998697098344564,0.000100000761449337,8.982999992440455
YOLO Only,True,False,False,False,191,8.916699996916577,0.000200001522898674,0.000100000761449337,9.998620953410864e-05,8.91709998541046
YOLO Only,True,False,False,False,192,8.980300000985153,0.000100000761449337,0.000200001522898674,0.0,8.980600003269501
YOLO Only,True,False,False,False,193,9.177800006000325,9.998620953410864e-05,0.000200001522898674,0.000100000761449337,9.178199994494207
YOLO Only,True,False,False,False,194,9.026500003528781,0.000100000761449337,0.000200001522898674,0.0,9.02680000581313
YOLO Only,True,False,False,False,195,9.07629998982884,0.000200001522898674,9.998620953410864e-05,0.000100000761449337,9.076699978322722
YOLO Only,True,False,False,False,196,8.779099996900186,9.998620953410864e-05,0.000100000761449337,0.000100000761449337,8.779399984632619
YOLO Only,True,False,False,False,197,8.870599995134398,0.000300002284348011,0.000200001522898674,0.000100000761449337,8.871199999703094
YOLO Only,True,False,False,False,198,9.214499994413927,0.000200001522898674,0.000100000761449337,0.000100000761449337,9.214899997459725
YOLO Only,True,False,False,False,199,9.180799999739975,0.000200001522898674,0.00019998697098344564,0.0,9.181199988233857
