config_name,enable_yolo,enable_hit_detection,enable_temporal,enable_overlay,frame_idx,yolo_ms,hit_det_ms,temporal_ms,overlay_ms,total_ms
Full Pipeline,True,True,True,True,0,9.35340000432916,0.001300009898841381,0.0013999961083754897,0.30390000029001385,9.66000001062639
Full Pipeline,True,True,True,True,1,11.083499994128942,0.001100008375942707,0.0013999961083754897,0.2820999943651259,11.368099992978387
Full Pipeline,True,True,True,True,2,10.043599992059171,0.0008999923011288047,0.002700006007216871,0.27099999715574086,10.318199987523258
Full Pipeline,True,True,True,True,3,9.321800011093728,0.0014999968698248267,0.001100008375942707,0.2665999927558005,9.591000009095296
Full Pipeline,True,True,True,True,4,9.25200000347104,0.001100008375942707,0.0010999938240274787,0.2606000052765012,9.51480001094751
Full Pipeline,True,True,True,True,5,9.291900001699105,0.000800006091594696,0.0013999961083754897,0.3110999969067052,9.60520000080578
Full Pipeline,True,True,True,True,6,9.147299992037006,0.000600004568696022,0.0011999945854768157,0.27979999140370637,9.428899982594885
Full Pipeline,True,True,True,True,7,9.252600008039735,0.00100000761449337,0.0011999945854768157,0.2808999997796491,9.535700010019355
Full Pipeline,True,True,True,True,8,9.33190000068862,0.000600004568696022,0.001700012944638729,0.2814999897964299,9.615700007998385
Full Pipeline,True,True,True,True,9,9.434899999178015,0.000600004568696022,0.001200009137392044,0.32469999860040843,9.761400011484511
Full Pipeline,True,True,True,True,10,9.335999988252297,0.000700005330145359,0.0012999953469261527,0.3200000064680353,9.657999995397404
Full Pipeline,True,True,True,True,11,9.224800000083633,0.000600004568696022,0.0014999968698248267,0.2604000037536025,9.487300005275756
Full Pipeline,True,True,True,True,12,9.320199998910539,0.0016999983927235007,0.001100008375942707,0.3083000046899542,9.63130001036916
Full Pipeline,True,True,True,True,13,9.382800009916537,0.001200009137392044,0.001300009898841381,0.3121999907307327,9.697500019683503
Full Pipeline,True,True,True,True,14,9.211100012180395,0.001200009137392044,0.001200009137392044,0.2994999958900735,9.513000026345253
Full Pipeline,True,True,True,True,15,9.275200005504303,0.0008999923011288047,0.0010999938240274787,0.27490001230034977,9.552100003929809
Full Pipeline,True,True,True,True,16,7.997299995622598,0.000600004568696022,0.0007999915396794677,0.31970000418368727,8.31839999591466
Full Pipeline,True,True,True,True,17,8.434300005319528,0.000600004568696022,0.001100008375942707,0.2960999991046265,8.732100017368793
Full Pipeline,True,True,True,True,18,8.171699999365956,0.000800006091594696,0.001200009137392044,0.28709998878184706,8.46080000337679
Full Pipeline,True,True,True,True,19,8.045499998843297,0.0009999930625781417,0.0018999999156221747,0.30890000925865024,8.357300001080148
Full Pipeline,True,True,True,True,20,8.14659999741707,0.0010999938240274787,0.0013999961083754897,0.32639999699313194,8.475499984342605
Full Pipeline,True,True,True,True,21,8.50949999585282,0.000800006091594696,0.0017999991541728377,0.32720000308472663,8.839300004183315
Full Pipeline,True,True,True,True,22,8.373199991183355,0.0009999930625781417,0.0015999976312741637,0.3156000020680949,8.691399983945303
Full Pipeline,True,True,True,True,23,8.061100001214072,0.0012999953469261527,0.0011999945854768157,0.3142000059597194,8.377799997106194
Full Pipeline,True,True,True,True,24,8.114699987345375,0.001200009137392044,0.003000008291564882,0.29930000891909003,8.418200013693422
Full Pipeline,True,True,True,True,25,8.298200002172962,0.00100000761449337,0.00100000761449337,0.3062000032514334,8.606400020653382
Full Pipeline,True,True,True,True,26,8.249599995906465,0.000700005330145359,0.001100008375942707,0.28639999800361693,8.53780000761617
Full Pipeline,True,True,True,True,27,8.094599994365126,0.0004999892553314567,0.0010999938240274787,0.32789999386295676,8.424099971307442
Full Pipeline,True,True,True,True,28,8.18730000173673,0.000900006853044033,0.0016999983927235007,0.3237999917473644,8.513699998729862
Full Pipeline,True,True,True,True,29,8.10210000781808,0.000800006091594696,0.001200009137392044,0.3265999985160306,8.430700021563098
Full Pipeline,True,True,True,True,30,8.171399997081608,0.000700005330145359,0.001100008375942707,0.3189999988535419,8.492200009641238
Full Pipeline,True,True,True,True,31,8.304400005727075,0.0004999892553314567,0.001500011421740055,0.3203999949619174,8.626800001366064
Full Pipeline,True,True,True,True,32,8.072700002230704,0.000700005330145359,0.0011999945854768157,0.30670000705868006,8.381300009205006
Full Pipeline,True,True,True,True,33,8.105999993858859,0.000700005330145359,0.0009999930625781417,0.2986000035889447,8.406299995840527
Full Pipeline,True,True,True,True,34,8.149199988110922,0.0005999900167807937,0.0011999945854768157,0.3053999971598387,8.456399969873019
Full Pipeline,True,True,True,True,35,8.562499991967343,0.000500003807246685,0.00100000761449337,0.25850000383798033,8.822500007227063
Full Pipeline,True,True,True,True,36,8.088800008408725,0.000600004568696022,0.0009999930625781417,0.27060000866185874,8.361000014701858
Full Pipeline,True,True,True,True,37,8.111199989798479,0.000600004568696022,0.0011999945854768157,0.31350000062957406,8.426499989582226
Full Pipeline,True,True,True,True,38,8.141600003000349,0.000600004568696022,0.0017999991541728377,0.32869999995455146,8.47270000667777
Full Pipeline,True,True,True,True,39,8.265299999038689,0.0009999930625781417,0.0012999953469261527,0.2677000011317432,8.535299988579936
Full Pipeline,True,True,True,True,40,8.138100005453452,0.001100008375942707,0.001200009137392044,0.29749999521300197,8.43790001817979
Full Pipeline,True,True,True,True,41,8.283300005132332,0.0008999923011288047,0.0011999945854768157,0.29099998937454075,8.576399981393479
Full Pipeline,True,True,True,True,42,8.069000003160909,0.0009999930625781417,0.0010999938240274787,0.3146999952150509,8.385799985262565
Full Pipeline,True,True,True,True,43,8.15100000181701,0.000600004568696022,0.00100000761449337,0.27299999783281237,8.425600011833012
Full Pipeline,True,True,True,True,44,7.976599998073652,0.000500003807246685,0.0011999945854768157,0.26339999749325216,8.241699993959628
Full Pipeline,True,True,True,True,45,8.114299998851493,0.001100008375942707,0.001100008375942707,0.28819999715778977,8.404700012761168
Full Pipeline,True,True,True,True,46,8.230799998273142,0.0008999923011288047,0.0014999968698248267,0.3026000049430877,8.535799992387183
Full Pipeline,True,True,True,True,47,8.069999996223487,0.000900006853044033,0.0016999983927235007,0.287600007141009,8.360200008610263
Full Pipeline,True,True,True,True,48,8.158999989973381,0.0008999923011288047,0.0011999945854768157,0.30059998971410096,8.461699966574088
Full Pipeline,True,True,True,True,49,8.19329998921603,0.0009999930625781417,0.0015999976312741637,0.3009000065503642,8.496799986460246
Full Pipeline,True,True,True,True,50,9.22300000092946,0.0008999923011288047,0.0017999991541728377,0.31990000570658594,9.545599998091348
Full Pipeline,True,True,True,True,51,8.527700003469363,0.0011999945854768157,0.0033999967854470015,0.3107000084128231,8.84300000325311
Full Pipeline,True,True,True,True,52,8.225999990827404,0.00100000761449337,0.001100008375942707,0.29179999546613544,8.519900002283975
Full Pipeline,True,True,True,True,53,8.6857999995118,0.000900006853044033,0.0020999868866056204,0.305800000205636,8.994599993457086
Full Pipeline,True,True,True,True,54,8.246999990660697,0.0009999930625781417,0.0015999976312741637,0.30250000418163836,8.552099985536188
Full Pipeline,True,True,True,True,55,8.240199997089803,0.00100000761449337,0.0015999976312741637,0.3003000019816682,8.543100004317239
Full Pipeline,True,True,True,True,56,8.038200001465157,0.00100000761449337,0.002700006007216871,0.3026000049430877,8.344500020029955
Full Pipeline,True,True,True,True,57,8.267199998954311,0.0009999930625781417,0.0010999938240274787,0.31380000291392207,8.583099988754839
Full Pipeline,True,True,True,True,58,8.232899999711663,0.00100000761449337,0.0017999991541728377,0.3015999973285943,8.537300003808923
Full Pipeline,True,True,True,True,59,8.322299996507354,0.001300009898841381,0.0020000006770715117,0.30589998641517013,8.631499993498437
Full Pipeline,True,True,True,True,60,8.189300002413802,0.0012999953469261527,0.0012999953469261527,0.3074999985983595,8.499399991706014
Full Pipeline,True,True,True,True,61,8.379999999306165,0.0013999961083754897,0.0013999961083754897,0.32029999420046806,8.703099985723384
Full Pipeline,True,True,True,True,62,8.659600003738888,0.0012999953469261527,0.0016999983927235007,0.30270000570453703,8.965300003183074
Full Pipeline,True,True,True,True,63,10.302700000465848,0.0011999945854768157,0.0025999906938523054,0.2886000002035871,10.595099985948764
Full Pipeline,True,True,True,True,64,8.573300001444295,0.0007999915396794677,0.0012999953469261527,0.24470000062137842,8.820099988952279
Full Pipeline,True,True,True,True,65,8.229800005210564,0.0010999938240274787,0.0012999953469261527,0.3113000129815191,8.543500007363036
Full Pipeline,True,True,True,True,66,8.634300000267103,0.0009999930625781417,0.0010999938240274787,0.30899999546818435,8.945399982621893
Full Pipeline,True,True,True,True,67,10.030599994934164,0.0010999938240274787,0.0011999945854768157,0.3068000078201294,10.339699991163798
Full Pipeline,True,True,True,True,68,12.365799993858673,0.0011999945854768157,0.0016999983927235007,0.294700002996251,12.663399989833124
Full Pipeline,True,True,True,True,69,12.07349999458529,0.001200009137392044,0.001500011421740055,0.29519999225158244,12.371400007396005
Full Pipeline,True,True,True,True,70,11.9328000000678,0.0009999930625781417,0.0012999953469261527,0.29319999157451093,12.228299980051816
Full Pipeline,True,True,True,True,71,11.905800012755208,0.0016999983927235007,0.001400010660290718,0.27720000070985407,12.186100022518076
Full Pipeline,True,True,True,True,72,10.477599993464537,0.0012999953469261527,0.0015999976312741637,0.312299991492182,10.79279997793492
Full Pipeline,True,True,True,True,73,12.180200006696396,0.0010999938240274787,0.0026999914553016424,0.29660000291187316,12.480599994887598
Full Pipeline,True,True,True,True,74,11.927299987291917,0.001100008375942707,0.001200009137392044,0.30649999098386616,12.236099995789118
Full Pipeline,True,True,True,True,75,11.952500004554167,0.0012999953469261527,0.0015999976312741637,0.32970000756904483,12.285100005101413
Full Pipeline,True,True,True,True,76,12.228999999933876,0.001100008375942707,0.0011999945854768157,0.3228999994462356,12.554200002341531
Full Pipeline,True,True,True,True,77,10.934400008409284,0.0010999938240274787,0.0014999968698248267,0.335000004270114,11.27200000337325
Full Pipeline,True,True,True,True,78,8.10520000231918,0.000600004568696022,0.0018999999156221747,0.30189999961294234,8.40960000641644
Full Pipeline,True,True,True,True,79,7.973300002049655,0.0010999938240274787,0.0016999983927235007,0.3411000070627779,8.317200001329184
Full Pipeline,True,True,True,True,80,8.406399996601976,0.0005999900167807937,0.0017999991541728377,0.26640000578481704,8.675199991557747
Full Pipeline,True,True,True,True,81,8.5042999999132,0.001200009137392044,0.002700006007216871,0.30590000096708536,8.814100016024895
Full Pipeline,True,True,True,True,82,8.412299997871742,0.0005999900167807937,0.0010999938240274787,0.31680001120548695,8.730799992918037
Full Pipeline,True,True,True,True,83,8.295100007671863,0.0007999915396794677,0.0011999945854768157,0.2817000058712438,8.578799999668263
Full Pipeline,True,True,True,True,84,8.39339999947697,0.0008999923011288047,0.00100000761449337,0.27379998937249184,8.669099988765083
Full Pipeline,True,True,True,True,85,8.269099998869933,0.0007999915396794677,0.0011999945854768157,0.27210000553168356,8.543199990526773
Full Pipeline,True,True,True,True,86,8.186300008674152,0.000600004568696022,0.0009999930625781417,0.25910000840667635,8.447000014712103
Full Pipeline,True,True,True,True,87,8.314299993799068,0.000600004568696022,0.00100000761449337,0.2759000053629279,8.591800011345185
Full Pipeline,True,True,True,True,88,8.35910000023432,0.000600004568696022,0.001100008375942707,0.2747999969869852,8.635600010165945
Full Pipeline,True,True,True,True,89,8.166800005710684,0.0006999907782301307,0.0013999961083754897,0.25299999106209725,8.421899983659387
Full Pipeline,True,True,True,True,90,8.208600003854372,0.000700005330145359,0.001300009898841381,0.2558999985922128,8.466500017675571
Full Pipeline,True,True,True,True,91,8.33549999515526,0.000500003807246685,0.001300009898841381,0.26980000257026404,8.607100011431612
Full Pipeline,True,True,True,True,92,8.640999993076548,0.0005999900167807937,0.0012999953469261527,0.2686000079847872,8.911499986425042
Full Pipeline,True,True,True,True,93,8.279499990749173,0.000500003807246685,0.0013999961083754897,0.2539999986765906,8.535399989341386
Full Pipeline,True,True,True,True,94,8.054400008404627,0.0006999907782301307,0.0010999938240274787,0.29579999682027847,8.351999989827164
Full Pipeline,True,True,True,True,95,8.096100005786866,0.001200009137392044,0.001600012183189392,0.2886000002035871,8.387500027311035
Full Pipeline,True,True,True,True,96,8.030900004087016,0.001100008375942707,0.0011999945854768157,0.2837000065483153,8.31690001359675
Full Pipeline,True,True,True,True,97,8.062599998083897,0.001100008375942707,0.001400010660290718,0.3036999987671152,8.368800015887246
Full Pipeline,True,True,True,True,98,8.346199989318848,0.0020000006770715117,0.0018999999156221747,0.31149999995250255,8.661599989864044
Full Pipeline,True,True,True,True,99,8.014300008653663,0.0009999930625781417,0.0013999961083754897,0.2882999979192391,8.304999995743856
Full Pipeline,True,True,True,True,100,9.15559999702964,0.0009999930625781417,0.0014999968698248267,0.27820000832434744,9.43629999528639
Full Pipeline,True,True,True,True,101,8.805699995718896,0.0006999907782301307,0.0033999967854470015,0.27889999910257757,9.088699982385151
Full Pipeline,True,True,True,True,102,8.375299992621876,0.0009999930625781417,0.0015999976312741637,0.295300007564947,8.673199990880676
Full Pipeline,True,True,True,True,103,8.302799993543886,0.0009999930625781417,0.0014999968698248267,0.29850000282749534,8.603799986303784
Full Pipeline,True,True,True,True,104,8.21169999835547,0.0012999953469261527,0.0016999983927235007,0.2931000053649768,8.507799997460097
Full Pipeline,True,True,True,True,105,8.233000000473112,0.000700005330145359,0.0026000052457675338,0.26950000028591603,8.50580001133494
Full Pipeline,True,True,True,True,106,8.118899990222417,0.000700005330145359,0.0010999938240274787,0.27380000392440706,8.394499993300997
Full Pipeline,True,True,True,True,107,8.099700004095212,0.00100000761449337,0.0020000006770715117,0.2927999885287136,8.39550000091549
Full Pipeline,True,True,True,True,108,8.229400002164766,0.0010999938240274787,0.0013999961083754897,0.3046000056201592,8.536499997717328
Full Pipeline,True,True,True,True,109,8.34069999109488,0.000900006853044033,0.001300009898841381,0.2982000005431473,8.641100008389913
Full Pipeline,True,True,True,True,110,8.230499995988794,0.0012999953469261527,0.0011999945854768157,0.30270000570453703,8.535699991625734
Full Pipeline,True,True,True,True,111,8.3258999948157,0.0011999945854768157,0.001500011421740055,0.3062000032514334,8.63480000407435
Full Pipeline,True,True,True,True,112,8.768600004259497,0.0010999938240274787,0.0012999953469261527,0.3026000049430877,9.073599998373538
Full Pipeline,True,True,True,True,113,8.490099993650801,0.0010999938240274787,0.0018999999156221747,0.305499997921288,8.79859998531174
Full Pipeline,True,True,True,True,114,8.177399999112822,0.000600004568696022,0.0030999945010989904,0.2759000053629279,8.457000003545545
Full Pipeline,True,True,True,True,115,8.186399994883686,0.0006999907782301307,0.0012999953469261527,0.27469999622553587,8.463099977234378
Full Pipeline,True,True,True,True,116,8.279199988464825,0.0013999961083754897,0.0018999999156221747,0.31280000985134393,8.595299994340166
Full Pipeline,True,True,True,True,117,8.283599992864765,0.001300009898841381,0.0013999961083754897,0.3056999994441867,8.591999998316169
Full Pipeline,True,True,True,True,118,8.379600010812283,0.00100000761449337,0.0016999983927235007,0.29460000223480165,8.676900019054301
Full Pipeline,True,True,True,True,119,8.232899999711663,0.001100008375942707,0.0014999968698248267,0.29499999072868377,8.530499995686114
Full Pipeline,True,True,True,True,120,8.33710000733845,0.000500003807246685,0.002700006007216871,0.30949999927543104,8.649800016428344
Full Pipeline,True,True,True,True,121,8.2947999908356,0.0005999900167807937,0.0011999945854768157,0.3146999952150509,8.611299970652908
Full Pipeline,True,True,True,True,122,8.33779999811668,0.001300009898841381,0.001600012183189392,0.3391999925952405,8.67990001279395
Full Pipeline,True,True,True,True,123,8.243600008427165,0.0011999945854768157,0.0012999953469261527,0.2871999895432964,8.533299987902865
Full Pipeline,True,True,True,True,124,8.434999996097758,0.00100000761449337,0.0011999945854768157,0.3028999926755205,8.740099990973249
Full Pipeline,True,True,True,True,125,8.24280000233557,0.0010999938240274787,0.0009999930625781417,0.29399999766610563,8.538899986888282
Full Pipeline,True,True,True,True,126,8.25759999861475,0.001100008375942707,0.001100008375942707,0.3188999980920926,8.578700013458729
Full Pipeline,True,True,True,True,127,8.354599995072931,0.00100000761449337,0.001400010660290718,0.30619998869951814,8.663200002047233
Full Pipeline,True,True,True,True,128,8.338899991940707,0.001100008375942707,0.0013999961083754897,0.33939999411813915,8.680799990543164
Full Pipeline,True,True,True,True,129,8.343399997102097,0.0010999938240274787,0.0031999952625483274,0.2987999905599281,8.6464999767486
Full Pipeline,True,True,True,True,130,8.202400000300258,0.001100008375942707,0.001200009137392044,0.305499997921288,8.510200015734881
Full Pipeline,True,True,True,True,131,8.14810000883881,0.0010999938240274787,0.0013999961083754897,0.29850000282749534,8.449100001598708
Full Pipeline,True,True,True,True,132,8.853100007399917,0.0006999907782301307,0.0026000052457675338,0.28199999360367656,9.13839999702759
Full Pipeline,True,True,True,True,133,8.419099991442636,0.0011999945854768157,0.0014999968698248267,0.3037999995285645,8.725599982426502
Full Pipeline,True,True,True,True,134,8.304699993459508,0.0009999930625781417,0.0013999961083754897,0.31099999614525586,8.618099978775717
Full Pipeline,True,True,True,True,135,8.237599991844036,0.0012999953469261527,0.0015999976312741637,0.2910999901359901,8.531599974958226
Full Pipeline,True,True,True,True,136,8.969400005298667,0.000700005330145359,0.0023000029614195228,0.26590000197757035,9.238300015567802
Full Pipeline,True,True,True,True,137,8.038799991481937,0.000700005330145359,0.0017999991541728377,0.2626000059535727,8.303900001919828
Full Pipeline,True,True,True,True,138,8.123099993099459,0.000500003807246685,0.0016999983927235007,0.26610000350046903,8.391399998799898
Full Pipeline,True,True,True,True,139,7.940800001961179,0.000900006853044033,0.001800013706088066,0.2969000051962212,8.240400027716532
Full Pipeline,True,True,True,True,140,8.165999999619089,0.00100000761449337,0.0013999961083754897,0.3614000015659258,8.529800004907884
Full Pipeline,True,True,True,True,141,8.215199995902367,0.00100000761449337,0.001400010660290718,0.3029999934369698,8.52060000761412
Full Pipeline,True,True,True,True,142,8.129399997415021,0.000600004568696022,0.0021000014385208488,0.26309999520890415,8.395199998631142
Full Pipeline,True,True,True,True,143,8.034200000111014,0.000600004568696022,0.0016999983927235007,0.25779999850783497,8.294300001580268
Full Pipeline,True,True,True,True,144,8.081799998763017,0.000500003807246685,0.0017999991541728377,0.30519999563694,8.389299997361377
Full Pipeline,True,True,True,True,145,8.077899998170324,0.000600004568696022,0.002800006768666208,0.3116000007139519,8.392900010221638
Full Pipeline,True,True,True,True,146,8.193600006052293,0.000600004568696022,0.001200009137392044,0.2829000004567206,8.478300020215102
Full Pipeline,True,True,True,True,147,8.196199996746145,0.000800006091594696,0.001200009137392044,0.272599994787015,8.470800006762147
Full Pipeline,True,True,True,True,148,8.147600005031563,0.000500003807246685,0.001100008375942707,0.33260000054724514,8.481800017761998
Full Pipeline,True,True,True,True,149,8.453399990685284,0.000800006091594696,0.0015999976312741637,0.3195999888703227,8.775399983278476
Full Pipeline,True,True,True,True,150,8.743200000026263,0.001300009898841381,0.0010999938240274787,0.3159000043524429,9.061500008101575
Full Pipeline,True,True,True,True,151,8.429199995589443,0.000600004568696022,0.0012999953469261527,0.31620000663679093,8.747300002141856
Full Pipeline,True,True,True,True,152,8.717400007299148,0.0005999900167807937,0.0012999953469261527,0.2722000062931329,8.991499998955987
Full Pipeline,True,True,True,True,153,8.188599997083656,0.000600004568696022,0.001200009137392044,0.31289999606087804,8.503300006850623
Full Pipeline,True,True,True,True,154,8.07100000383798,0.000500003807246685,0.001100008375942707,0.25860000459942967,8.3312000206206
Full Pipeline,True,True,True,True,155,8.23409999429714,0.000700005330145359,0.001100008375942707,0.2595999976620078,8.495500005665235
Full Pipeline,True,True,True,True,156,8.29989998601377,0.000500003807246685,0.00100000761449337,0.2719000040087849,8.573300001444295
Full Pipeline,True,True,True,True,157,8.16280000435654,0.0011999945854768157,0.0016999983927235007,0.3193000011378899,8.484999998472631
Full Pipeline,True,True,True,True,158,8.086999994702637,0.0011999945854768157,0.0013999961083754897,0.3082000039285049,8.397799989324994
Full Pipeline,True,True,True,True,159,8.530499995686114,0.001400010660290718,0.0017999991541728377,0.31400000443682075,8.847700009937398
Full Pipeline,True,True,True,True,160,8.728000000701286,0.0011999945854768157,0.0013999961083754897,0.299000006634742,9.02959999802988
Full Pipeline,True,True,True,True,161,8.59709999349434,0.0013999961083754897,0.0014999968698248267,0.2955000090878457,8.895499995560385
Full Pipeline,True,True,True,True,162,8.14300001366064,0.0011999945854768157,0.0016999983927235007,0.29880000511184335,8.444700011750683
Full Pipeline,True,True,True,True,163,8.158199998433702,0.001100008375942707,0.001500011421740055,0.29630000062752515,8.45710001885891
Full Pipeline,True,True,True,True,164,8.204700003261678,0.000500003807246685,0.0028999929782003164,0.2652000111993402,8.473300011246465
Full Pipeline,True,True,True,True,165,8.106599998427555,0.0009999930625781417,0.0016999983927235007,0.28980000934097916,8.399099999223836
Full Pipeline,True,True,True,True,166,8.222400007070974,0.0011999945854768157,0.0012999953469261527,0.28839999868068844,8.513299995684065
Full Pipeline,True,True,True,True,167,8.035400009248406,0.0009999930625781417,0.0014999968698248267,0.2868999872589484,8.324799986439757
Full Pipeline,True,True,True,True,168,8.109699992928654,0.0010999938240274787,0.0016999983927235007,0.3071999963140115,8.419699981459416
Full Pipeline,True,True,True,True,169,8.416899989242665,0.000800006091594696,0.002800006768666208,0.26869999419432133,8.689199996297248
Full Pipeline,True,True,True,True,170,8.423599996604025,0.0013999961083754897,0.0019999861251562834,0.30139999580569565,8.728399974643253
Full Pipeline,True,True,True,True,171,8.203999997931533,0.001100008375942707,0.001500011421740055,0.29039999935775995,8.497000017086975
Full Pipeline,True,True,True,True,172,8.27630001003854,0.0009999930625781417,0.0012999953469261527,0.29409999842755497,8.572699996875599
Full Pipeline,True,True,True,True,173,8.192799999960698,0.0008999923011288047,0.0015999976312741637,0.30300000798888505,8.498299997881986
Full Pipeline,True,True,True,True,174,8.264100004453212,0.001100008375942707,0.001500011421740055,0.3099000023212284,8.576600026572123
Full Pipeline,True,True,True,True,175,8.047000010265037,0.00100000761449337,0.001400010660290718,0.2767999976640567,8.326200026203878
Full Pipeline,True,True,True,True,176,8.360699997865595,0.0004999892553314567,0.0027999922167509794,0.258400003076531,8.622399982414208
Full Pipeline,True,True,True,True,177,8.201800010283478,0.0011999945854768157,0.0018999999156221747,0.2832000027410686,8.488100007525645
Full Pipeline,True,True,True,True,178,8.103200001642108,0.0012999953469261527,0.0012999953469261527,0.2803000097628683,8.386100002098829
Full Pipeline,True,True,True,True,179,8.271300001069903,0.001100008375942707,0.001400010660290718,0.30050000350456685,8.574300023610704
Full Pipeline,True,True,True,True,180,8.26289999531582,0.001200009137392044,0.001400010660290718,0.29240000003483146,8.557900015148334
Full Pipeline,True,True,True,True,181,8.368499999050982,0.0009999930625781417,0.0015999976312741637,0.30890000925865024,8.679999999003485
Full Pipeline,True,True,True,True,182,8.297499996842816,0.001100008375942707,0.001500011421740055,0.3463000030023977,8.646400019642897
Full Pipeline,True,True,True,True,183,8.201499993447214,0.000600004568696022,0.002900007530115545,0.2531000063754618,8.458100011921488
Full Pipeline,True,True,True,True,184,8.487099999911152,0.0010999938240274787,0.0017999991541728377,0.3032999957213178,8.79329998861067
Full Pipeline,True,True,True,True,185,8.306200004881248,0.000600004568696022,0.0016999983927235007,0.25490000552963465,8.563400013372302
Full Pipeline,True,True,True,True,186,8.261299997684546,0.001100008375942707,0.0014999968698248267,0.2728000108618289,8.536700013792142
Full Pipeline,True,True,True,True,187,8.047100011026487,0.0010999938240274787,0.0014999968698248267,0.29209999775048345,8.341799999470823
Full Pipeline,True,True,True,True,188,8.248400001320988,0.0011999945854768157,0.0012999953469261527,0.2863000117940828,8.537200003047474
Full Pipeline,True,True,True,True,189,8.177399999112822,0.001100008375942707,0.001400010660290718,0.29630000062752515,8.47620001877658
Full Pipeline,True,True,True,True,190,8.124699990730733,0.001200009137392044,0.0018999999156221747,0.2910999901359901,8.418899989919737
Full Pipeline,True,True,True,True,191,8.194399997591972,0.000800006091594696,0.0016999983927235007,0.26399998751003295,8.460899989586323
Full Pipeline,True,True,True,True,192,8.388800008106045,0.0010999938240274787,0.0020000006770715117,0.29240000003483146,8.684300002641976
Full Pipeline,True,True,True,True,193,8.30600000335835,0.000900006853044033,0.002900007530115545,0.25850000383798033,8.56830002157949
Full Pipeline,True,True,True,True,194,8.264099989901297,0.000800006091594696,0.0010999938240274787,0.25560001085978,8.521600000676699
Full Pipeline,True,True,True,True,195,8.268599995062687,0.0007999915396794677,0.0016999983927235007,0.2666000073077157,8.537699992302805
Full Pipeline,True,True,True,True,196,8.406299995840527,0.000600004568696022,0.00100000761449337,0.27720000070985407,8.68510000873357
Full Pipeline,True,True,True,True,197,9.18590000947006,0.000800006091594696,0.0015999976312741637,0.2840000088326633,9.472300022025593
Full Pipeline,True,True,True,True,198,9.029399996506982,0.000900006853044033,0.001300009898841381,0.31019999005366117,9.341800003312528
Full Pipeline,True,True,True,True,199,8.48010000481736,0.0005999900167807937,0.0011999945854768157,0.3121999907307327,8.79409998015035
Full Pipeline,True,True,True,True,200,8.296500003780238,0.0005999900167807937,0.0012999953469261527,0.3029000072274357,8.601299996371381
Full Pipeline,True,True,True,True,201,8.64000000001397,0.000800006091594696,0.001200009137392044,0.3147000097669661,8.956700025009923
Full Pipeline,True,True,True,True,202,8.706399996299297,0.000800006091594696,0.0013999961083754897,0.30839999089948833,9.016999989398755
Full Pipeline,True,True,True,True,203,8.4220999997342,0.0007999915396794677,0.0011999945854768157,0.27310001314617693,8.697199999005534
Full Pipeline,True,True,True,True,204,12.133399999584071,0.0007999915396794677,0.0010999938240274787,0.24190000840462744,12.377199993352406
Full Pipeline,True,True,True,True,205,10.051800010842271,0.0006999907782301307,0.0011999945854768157,0.2936000091722235,10.347300005378202
Full Pipeline,True,True,True,True,206,8.447400003205985,0.000800006091594696,0.0021999876480549574,0.3630999999586493,8.813499996904284
Full Pipeline,True,True,True,True,207,8.666300011100248,0.0006999907782301307,0.0012999953469261527,0.26959998649545014,8.937899983720854
Full Pipeline,True,True,True,True,208,8.430000001681037,0.0006999907782301307,0.0011999945854768157,0.26879999495577067,8.700699982000515
Full Pipeline,True,True,True,True,209,8.94230000267271,0.000600004568696022,0.001100008375942707,0.2674999996088445,9.211500015226193
Full Pipeline,True,True,True,True,210,8.408800000324845,0.000600004568696022,0.001400010660290718,0.262100002146326,8.672900017700158
Full Pipeline,True,True,True,True,211,8.241400006227195,0.000500003807246685,0.0013999961083754897,0.3146999952150509,8.558000001357868
Full Pipeline,True,True,True,True,212,8.324700000230223,0.0004999892553314567,0.001100008375942707,0.31770000350661576,8.644000001368113
Full Pipeline,True,True,True,True,213,8.157300006132573,0.0007999915396794677,0.0010999938240274787,0.3074999985983595,8.46669999009464
Full Pipeline,True,True,True,True,214,8.217099995817989,0.000600004568696022,0.001200009137392044,0.3007000050274655,8.519600014551543
Full Pipeline,True,True,True,True,215,8.793600005446933,0.0006999907782301307,0.001200009137392044,0.25719999393913895,9.052699999301694
Full Pipeline,True,True,True,True,216,8.392599993385375,0.000600004568696022,0.0011999945854768157,0.2690000110305846,8.663400003570132
Full Pipeline,True,True,True,True,217,8.226999998441897,0.000700005330145359,0.001400010660290718,0.2615999983390793,8.490700012771413
Full Pipeline,True,True,True,True,218,12.748699999065138,0.0005999900167807937,0.0011999945854768157,0.3077000001212582,13.058199983788654
Full Pipeline,True,True,True,True,219,12.276900000870228,0.000800006091594696,0.001300009898841381,0.25889999233186245,12.537900009192526
Full Pipeline,True,True,True,True,220,12.113399992813356,0.000700005330145359,0.0011999945854768157,0.2601000014692545,12.375399994198233
Full Pipeline,True,True,True,True,221,12.414900003932416,0.000700005330145359,0.001100008375942707,0.27060000866185874,12.687300026300363
Full Pipeline,True,True,True,True,222,12.25130000966601,0.000600004568696022,0.00100000761449337,0.27570000384002924,12.52860002568923
Full Pipeline,True,True,True,True,223,12.456900003599003,0.0006999907782301307,0.0012999953469261527,0.2671000111149624,12.726000000839122
Full Pipeline,True,True,True,True,224,11.079500007326715,0.000900006853044033,0.001100008375942707,0.28029999521095306,11.361800017766654
Full Pipeline,True,True,True,True,225,10.359799998695962,0.0006999907782301307,0.0010999938240274787,0.28809999639634043,10.64969997969456
Full Pipeline,True,True,True,True,226,10.838200003490783,0.000700005330145359,0.0010999938240274787,0.2905000001192093,11.130500002764165
Full Pipeline,True,True,True,True,227,10.564700001850724,0.000800006091594696,0.001100008375942707,0.2693999995244667,10.836000015842728
Full Pipeline,True,True,True,True,228,9.108099999139085,0.000500003807246685,0.0011999945854768157,0.27119999867863953,9.380999996210448
Full Pipeline,True,True,True,True,229,8.70079999731388,0.0006999907782301307,0.0011999945854768157,0.267999988864176,8.970699971541762
Full Pipeline,True,True,True,True,230,8.956000005127862,0.000700005330145359,0.0015999976312741637,0.27609999233391136,9.234400000423193
Full Pipeline,True,True,True,True,231,8.902399989892729,0.0006999907782301307,0.0013999961083754897,0.2710999979171902,9.175599974696524
Full Pipeline,True,True,True,True,232,9.261100000003353,0.000600004568696022,0.001200009137392044,0.2820999943651259,9.545000008074567
Full Pipeline,True,True,True,True,233,9.008200009702705,0.000800006091594696,0.0012999953469261527,0.2998999989358708,9.310200010077097
Full Pipeline,True,True,True,True,234,8.938300001318567,0.000900006853044033,0.001400010660290718,0.2700999903026968,9.210700009134598
Full Pipeline,True,True,True,True,235,9.665499994298443,0.000700005330145359,0.0012999953469261527,0.2606000052765012,9.928100000252016
Full Pipeline,True,True,True,True,236,8.813799999188632,0.000700005330145359,0.001100008375942707,0.26420000358484685,9.079800016479567
Full Pipeline,True,True,True,True,237,8.66429999587126,0.0006999907782301307,0.0012999953469261527,0.28110000130254775,8.947399983298965
Full Pipeline,True,True,True,True,238,8.740200006286614,0.000700005330145359,0.0013999961083754897,0.26300000899937004,9.005300016724505
Full Pipeline,True,True,True,True,239,9.195300008286722,0.000700005330145359,0.001100008375942707,0.3096000000368804,9.50670002202969
Full Pipeline,True,True,True,True,240,8.906400005798787,0.0006999907782301307,0.0013999961083754897,0.3051000094274059,9.213600002112798
Full Pipeline,True,True,True,True,241,8.90369999979157,0.0005999900167807937,0.0011999945854768157,0.30220000189729035,9.207699986291118
Full Pipeline,True,True,True,True,242,8.585100003983825,0.000600004568696022,0.001200009137392044,0.26640000578481704,8.85330002347473
Full Pipeline,True,True,True,True,243,8.990100002847612,0.000700005330145359,0.001200009137392044,0.271999990218319,9.264000007533468
Full Pipeline,True,True,True,True,244,9.092899999814108,0.0009999930625781417,0.001500011421740055,0.30139999580569565,9.396800000104122
Full Pipeline,True,True,True,True,245,9.459600012633018,0.000800006091594696,0.0017999991541728377,0.28649999876506627,9.748700016643852
Full Pipeline,True,True,True,True,246,9.201699998811819,0.000700005330145359,0.001200009137392044,0.2699000033317134,9.47350001661107
Full Pipeline,True,True,True,True,247,9.078600007342175,0.000700005330145359,0.0012999953469261527,0.26709999656304717,9.347700004582293
Full Pipeline,True,True,True,True,248,8.970800001407042,0.0011999945854768157,0.0020000006770715117,0.3242999955546111,9.298299992224202
Full Pipeline,True,True,True,True,249,9.002299993881024,0.0011999945854768157,0.0016999983927235007,0.35539999953471124,9.360599986393936
Full Pipeline,True,True,True,True,250,9.61269999970682,0.001300009898841381,0.0017999991541728377,0.367600005120039,9.983400013879873
Full Pipeline,True,True,True,True,251,9.89129999652505,0.0013999961083754897,0.0016999983927235007,0.34499999310355633,10.239399984129705
Full Pipeline,True,True,True,True,252,10.31479999073781,0.0013999961083754897,0.0028999929782003164,0.3601000062189996,10.679199986043386
Full Pipeline,True,True,True,True,253,9.097900008782744,0.0012999953469261527,0.0014999968698248267,0.3378999972483143,9.43859999824781
Full Pipeline,True,True,True,True,254,9.195299993734807,0.0018999999156221747,0.0017999991541728377,0.30670000705868006,9.505699999863282
Full Pipeline,True,True,True,True,255,9.195300008286722,0.000700005330145359,0.0030999945010989904,0.2862999972421676,9.485400005360134
Full Pipeline,True,True,True,True,256,8.931599993957207,0.001200009137392044,0.0016999983927235007,0.30920001154299825,9.24370001303032
Full Pipeline,True,True,True,True,257,8.76070000231266,0.0011999945854768157,0.0015999976312741637,0.31630000739824027,9.079800001927651
Full Pipeline,True,True,True,True,258,8.96669999929145,0.001400010660290718,0.0016999983927235007,0.31990000570658594,9.28970001405105
Full Pipeline,True,True,True,True,259,9.114500004216097,0.000700005330145359,0.0027999922167509794,0.28219999512657523,9.400199996889569
Full Pipeline,True,True,True,True,260,9.057500006747432,0.00100000761449337,0.0016999983927235007,0.3119000029982999,9.372100015752949
Full Pipeline,True,True,True,True,261,9.06290000420995,0.0010999938240274787,0.0013999961083754897,0.31230000604409724,9.37770000018645
Full Pipeline,True,True,True,True,262,8.902100002160296,0.0012999953469261527,0.0015999976312741637,0.3184999950462952,9.223499990184791
Full Pipeline,True,True,True,True,263,9.113699998124503,0.0010999938240274787,0.0013999961083754897,0.32070001179818064,9.436899999855086
Full Pipeline,True,True,True,True,264,9.143999996013008,0.001200009137392044,0.0013999961083754897,0.33070000063162297,9.477300001890399
Full Pipeline,True,True,True,True,265,9.38960000348743,0.0014999968698248267,0.0016999983927235007,0.32119998650159687,9.713999985251576
Full Pipeline,True,True,True,True,266,9.634300004108809,0.000700005330145359,0.002900007530115545,0.28160000510979444,9.919500022078864
Full Pipeline,True,True,True,True,267,9.35629999730736,0.001200009137392044,0.0020000006770715117,0.32139998802449554,9.68089999514632
Full Pipeline,True,True,True,True,268,9.072400003788061,0.001200009137392044,0.0015999976312741637,0.3237000055378303,9.398900016094558
Full Pipeline,True,True,True,True,269,9.742700000060722,0.0012999953469261527,0.001300009898841381,0.31800000579096377,10.063300011097454
Full Pipeline,True,True,True,True,270,9.78739999118261,0.001300009898841381,0.0017999991541728377,0.3378999972483143,10.128399997483939
Full Pipeline,True,True,True,True,271,9.441300004255027,0.0011999945854768157,0.0016999983927235007,0.33060001442208886,9.774800011655316
Full Pipeline,True,True,True,True,272,9.432300008484162,0.0012999953469261527,0.0013999961083754897,0.3220999933546409,9.757099993294105
Full Pipeline,True,True,True,True,273,9.257700003217906,0.0011999945854768157,0.0013999961083754897,0.32479999936185777,9.585099993273616
Full Pipeline,True,True,True,True,274,9.392100007971749,0.000800006091594696,0.003200009814463556,0.3014000103576109,9.697500034235418
Full Pipeline,True,True,True,True,275,9.53940000908915,0.000800006091594696,0.001400010660290718,0.2914000069722533,9.833000032813288
Full Pipeline,True,True,True,True,276,9.736599997268058,0.000800006091594696,0.0012999953469261527,0.3324000135762617,10.071100012282841
Full Pipeline,True,True,True,True,277,9.163199996692128,0.0014999968698248267,0.0026999914553016424,0.32249999640043825,9.489899981417693
Full Pipeline,True,True,True,True,278,9.518299993942492,0.000900006853044033,0.0021999876480549574,0.30559999868273735,9.826999987126328
Full Pipeline,True,True,True,True,279,9.405300006619655,0.001200009137392044,0.0021000014385208488,0.33569999504834414,9.744300012243912
Full Pipeline,True,True,True,True,280,9.263300002203323,0.0011999945854768157,0.0017999991541728377,0.3212999872630462,9.587599983206019
Full Pipeline,True,True,True,True,281,9.358800001791678,0.0007999915396794677,0.0030999945010989904,0.2872000040952116,9.649899991927668
Full Pipeline,True,True,True,True,282,9.124900010647252,0.0011999945854768157,0.0015999976312741637,0.4096000047866255,9.537300007650629
Full Pipeline,True,True,True,True,283,9.107999998377636,0.0006999907782301307,0.0036999990697950125,0.29579999682027847,9.40819998504594
Full Pipeline,True,True,True,True,284,9.332899993751198,0.001200009137392044,0.0020000006770715117,0.31970000418368727,9.655800007749349
Full Pipeline,True,True,True,True,285,9.103999997023493,0.001100008375942707,0.0014999968698248267,0.33070000063162297,9.437300002900884
Full Pipeline,True,True,True,True,286,9.311000001616776,0.0012999953469261527,0.0017999991541728377,0.33239999902434647,9.646499995142221
Full Pipeline,True,True,True,True,287,9.281899998313747,0.001300009898841381,0.0021000014385208488,0.3217999910702929,9.607100000721402
Full Pipeline,True,True,True,True,288,9.05629999761004,0.0010999938240274787,0.0014999968698248267,0.33349999284837395,9.392399981152266
Full Pipeline,True,True,True,True,289,9.057999996002764,0.0011999945854768157,0.0013999961083754897,0.3133999998681247,9.37399998656474
Full Pipeline,True,True,True,True,290,9.0970000019297,0.0014999968698248267,0.0020000006770715117,0.31820000731386244,9.41870000679046
Full Pipeline,True,True,True,True,291,9.387999991304241,0.0013999961083754897,0.0020000006770715117,0.32410000858362764,9.715499996673316
Full Pipeline,True,True,True,True,292,9.530600000289269,0.0011999945854768157,0.0015999976312741637,0.3093000123044476,9.842700004810467
Full Pipeline,True,True,True,True,293,8.937200007494539,0.001200009137392044,0.001400010660290718,0.32140000257641077,9.261200029868633
Full Pipeline,True,True,True,True,294,9.164699993561953,0.001300009898841381,0.0020000006770715117,0.3428999916650355,9.510899995802902
Full Pipeline,True,True,True,True,295,9.489199990639463,0.0012999953469261527,0.0014999968698248267,0.31859999580774456,9.810599978663959
Full Pipeline,True,True,True,True,296,9.16960000176914,0.0012999953469261527,0.0014999968698248267,0.3225999971618876,9.494999991147779
Full Pipeline,True,True,True,True,297,9.59260000672657,0.0007999915396794677,0.0026999914553016424,0.2826999989338219,9.878799988655373
Full Pipeline,True,True,True,True,298,9.292500006267801,0.0007999915396794677,0.0011999945854768157,0.3046000056201592,9.599099998013116
Full Pipeline,True,True,True,True,299,9.183400004985742,0.000800006091594696,0.001100008375942707,0.28979999478906393,9.475100014242344
No YOLO,False,True,True,True,0,0.000500003807246685,0.000600004568696022,0.0010999938240274787,0.08850000449456275,0.09070000669453293
No YOLO,False,True,True,True,1,0.000500003807246685,0.000500003807246685,0.0010999938240274787,0.08700000762473792,0.08910000906325877
No YOLO,False,True,True,True,2,0.000600004568696022,0.000300002284348011,0.000700005330145359,0.08650000381749123,0.08810001600068063
No YOLO,False,True,True,True,3,0.000400003045797348,0.000300002284348011,0.0007999915396794677,0.0779999973019585,0.07949999417178333
No YOLO,False,True,True,True,4,0.000400003045797348,0.000300002284348011,0.000600004568696022,0.08229998638853431,0.08359999628737569
No YOLO,False,True,True,True,5,0.000400003045797348,0.00039998849388211966,0.000600004568696022,0.07660000119358301,0.0779999973019585
No YOLO,False,True,True,True,6,0.0017999991541728377,0.000200001522898674,0.000500003807246685,0.07430001278407872,0.07680001726839691
No YOLO,False,True,True,True,7,0.000300002284348011,0.000300002284348011,0.000600004568696022,0.07340000593103468,0.07460001506842673
No YOLO,False,True,True,True,8,0.000200001522898674,0.000300002284348011,0.000500003807246685,0.07410001126118004,0.07510001887567341
No YOLO,False,True,True,True,9,0.000400003045797348,0.000500003807246685,0.0005999900167807937,0.07700000423938036,0.07850000110920519
No YOLO,False,True,True,True,10,0.000300002284348011,0.000400003045797348,0.000500003807246685,0.07609999738633633,0.07730000652372837
No YOLO,False,True,True,True,11,0.000500003807246685,0.000400003045797348,0.000600004568696022,0.08480000542476773,0.08630001684650779
No YOLO,False,True,True,True,12,0.000400003045797348,0.0004999892553314567,0.000600004568696022,0.07480000203941017,0.076299998909235
No YOLO,False,True,True,True,13,0.000300002284348011,0.000400003045797348,0.0004999892553314567,0.08040000102482736,0.08159999561030418
No YOLO,False,True,True,True,14,0.000300002284348011,0.000400003045797348,0.000600004568696022,0.07680000271648169,0.07810001261532307
No YOLO,False,True,True,True,15,0.000400003045797348,0.000400003045797348,0.0004999892553314567,0.07229999755509198,0.07359999290201813
No YOLO,False,True,True,True,16,0.000400003045797348,0.000200001522898674,0.000500003807246685,0.07770000956952572,0.07880001794546843
No YOLO,False,True,True,True,17,0.000300002284348011,0.000300002284348011,0.0005999900167807937,0.06920000305399299,0.0703999976394698
No YOLO,False,True,True,True,18,0.000300002284348011,0.000200001522898674,0.0005999900167807937,0.07189999450929463,0.07299998833332211
No YOLO,False,True,True,True,19,0.000300002284348011,0.000300002284348011,0.0005999900167807937,0.07929999264888465,0.08049998723436147
No YOLO,False,True,True,True,20,0.000300002284348011,0.000300002284348011,0.0004999892553314567,0.07360000745393336,0.07470000127796084
No YOLO,False,True,True,True,21,0.000300002284348011,0.000300002284348011,0.000400003045797348,0.07939999341033399,0.08040000102482736
No YOLO,False,True,True,True,22,0.000400003045797348,0.00029998773243278265,0.000500003807246685,0.07410001126118004,0.07530000584665686
No YOLO,False,True,True,True,23,0.000300002284348011,0.000300002284348011,0.0005999900167807937,0.08319999324157834,0.08439998782705516
No YOLO,False,True,True,True,24,0.000800006091594696,0.0006999907782301307,0.000900006853044033,0.0805000017862767,0.08290000550914556
No YOLO,False,True,True,True,25,0.000300002284348011,0.000600004568696022,0.000600004568696022,0.07679998816456646,0.07829999958630651
No YOLO,False,True,True,True,26,0.000300002284348011,0.000400003045797348,0.0004999892553314567,0.07359999290201813,0.07479998748749495
No YOLO,False,True,True,True,27,0.000300002284348011,0.000300002284348011,0.000500003807246685,0.07449999975506216,0.07560000813100487
No YOLO,False,True,True,True,28,0.000300002284348011,0.000400003045797348,0.00039998849388211966,0.07579999510198832,0.0768999889260158
No YOLO,False,True,True,True,29,0.0007999915396794677,0.000500003807246685,0.0011999945854768157,0.10719998681452125,0.10969997674692422
No YOLO,False,True,True,True,30,0.000400003045797348,0.000300002284348011,0.0006999907782301307,0.08850000449456275,0.08990000060293823
No YOLO,False,True,True,True,31,0.000600004568696022,0.000400003045797348,0.00100000761449337,0.08969999908003956,0.0917000143090263
No YOLO,False,True,True,True,32,0.000300002284348011,0.00039998849388211966,0.000500003807246685,0.0813000078778714,0.08250000246334821
No YOLO,False,True,True,True,33,0.00039998849388211966,0.000300002284348011,0.0005999900167807937,0.07749999349471182,0.07879997428972274
No YOLO,False,True,True,True,34,0.000300002284348011,0.000300002284348011,0.0005999900167807937,0.07619999814778566,0.07739999273326248
No YOLO,False,True,True,True,35,0.000400003045797348,0.000400003045797348,0.000600004568696022,0.07559999357908964,0.07700000423938036
No YOLO,False,True,True,True,36,0.000300002284348011,0.000300002284348011,0.000400003045797348,0.08119999256450683,0.0822000001790002
No YOLO,False,True,True,True,37,0.000400003045797348,0.000300002284348011,0.0004999892553314567,0.08250000246334821,0.08369999704882503
No YOLO,False,True,True,True,38,0.000300002284348011,0.000200001522898674,0.0005999900167807937,0.07219999679364264,0.07329999061767012
No YOLO,False,True,True,True,39,0.00029998773243278265,0.000300002284348011,0.000500003807246685,0.07620001269970089,0.07730000652372837
No YOLO,False,True,True,True,40,0.000400003045797348,0.000300002284348011,0.000600004568696022,0.08030000026337802,0.0816000101622194
No YOLO,False,True,True,True,41,0.000200001522898674,0.000200001522898674,0.000600004568696022,0.07759999425616115,0.07860000187065452
No YOLO,False,True,True,True,42,0.00029998773243278265,0.000300002284348011,0.000500003807246685,0.07910000567790121,0.08019999950192869
No YOLO,False,True,True,True,43,0.000300002284348011,0.00039998849388211966,0.000600004568696022,0.08740001067053527,0.08870000601746142
No YOLO,False,True,True,True,44,0.000300002284348011,0.00029998773243278265,0.000500003807246685,0.07329999061767012,0.0743999844416976
No YOLO,False,True,True,True,45,0.000300002284348011,0.000300002284348011,0.000500003807246685,0.07619999814778566,0.07730000652372837
No YOLO,False,True,True,True,46,0.000300002284348011,0.000300002284348011,0.000400003045797348,0.07790001109242439,0.07890001870691776
No YOLO,False,True,True,True,47,0.000200001522898674,0.000300002284348011,0.000500003807246685,0.07659998664166778,0.07759999425616115
No YOLO,False,True,True,True,48,0.000400003045797348,0.000300002284348011,0.000500003807246685,0.0754000066081062,0.07660001574549824
No YOLO,False,True,True,True,49,0.000300002284348011,0.000300002284348011,0.0004999892553314567,0.07530000584665686,0.07639999967068434
No YOLO,False,True,True,True,50,0.000600004568696022,0.000500003807246685,0.000900006853044033,0.10299999848939478,0.10500001371838152
No YOLO,False,True,True,True,51,0.000500003807246685,0.000400003045797348,0.0006999907782301307,0.09269999281968921,0.09429999045096338
No YOLO,False,True,True,True,52,0.000700005330145359,0.000500003807246685,0.00100000761449337,0.09529999806545675,0.09750001481734216
No YOLO,False,True,True,True,53,0.000300002284348011,0.00039998849388211966,0.000700005330145359,0.0850000069476664,0.0864000030560419
No YOLO,False,True,True,True,54,0.000400003045797348,0.000400003045797348,0.0005999900167807937,0.07239999831654131,0.0737999944249168
No YOLO,False,True,True,True,55,0.000300002284348011,0.000300002284348011,0.000600004568696022,0.07670000195503235,0.07790001109242439
No YOLO,False,True,True,True,56,0.000300002284348011,0.000300002284348011,0.000500003807246685,0.0737999944249168,0.07490000280085951
No YOLO,False,True,True,True,57,0.000300002284348011,0.000200001522898674,0.0005999900167807937,0.07029999687802047,0.07139999070204794
No YOLO,False,True,True,True,58,0.000300002284348011,0.000300002284348011,0.000500003807246685,0.07439999899361283,0.07550000736955553
No YOLO,False,True,True,True,59,0.000300002284348011,0.00029998773243278265,0.000600004568696022,0.07779999577905983,0.07899999036453664
No YOLO,False,True,True,True,60,0.000300002284348011,0.000300002284348011,0.0004999892553314567,0.076299998909235,0.07739999273326248
No YOLO,False,True,True,True,61,0.000400003045797348,0.000200001522898674,0.000400003045797348,0.07550000736955553,0.0765000149840489
No YOLO,False,True,True,True,62,0.000400003045797348,0.000400003045797348,0.000900006853044033,0.07449999975506216,0.07620001269970089
No YOLO,False,True,True,True,63,0.000300002284348011,0.000300002284348011,0.0007999915396794677,0.0779999973019585,0.07939999341033399
No YOLO,False,True,True,True,64,0.000600004568696022,0.00039998849388211966,0.0010999938240274787,0.0990999978967011,0.10119998478330672
No YOLO,False,True,True,True,65,0.000800006091594696,0.000500003807246685,0.001100008375942707,0.09560000034980476,0.09800001862458885
No YOLO,False,True,True,True,66,0.000300002284348011,0.000300002284348011,0.0006999907782301307,0.08209999941755086,0.08339999476447701
No YOLO,False,True,True,True,67,0.000300002284348011,0.000300002284348011,0.000700005330145359,0.08749999688006938,0.08880000677891076
No YOLO,False,True,True,True,68,0.00029998773243278265,0.000300002284348011,0.000500003807246685,0.0788000033935532,0.07989999721758068
No YOLO,False,True,True,True,69,0.00019998697098344564,0.000300002284348011,0.000500003807246685,0.07240001286845654,0.07340000593103468
No YOLO,False,True,True,True,70,0.000400003045797348,0.000300002284348011,0.000500003807246685,0.07539999205619097,0.07660000119358301
No YOLO,False,True,True,True,71,0.00039998849388211966,0.000300002284348011,0.000500003807246685,0.07080000068526715,0.07199999527074397
No YOLO,False,True,True,True,72,0.000200001522898674,0.000200001522898674,0.000500003807246685,0.07429999823216349,0.07520000508520752
No YOLO,False,True,True,True,73,0.000400003045797348,0.00029998773243278265,0.000600004568696022,0.07749999349471182,0.07879998884163797
No YOLO,False,True,True,True,74,0.000300002284348011,0.000400003045797348,0.0005999900167807937,0.07670000195503235,0.0779999973019585
No YOLO,False,True,True,True,75,0.000400003045797348,0.000300002284348011,0.0005999900167807937,0.07690000347793102,0.07819999882485718
No YOLO,False,True,True,True,76,0.000400003045797348,0.000300002284348011,0.000700005330145359,0.07499998901039362,0.07639999967068434
No YOLO,False,True,True,True,77,0.000200001522898674,0.000300002284348011,0.0004999892553314567,0.07660000119358301,0.07759999425616115
No YOLO,False,True,True,True,78,0.000600004568696022,0.000400003045797348,0.0009999930625781417,0.09890001092571765,0.10090001160278916
No YOLO,False,True,True,True,79,0.0006999907782301307,0.000500003807246685,0.0008999923011288047,0.09240000508725643,0.09449999197386205
No YOLO,False,True,True,True,80,0.000400003045797348,0.00039998849388211966,0.000700005330145359,0.08189999789465219,0.08339999476447701
No YOLO,False,True,True,True,81,0.000300002284348011,0.000300002284348011,0.000600004568696022,0.08019999950192869,0.08140000863932073
No YOLO,False,True,True,True,82,0.000300002284348011,0.000300002284348011,0.000600004568696022,0.07600001117680222,0.07720002031419426
No YOLO,False,True,True,True,83,0.000300002284348011,0.000300002284348011,0.000600004568696022,0.06989999383222312,0.07110000296961516
No YOLO,False,True,True,True,84,0.000400003045797348,0.000300002284348011,0.000500003807246685,0.07979999645613134,0.08100000559352338
No YOLO,False,True,True,True,85,0.000300002284348011,0.000300002284348011,0.000500003807246685,0.07470000127796084,0.07580000965390354
No YOLO,False,True,True,True,86,0.000300002284348011,0.000300002284348011,0.0004999892553314567,0.08110000635497272,0.0822000001790002
No YOLO,False,True,True,True,87,0.000700005330145359,0.000400003045797348,0.00100000761449337,0.0931999966269359,0.09530001261737198
No YOLO,False,True,True,True,88,0.0007999915396794677,0.000400003045797348,0.0009999930625781417,0.09370000043418258,0.09589998808223754
No YOLO,False,True,True,True,89,0.000400003045797348,0.000400003045797348,0.000700005330145359,0.08280000474769622,0.08430001616943628
No YOLO,False,True,True,True,90,0.000400003045797348,0.000400003045797348,0.000600004568696022,0.07849998655728996,0.07989999721758068
No YOLO,False,True,True,True,91,0.000300002284348011,0.000400003045797348,0.0006999907782301307,0.07690000347793102,0.07829999958630651
No YOLO,False,True,True,True,92,0.00029998773243278265,0.000300002284348011,0.000500003807246685,0.07789999654050916,0.07899999036453664
No YOLO,False,True,True,True,93,0.000400003045797348,0.000300002284348011,0.0007999915396794677,0.08459998934995383,0.08609998621977866
No YOLO,False,True,True,True,94,0.000400003045797348,0.000300002284348011,0.0005999900167807937,0.08670000534038991,0.08800000068731606
No YOLO,False,True,True,True,95,0.000400003045797348,0.000300002284348011,0.0004999892553314567,0.07300000288523734,0.07419999747071415
No YOLO,False,True,True,True,96,0.000400003045797348,0.000300002284348011,0.000700005330145359,0.06999999459367245,0.07140000525396317
No YOLO,False,True,True,True,97,0.000300002284348011,0.00029998773243278265,0.000600004568696022,0.07980001100804657,0.08100000559352338
No YOLO,False,True,True,True,98,0.000300002284348011,0.000300002284348011,0.0004999892553314567,0.07760000880807638,0.07870000263210386
No YOLO,False,True,True,True,99,0.000300002284348011,0.000300002284348011,0.000600004568696022,0.07300000288523734,0.07420001202262938
No YOLO,False,True,True,True,100,0.0006999907782301307,0.000600004568696022,0.00100000761449337,0.09780000254977494,0.10010000551119447
No YOLO,False,True,True,True,101,0.0006999907782301307,0.000500003807246685,0.001100008375942707,0.09470000804867595,0.09700001101009548
No YOLO,False,True,True,True,102,0.000500003807246685,0.00039998849388211966,0.000700005330145359,0.08110000635497272,0.08270000398624688
No YOLO,False,True,True,True,103,0.000400003045797348,0.000300002284348011,0.0006999907782301307,0.07660000119358301,0.0779999973019585
No YOLO,False,True,True,True,104,0.000400003045797348,0.00029998773243278265,0.000600004568696022,0.07819999882485718,0.07949999417178333
No YOLO,False,True,True,True,105,0.000300002284348011,0.000300002284348011,0.000500003807246685,0.0737000082153827,0.0748000165913254
No YOLO,False,True,True,True,106,0.000200001522898674,0.000300002284348011,0.000400003045797348,0.06949999078642577,0.0703999976394698
No YOLO,False,True,True,True,107,0.000200001522898674,0.000300002284348011,0.000400003045797348,0.07470000127796084,0.07560000813100487
No YOLO,False,True,True,True,108,0.000300002284348011,0.00039998849388211966,0.000500003807246685,0.0737000082153827,0.07490000280085951
No YOLO,False,True,True,True,109,0.000300002284348011,0.000300002284348011,0.000500003807246685,0.07800001185387373,0.07910002022981644
No YOLO,False,True,True,True,110,0.000300002284348011,0.000300002284348011,0.000400003045797348,0.07660000119358301,0.07760000880807638
No YOLO,False,True,True,True,111,0.000300002284348011,0.000300002284348011,0.0004999892553314567,0.07559999357908964,0.07669998740311712
No YOLO,False,True,True,True,112,0.000300002284348011,0.000200001522898674,0.000500003807246685,0.0788000033935532,0.07980001100804657
No YOLO,False,True,True,True,113,0.000300002284348011,0.000400003045797348,0.0004999892553314567,0.07229999755509198,0.07349999214056879
No YOLO,False,True,True,True,114,0.000400003045797348,0.000300002284348011,0.000500003807246685,0.06919998850207776,0.0703999976394698
No YOLO,False,True,True,True,115,0.000300002284348011,0.000200001522898674,0.0004999892553314567,0.07789999654050916,0.0788999896030873
No YOLO,False,True,True,True,116,0.000500003807246685,0.0004999892553314567,0.000600004568696022,0.0816000101622194,0.08320000779349357
No YOLO,False,True,True,True,117,0.000200001522898674,0.000400003045797348,0.0005999900167807937,0.07179999374784529,0.07299998833332211
No YOLO,False,True,True,True,118,0.00029998773243278265,0.000300002284348011,0.0005999900167807937,0.07840000034775585,0.07959998038131744
No YOLO,False,True,True,True,119,0.000300002284348011,0.000400003045797348,0.000600004568696022,0.07989999721758068,0.08120000711642206
No YOLO,False,True,True,True,120,0.000400003045797348,0.000300002284348011,0.000500003807246685,0.07840000034775585,0.0796000094851479
No YOLO,False,True,True,True,121,0.000300002284348011,0.000400003045797348,0.000600004568696022,0.07740000728517771,0.07870001718401909
No YOLO,False,True,True,True,122,0.000300002284348011,0.000300002284348011,0.000600004568696022,0.06990000838413835,0.07110001752153039
No YOLO,False,True,True,True,123,0.000400003045797348,0.000300002284348011,0.000600004568696022,0.08100000559352338,0.08230001549236476
No YOLO,False,True,True,True,124,0.000400003045797348,0.000300002284348011,0.000500003807246685,0.07640001422259957,0.07760002335999161
No YOLO,False,True,True,True,125,0.000300002284348011,0.000300002284348011,0.00039998849388211966,0.0686999992467463,0.06969999230932444
No YOLO,False,True,True,True,126,0.00029998773243278265,0.000300002284348011,0.000500003807246685,0.07660000119358301,0.07769999501761049
No YOLO,False,True,True,True,127,0.00019998697098344564,0.000300002284348011,0.000500003807246685,0.07190000906120986,0.072900002123788
No YOLO,False,True,True,True,128,0.000200001522898674,0.000200001522898674,0.000400003045797348,0.07619999814778566,0.07700000423938036
No YOLO,False,True,True,True,129,0.000500003807246685,0.000300002284348011,0.000700005330145359,0.0782000133767724,0.07970002479851246
No YOLO,False,True,True,True,130,0.00029998773243278265,0.000300002284348011,0.000400003045797348,0.07660000119358301,0.07759999425616115
No YOLO,False,True,True,True,131,0.000400003045797348,0.000400003045797348,0.000500003807246685,0.0779999973019585,0.07930000720079988
No YOLO,False,True,True,True,132,0.000300002284348011,0.000300002284348011,0.000600004568696022,0.07930000720079988,0.08050001633819193
No YOLO,False,True,True,True,133,0.000400003045797348,0.000300002284348011,0.000400003045797348,0.07700000423938036,0.07810001261532307
No YOLO,False,True,True,True,134,0.000500003807246685,0.000400003045797348,0.000500003807246685,0.07870000263210386,0.08010001329239458
No YOLO,False,True,True,True,135,0.000400003045797348,0.00029998773243278265,0.000400003045797348,0.07059999916236848,0.07169999298639596
No YOLO,False,True,True,True,136,0.000200001522898674,0.00029998773243278265,0.000500003807246685,0.07749999349471182,0.07849998655728996
No YOLO,False,True,True,True,137,0.000300002284348011,0.000300002284348011,0.000500003807246685,0.08070000330917537,0.08180001168511808
No YOLO,False,True,True,True,138,0.000300002284348011,0.000300002284348011,0.000500003807246685,0.07670000195503235,0.07780001033097506
No YOLO,False,True,True,True,139,0.000600004568696022,0.000300002284348011,0.000400003045797348,0.07819999882485718,0.07950000872369856
No YOLO,False,True,True,True,140,0.000400003045797348,0.0004999892553314567,0.000800006091594696,0.07999999797903001,0.08169999637175351
No YOLO,False,True,True,True,141,0.000300002284348011,0.000400003045797348,0.000500003807246685,0.07480000203941017,0.07600001117680222
No YOLO,False,True,True,True,142,0.00039998849388211966,0.000200001522898674,0.0004999892553314567,0.07579999510198832,0.07689997437410057
No YOLO,False,True,True,True,143,0.000500003807246685,0.000400003045797348,0.0006999907782301307,0.08769999840296805,0.08929999603424221
No YOLO,False,True,True,True,144,0.000300002284348011,0.000300002284348011,0.000500003807246685,0.07690000347793102,0.07800001185387373
No YOLO,False,True,True,True,145,0.000200001522898674,0.00029998773243278265,0.000500003807246685,0.07900000491645187,0.07999999797903001
No YOLO,False,True,True,True,146,0.000300002284348011,0.000300002284348011,0.0005999900167807937,0.07579999510198832,0.07699998968746513
No YOLO,False,True,True,True,147,0.000300002284348011,0.00039998849388211966,0.000500003807246685,0.07959999493323267,0.08079998951870948
No YOLO,False,True,True,True,148,0.000300002284348011,0.000300002284348011,0.000500003807246685,0.072900002123788,0.0740000104997307
No YOLO,False,True,True,True,149,0.0008999923011288047,0.00039998849388211966,0.000800006091594696,0.07809999806340784,0.08019998495001346
No YOLO,False,True,True,True,150,0.000700005330145359,0.000700005330145359,0.001100008375942707,0.09560000034980476,0.09810001938603818
No YOLO,False,True,True,True,151,0.000400003045797348,0.000600004568696022,0.000900006853044033,0.08680000610183924,0.08870002056937665
No YOLO,False,True,True,True,152,0.000400003045797348,0.000500003807246685,0.0006999907782301307,0.07769999501761049,0.07929999264888465
No YOLO,False,True,True,True,153,0.000700005330145359,0.00039998849388211966,0.0009999930625781417,0.08749999688006938,0.089599983766675
No YOLO,False,True,True,True,154,0.000400003045797348,0.00039998849388211966,0.000800006091594696,0.08420000085607171,0.08579999848734587
No YOLO,False,True,True,True,155,0.000400003045797348,0.000400003045797348,0.000900006853044033,0.08100000559352338,0.08270001853816211
No YOLO,False,True,True,True,156,0.00029998773243278265,0.000400003045797348,0.0006999907782301307,0.08119999256450683,0.08259997412096709
No YOLO,False,True,True,True,157,0.000300002284348011,0.000400003045797348,0.000600004568696022,0.076299998909235,0.07760000880807638
No YOLO,False,True,True,True,158,0.000300002284348011,0.000300002284348011,0.000400003045797348,0.0796000094851479,0.08060001709964126
No YOLO,False,True,True,True,159,0.000400003045797348,0.000300002284348011,0.0005999900167807937,0.08269998943433166,0.08399998478125781
No YOLO,False,True,True,True,160,0.000300002284348011,0.000200001522898674,0.000500003807246685,0.07029999687802047,0.07130000449251384
No YOLO,False,True,True,True,161,0.000200001522898674,0.000300002284348011,0.000500003807246685,0.0740000104997307,0.07500001811422408
No YOLO,False,True,True,True,162,0.00029998773243278265,0.000300002284348011,0.0005999900167807937,0.07579999510198832,0.0769999751355499
No YOLO,False,True,True,True,163,0.000500003807246685,0.000300002284348011,0.0006999907782301307,0.07890000415500253,0.08040000102482736
No YOLO,False,True,True,True,164,0.000300002284348011,0.000300002284348011,0.000700005330145359,0.07730000652372837,0.07860001642256975
No YOLO,False,True,True,True,165,0.00029998773243278265,0.000300002284348011,0.000600004568696022,0.07599999662488699,0.0771999912103638
No YOLO,False,True,True,True,166,0.000200001522898674,0.000300002284348011,0.000500003807246685,0.07140000525396317,0.07240001286845654
No YOLO,False,True,True,True,167,0.000300002284348011,0.000300002284348011,0.0005999900167807937,0.07409999670926481,0.07529999129474163
No YOLO,False,True,True,True,168,0.00029998773243278265,0.000300002284348011,0.000500003807246685,0.07809999806340784,0.07919999188743532
No YOLO,False,True,True,True,169,0.000300002284348011,0.00039998849388211966,0.000500003807246685,0.07499998901039362,0.07619998359587044
No YOLO,False,True,True,True,170,0.00029998773243278265,0.000300002284348011,0.000600004568696022,0.07919999188743532,0.08039998647291213
No YOLO,False,True,True,True,171,0.000200001522898674,0.000200001522898674,0.0004999892553314567,0.07639999967068434,0.07729999197181314
No YOLO,False,True,True,True,172,0.000300002284348011,0.000200001522898674,0.000500003807246685,0.07699998968746513,0.0779999973019585
No YOLO,False,True,True,True,173,0.000300002284348011,0.000300002284348011,0.000600004568696022,0.07639999967068434,0.07760000880807638
No YOLO,False,True,True,True,174,0.000200001522898674,0.000300002284348011,0.000500003807246685,0.10649999603629112,0.10750000365078449
No YOLO,False,True,True,True,175,0.000400003045797348,0.00029998773243278265,0.000500003807246685,0.079699995694682,0.08089999028015882
No YOLO,False,True,True,True,176,0.000300002284348011,0.000200001522898674,0.000600004568696022,0.07310000364668667,0.07420001202262938
No YOLO,False,True,True,True,177,0.000300002284348011,0.000300002284348011,0.0005999900167807937,0.07059999916236848,0.07179999374784529
No YOLO,False,True,True,True,178,0.000300002284348011,0.000300002284348011,0.0006999907782301307,0.07829999958630651,0.07959999493323267
No YOLO,False,True,True,True,179,0.000200001522898674,0.000300002284348011,0.00039998849388211966,0.07749999349471182,0.07839998579584062
No YOLO,False,True,True,True,180,0.000200001522898674,0.000300002284348011,0.0004999892553314567,0.07829999958630651,0.07929999264888465
No YOLO,False,True,True,True,181,0.000300002284348011,0.000300002284348011,0.000500003807246685,0.07339999137911946,0.07449999975506216
No YOLO,False,True,True,True,182,0.00019998697098344564,0.00029998773243278265,0.000500003807246685,0.06859999848529696,0.06959997699595988
No YOLO,False,True,True,True,183,0.000300002284348011,0.00029998773243278265,0.000500003807246685,0.07900000491645187,0.08009999874047935
No YOLO,False,True,True,True,184,0.000300002284348011,0.000400003045797348,0.0004999892553314567,0.072900002123788,0.07409999670926481
No YOLO,False,True,True,True,185,0.000400003045797348,0.000300002284348011,0.000600004568696022,0.07139999070204794,0.07270000060088933
No YOLO,False,True,True,True,186,0.000300002284348011,0.000400003045797348,0.0004999892553314567,0.07759999425616115,0.07879998884163797
No YOLO,False,True,True,True,187,0.000300002284348011,0.000300002284348011,0.000400003045797348,0.07339999137911946,0.07439999899361283
No YOLO,False,True,True,True,188,0.000300002284348011,0.000300002284348011,0.000500003807246685,0.07720000576227903,0.07830001413822174
No YOLO,False,True,True,True,189,0.000300002284348011,0.000300002284348011,0.0004999892553314567,0.0695999915478751,0.07069998537190259
No YOLO,False,True,True,True,190,0.000200001522898674,0.000200001522898674,0.000500003807246685,0.07740000728517771,0.07830001413822174
No YOLO,False,True,True,True,191,0.000300002284348011,0.00029998773243278265,0.000600004568696022,0.07759999425616115,0.07879998884163797
No YOLO,False,True,True,True,192,0.000300002284348011,0.000300002284348011,0.000500003807246685,0.07510000432375818,0.07620001269970089
No YOLO,False,True,True,True,193,0.00029998773243278265,0.000300002284348011,0.000500003807246685,0.07970001024659723,0.08080000407062471
No YOLO,False,True,True,True,194,0.000300002284348011,0.000300002284348011,0.0005999900167807937,0.07559999357908964,0.07679998816456646
No YOLO,False,True,True,True,195,0.000200001522898674,0.000400003045797348,0.0004999892553314567,0.07720000576227903,0.07829999958630651
No YOLO,False,True,True,True,196,0.00029998773243278265,0.000300002284348011,0.000600004568696022,0.11420001101214439,0.1154000055976212
No YOLO,False,True,True,True,197,0.000300002284348011,0.000200001522898674,0.000700005330145359,0.0751999905332923,0.07639999967068434
No YOLO,False,True,True,True,198,0.000300002284348011,0.00029998773243278265,0.000700005330145359,0.07470000127796084,0.07599999662488699
No YOLO,False,True,True,True,199,0.000200001522898674,0.00029998773243278265,0.000600004568696022,0.0723000121070072,0.07340000593103468
No YOLO,False,True,True,True,200,0.000700005330145359,0.0004999892553314567,0.0010999938240274787,0.09279999358113855,0.09509998199064285
No YOLO,False,True,True,True,201,0.000700005330145359,0.000400003045797348,0.001100008375942707,0.08510000770911574,0.08730002446100116
No YOLO,False,True,True,True,202,0.000400003045797348,0.000300002284348011,0.000600004568696022,0.08250000246334821,0.08380001236218959
No YOLO,False,True,True,True,203,0.000300002284348011,0.00039998849388211966,0.000600004568696022,0.07490000280085951,0.07619999814778566
No YOLO,False,True,True,True,204,0.000200001522898674,0.000300002284348011,0.000700005330145359,0.07589999586343765,0.0771000050008297
No YOLO,False,True,True,True,205,0.0004999892553314567,0.000400003045797348,0.000600004568696022,0.076299998909235,0.07779999577905983
No YOLO,False,True,True,True,206,0.00029998773243278265,0.000200001522898674,0.000400003045797348,0.06660001236014068,0.06750000466126949
No YOLO,False,True,True,True,207,0.00039998849388211966,0.000300002284348011,0.000500003807246685,0.07550000736955553,0.07670000195503235
No YOLO,False,True,True,True,208,0.000300002284348011,0.000300002284348011,0.0005999900167807937,0.06960000609979033,0.07080000068526715
No YOLO,False,True,True,True,209,0.00029998773243278265,0.000400003045797348,0.000500003807246685,0.0754000066081062,0.07660000119358301
No YOLO,False,True,True,True,210,0.000300002284348011,0.00029998773243278265,0.000500003807246685,0.07639999967068434,0.07749999349471182
No YOLO,False,True,True,True,211,0.000300002284348011,0.000300002284348011,0.000500003807246685,0.07509998977184296,0.07619999814778566
No YOLO,False,True,True,True,212,0.000300002284348011,0.000200001522898674,0.0004999892553314567,0.08650000381749123,0.08749999688006938
No YOLO,False,True,True,True,213,0.000300002284348011,0.00039998849388211966,0.000600004568696022,0.06839999696239829,0.06969999230932444
No YOLO,False,True,True,True,214,0.000300002284348011,0.000300002284348011,0.0005999900167807937,0.07959999493323267,0.08079998951870948
No YOLO,False,True,True,True,215,0.000300002284348011,0.000300002284348011,0.0004999892553314567,0.07259999983943999,0.07369999366346747
No YOLO,False,True,True,True,216,0.000300002284348011,0.000300002284348011,0.0004999892553314567,0.07840000034775585,0.07949999417178333
No YOLO,False,True,True,True,217,0.00019998697098344564,0.000300002284348011,0.000500003807246685,0.07330000516958535,0.07429999823216349
No YOLO,False,True,True,True,218,0.000200001522898674,0.000200001522898674,0.0004999892553314567,0.07619999814778566,0.07709999044891447
No YOLO,False,True,True,True,219,0.00019998697098344564,0.00029998773243278265,0.000400003045797348,0.06749999010935426,0.06839996785856783
No YOLO,False,True,True,True,220,0.000400003045797348,0.000400003045797348,0.0007999915396794677,0.07779999577905983,0.07939999341033399
No YOLO,False,True,True,True,221,0.000300002284348011,0.000400003045797348,0.0005999900167807937,0.079699995694682,0.08099999104160815
No YOLO,False,True,True,True,222,0.000300002284348011,0.000300002284348011,0.000400003045797348,0.072900002123788,0.07390000973828137
No YOLO,False,True,True,True,223,0.0004999892553314567,0.000300002284348011,0.0005999900167807937,0.07660000119358301,0.07799998275004327
No YOLO,False,True,True,True,224,0.00029998773243278265,0.000300002284348011,0.0005999900167807937,0.0771000050008297,0.07829998503439128
No YOLO,False,True,True,True,225,0.000200001522898674,0.000300002284348011,0.0005999900167807937,0.07439999899361283,0.0754999928176403
No YOLO,False,True,True,True,226,0.000300002284348011,0.000300002284348011,0.000500003807246685,0.07760000880807638,0.07870001718401909
No YOLO,False,True,True,True,227,0.000300002284348011,0.000300002284348011,0.000400003045797348,0.07280000136233866,0.07380000897683203
No YOLO,False,True,True,True,228,0.00039998849388211966,0.000400003045797348,0.0004999892553314567,0.07749999349471182,0.07879997428972274
No YOLO,False,True,True,True,229,0.000300002284348011,0.000300002284348011,0.000500003807246685,0.07389999518636614,0.07500000356230885
No YOLO,False,True,True,True,230,0.000300002284348011,0.00029998773243278265,0.000400003045797348,0.06639999628532678,0.06739998934790492
No YOLO,False,True,True,True,231,0.000300002284348011,0.000200001522898674,0.000600004568696022,0.07569999434053898,0.07680000271648169
No YOLO,False,True,True,True,232,0.000400003045797348,0.000300002284348011,0.000500003807246685,0.07349999214056879,0.07470000127796084
No YOLO,False,True,True,True,233,0.000300002284348011,0.000300002284348011,0.000500003807246685,0.07110000296961516,0.07220001134555787
No YOLO,False,True,True,True,234,0.000400003045797348,0.000300002284348011,0.000500003807246685,0.07189999450929463,0.07310000364668667
No YOLO,False,True,True,True,235,0.00039998849388211966,0.000300002284348011,0.0004999892553314567,0.0746000005165115,0.07579998055007309
No YOLO,False,True,True,True,236,0.000200001522898674,0.000200001522898674,0.000500003807246685,0.07199999527074397,0.072900002123788
No YOLO,False,True,True,True,237,0.000300002284348011,0.000300002284348011,0.0005999900167807937,0.07829999958630651,0.07949999417178333
No YOLO,False,True,True,True,238,0.000300002284348011,0.00029998773243278265,0.000500003807246685,0.07389999518636614,0.07499998901039362
No YOLO,False,True,True,True,239,0.000300002284348011,0.000300002284348011,0.0004999892553314567,0.06740000389982015,0.06849999772384763
No YOLO,False,True,True,True,240,0.000300002284348011,0.000200001522898674,0.000500003807246685,0.08289999095723033,0.0838999985717237
No YOLO,False,True,True,True,241,0.00029998773243278265,0.000400003045797348,0.000500003807246685,0.07429999823216349,0.0754999928176403
No YOLO,False,True,True,True,242,0.00039998849388211966,0.000200001522898674,0.0004999892553314567,0.07890000415500253,0.07999998342711478
No YOLO,False,True,True,True,243,0.000300002284348011,0.00029998773243278265,0.000500003807246685,0.07309998909477144,0.07419998291879892
No YOLO,False,True,True,True,244,0.00039998849388211966,0.000300002284348011,0.000500003807246685,0.07479998748749495,0.07599998207297176
No YOLO,False,True,True,True,245,0.000300002284348011,0.00029998773243278265,0.000500003807246685,0.07839998579584062,0.0794999796198681
No YOLO,False,True,True,True,246,0.000200001522898674,0.00029998773243278265,0.000500003807246685,0.076299998909235,0.07729999197181314
No YOLO,False,True,True,True,247,0.000300002284348011,0.000300002284348011,0.000500003807246685,0.07699998968746513,0.07809999806340784
No YOLO,False,True,True,True,248,0.00019998697098344564,0.000300002284348011,0.000600004568696022,0.06720000237692147,0.06829999620094895
No YOLO,False,True,True,True,249,0.000200001522898674,0.000200001522898674,0.000500003807246685,0.06920000305399299,0.07010000990703702
No YOLO,False,True,True,True,250,0.0005999900167807937,0.000500003807246685,0.0010999938240274787,0.1016000023810193,0.10379999002907425
No YOLO,False,True,True,True,251,0.0006999907782301307,0.000400003045797348,0.0009999930625781417,0.0822000001790002,0.08429998706560582
No YOLO,False,True,True,True,252,0.000400003045797348,0.000300002284348011,0.0005999900167807937,0.06969999230932444,0.0709999876562506
No YOLO,False,True,True,True,253,0.000400003045797348,0.000300002284348011,0.0004999892553314567,0.07449999975506216,0.07569999434053898
No YOLO,False,True,True,True,254,0.000300002284348011,0.000200001522898674,0.000400003045797348,0.0720999960321933,0.07300000288523734
No YOLO,False,True,True,True,255,0.000300002284348011,0.000400003045797348,0.0006999907782301307,0.07660000119358301,0.0779999973019585
No YOLO,False,True,True,True,256,0.000300002284348011,0.000300002284348011,0.0005999900167807937,0.076299998909235,0.07749999349471182
No YOLO,False,True,True,True,257,0.000300002284348011,0.000300002284348011,0.000400003045797348,0.07480000203941017,0.07580000965390354
No YOLO,False,True,True,True,258,0.00019998697098344564,0.000300002284348011,0.0004999892553314567,0.06859999848529696,0.06959997699595988
No YOLO,False,True,True,True,259,0.000400003045797348,0.000300002284348011,0.000500003807246685,0.07449999975506216,0.07570000889245421
No YOLO,False,True,True,True,260,0.000300002284348011,0.000200001522898674,0.000400003045797348,0.06679999933112413,0.06770000618416816
No YOLO,False,True,True,True,261,0.000300002284348011,0.000200001522898674,0.000500003807246685,0.07310000364668667,0.07410001126118004
No YOLO,False,True,True,True,262,0.000200001522898674,0.000300002284348011,0.000500003807246685,0.07249999907799065,0.07350000669248402
No YOLO,False,True,True,True,263,0.000300002284348011,0.000300002284348011,0.000500003807246685,0.07580000965390354,0.07690001802984625
No YOLO,False,True,True,True,264,0.000400003045797348,0.000200001522898674,0.000500003807246685,0.07249999907799065,0.07360000745393336
No YOLO,False,True,True,True,265,0.000300002284348011,0.000300002284348011,0.0004999892553314567,0.07599999662488699,0.07709999044891447
No YOLO,False,True,True,True,266,0.000300002284348011,0.000300002284348011,0.0005999900167807937,0.0771000050008297,0.07829999958630651
No YOLO,False,True,True,True,267,0.000300002284348011,0.000300002284348011,0.000500003807246685,0.07709999044891447,0.07819999882485718
No YOLO,False,True,True,True,268,0.000200001522898674,0.000300002284348011,0.0004999892553314567,0.07890000415500253,0.07989999721758068
No YOLO,False,True,True,True,269,0.000300002284348011,0.00019998697098344564,0.000500003807246685,0.07609999738633633,0.07709999044891447
No YOLO,False,True,True,True,270,0.00029998773243278265,0.000300002284348011,0.000400003045797348,0.07620001269970089,0.07720000576227903
No YOLO,False,True,True,True,271,0.000400003045797348,0.000600004568696022,0.0006999907782301307,0.07909999112598598,0.08079998951870948
No YOLO,False,True,True,True,272,0.000300002284348011,0.000200001522898674,0.0006999907782301307,0.07569999434053898,0.0768999889260158
No YOLO,False,True,True,True,273,0.000200001522898674,0.000300002284348011,0.0004999892553314567,0.07160000677686185,0.07259999983943999
No YOLO,False,True,True,True,274,0.00039998849388211966,0.000400003045797348,0.000900006853044033,0.06919998850207776,0.07089998689480126
No YOLO,False,True,True,True,275,0.000300002284348011,0.000400003045797348,0.000600004568696022,0.07020001066848636,0.07150002056732774
No YOLO,False,True,True,True,276,0.000300002284348011,0.000300002284348011,0.000500003807246685,0.07530000584665686,0.07640001422259957
No YOLO,False,True,True,True,277,0.000300002284348011,0.00039998849388211966,0.000600004568696022,0.07600001117680222,0.07730000652372837
No YOLO,False,True,True,True,278,0.00029998773243278265,0.0005999900167807937,0.000800006091594696,0.07700000423938036,0.07869998808018863
No YOLO,False,True,True,True,279,0.000300002284348011,0.000300002284348011,0.0004999892553314567,0.07399999594781548,0.07509998977184296
No YOLO,False,True,True,True,280,0.000400003045797348,0.000400003045797348,0.000600004568696022,0.07369999366346747,0.07510000432375818
No YOLO,False,True,True,True,281,0.000300002284348011,0.000300002284348011,0.000400003045797348,0.06729998858645558,0.06829999620094895
No YOLO,False,True,True,True,282,0.000500003807246685,0.000200001522898674,0.0008999923011288047,0.07650000043213367,0.07809999806340784
No YOLO,False,True,True,True,283,0.000400003045797348,0.000300002284348011,0.00039998849388211966,0.07419999747071415,0.07529999129474163
No YOLO,False,True,True,True,284,0.000300002284348011,0.000200001522898674,0.000400003045797348,0.07249999907799065,0.07340000593103468
No YOLO,False,True,True,True,285,0.000400003045797348,0.0004999892553314567,0.000700005330145359,0.07480000203941017,0.07639999967068434
No YOLO,False,True,True,True,286,0.000300002284348011,0.000300002284348011,0.00039998849388211966,0.07730000652372837,0.07829999958630651
No YOLO,False,True,True,True,287,0.000200001522898674,0.00029998773243278265,0.000400003045797348,0.0670000008540228,0.0678999931551516
No YOLO,False,True,True,True,288,0.000400003045797348,0.000300002284348011,0.000400003045797348,0.07590001041535288,0.07700001879129559
No YOLO,False,True,True,True,289,0.000100000761449337,0.00039998849388211966,0.000400003045797348,0.0720999960321933,0.07299998833332211
No YOLO,False,True,True,True,290,0.000400003045797348,0.000400003045797348,0.0006999907782301307,0.07119998917914927,0.0726999860489741
No YOLO,False,True,True,True,291,0.000300002284348011,0.000300002284348011,0.000600004568696022,0.07419999747071415,0.0754000066081062
No YOLO,False,True,True,True,292,0.000300002284348011,0.00039998849388211966,0.000600004568696022,0.07720000576227903,0.07850000110920519
No YOLO,False,True,True,True,293,0.000400003045797348,0.00019998697098344564,0.000600004568696022,0.07589999586343765,0.07709999044891447
No YOLO,False,True,True,True,294,0.000400003045797348,0.000200001522898674,0.0004999892553314567,0.07559999357908964,0.07669998740311712
No YOLO,False,True,True,True,295,0.000300002284348011,0.000200001522898674,0.000500003807246685,0.07280000136233866,0.07380000897683203
No YOLO,False,True,True,True,296,0.000600004568696022,0.000400003045797348,0.0004999892553314567,0.07829999958630651,0.07979999645613134
No YOLO,False,True,True,True,297,0.000200001522898674,0.000200001522898674,0.000500003807246685,0.07240001286845654,0.07330001972150058
No YOLO,False,True,True,True,298,0.000300002284348011,0.000300002284348011,0.000400003045797348,0.06779999239370227,0.06880000000819564
No YOLO,False,True,True,True,299,0.000200001522898674,0.000300002284348011,0.0004999892553314567,0.0720999960321933,0.07309998909477144
No Hit Detection,True,False,True,True,0,9.8771999910241,0.000300002284348011,0.0010999938240274787,0.3082000039285049,10.18679999106098
No Hit Detection,True,False,True,True,1,8.858000001055188,0.000200001522898674,0.0014999968698248267,0.2775000029942021,9.137200002442114
No Hit Detection,True,False,True,True,2,12.543499993626028,0.000100000761449337,0.0012999953469261527,0.2769999991869554,12.82189998892136
No Hit Detection,True,False,True,True,3,9.132299994234927,0.000100000761449337,0.0013999961083754897,0.2845999988494441,9.418399989954196
No Hit Detection,True,False,True,True,4,8.987199995317496,0.000200001522898674,0.0008999923011288047,0.27990000671707094,9.268199995858595
No Hit Detection,True,False,True,True,5,8.795999994617887,0.000200001522898674,0.001200009137392044,0.2814999897964299,9.078899995074607
No Hit Detection,True,False,True,True,6,8.816800007480197,0.000300002284348011,0.0008999923011288047,0.28310000197961926,9.101100004045293
No Hit Detection,True,False,True,True,7,8.776000002399087,0.000200001522898674,0.0011999945854768157,0.2978000120492652,9.075200010556728
No Hit Detection,True,False,True,True,8,9.136200009379536,0.000200001522898674,0.0010999938240274787,0.28399999428074807,9.42149999900721
No Hit Detection,True,False,True,True,9,8.928600000217557,0.000200001522898674,0.0009999930625781417,0.35769998794421554,9.28749998274725
No Hit Detection,True,False,True,True,10,8.74659999681171,0.000200001522898674,0.001100008375942707,0.34220000088680536,9.090100007597357
No Hit Detection,True,False,True,True,11,8.802900003502145,0.000100000761449337,0.00100000761449337,0.2938999969046563,9.097900008782744
No Hit Detection,True,False,True,True,12,11.15199999185279,0.000200001522898674,0.0009999930625781417,0.31850000959821045,11.471699996036477
No Hit Detection,True,False,True,True,13,10.485100006917492,0.000200001522898674,0.0008999923011288047,0.32559999090153724,10.811799991643056
No Hit Detection,True,False,True,True,14,10.729400004493073,0.000200001522898674,0.0009999930625781417,0.3201000072294846,11.050700006308034
No Hit Detection,True,False,True,True,15,10.691699993913062,0.000200001522898674,0.0009999930625781417,0.2837000065483153,10.976599995046854
No Hit Detection,True,False,True,True,16,11.022599996067584,0.000200001522898674,0.001200009137392044,0.3352000057930127,11.359200012520887
No Hit Detection,True,False,True,True,17,11.1728000047151,0.00029998773243278265,0.00100000761449337,0.2998999989358708,11.473999998997897
No Hit Detection,True,False,True,True,18,10.662200002116151,0.000200001522898674,0.0010999938240274787,0.29600001289509237,10.95950001035817
No Hit Detection,True,False,True,True,19,10.872500002733432,0.000200001522898674,0.001200009137392044,0.33209999673999846,11.206000010133721
No Hit Detection,True,False,True,True,20,10.782400000607595,0.00029998773243278265,0.0010999938240274787,0.3285999991931021,11.112399981357157
No Hit Detection,True,False,True,True,21,11.30169999669306,0.000200001522898674,0.0009999930625781417,0.33039999834727496,11.633299989625812
No Hit Detection,True,False,True,True,22,10.705399996368214,0.000400003045797348,0.00100000761449337,0.33209999673999846,11.038900003768504
No Hit Detection,True,False,True,True,23,10.622300003888085,0.000200001522898674,0.0011999945854768157,0.3201000072294846,10.943800007225946
No Hit Detection,True,False,True,True,24,9.583499995642342,0.000200001522898674,0.0009999930625781417,0.31820000731386244,9.902899997541681
No Hit Detection,True,False,True,True,25,8.882499998435378,0.000200001522898674,0.001300009898841381,0.34079999022651464,9.224800000083633
No Hit Detection,True,False,True,True,26,9.579600009601563,0.000100000761449337,0.000800006091594696,0.2902999985963106,9.870800015050918
No Hit Detection,True,False,True,True,27,9.153799997875467,0.000300002284348011,0.0011999945854768157,0.33409999741706997,9.489399992162362
No Hit Detection,True,False,True,True,28,9.146199998212978,0.000200001522898674,0.0023999891709536314,0.3480000013951212,9.496799990301952
No Hit Detection,True,False,True,True,29,8.916500009945594,0.000200001522898674,0.0009999930625781417,0.3355000080773607,9.253200012608431
No Hit Detection,True,False,True,True,30,9.053499990841374,0.000200001522898674,0.0008999923011288047,0.345499996910803,9.400099981576204
No Hit Detection,True,False,True,True,31,9.298200006014667,0.000200001522898674,0.001300009898841381,0.3618000046117231,9.66150002204813
No Hit Detection,True,False,True,True,32,9.38230000610929,0.000200001522898674,0.001400010660290718,0.33129999064840376,9.715200008940883
No Hit Detection,True,False,True,True,33,9.631500011892058,0.000200001522898674,0.0012999953469261527,0.3352000057930127,9.968200014554895
No Hit Detection,True,False,True,True,34,9.541999999783002,0.000100000761449337,0.0013999961083754897,0.3558000025805086,9.899299999233335
No Hit Detection,True,False,True,True,35,9.45769999816548,0.000200001522898674,0.0010999938240274787,0.29739999445155263,9.75639998796396
No Hit Detection,True,False,True,True,36,9.78830001258757,0.000200001522898674,0.0010999938240274787,0.30440000409726053,10.094000012031756
No Hit Detection,True,False,True,True,37,9.64899999962654,0.000100000761449337,0.001300009898841381,0.35659999412018806,10.007000004407018
No Hit Detection,True,False,True,True,38,9.792299999389797,0.000200001522898674,0.0011999945854768157,0.3440000000409782,10.137699995539151
No Hit Detection,True,False,True,True,39,9.611400004359894,0.000200001522898674,0.0010999938240274787,0.30590000096708536,9.918600000673905
No Hit Detection,True,False,True,True,40,9.955300003639422,0.000200001522898674,0.0014999968698248267,0.3277000068919733,10.28470000892412
No Hit Detection,True,False,True,True,41,9.707200006232597,0.000200001522898674,0.0013999961083754897,0.3426000039326027,10.051400007796474
No Hit Detection,True,False,True,True,42,9.612200010451488,0.000200001522898674,0.0012999953469261527,0.35450000723358244,9.968200014554895
No Hit Detection,True,False,True,True,43,9.995200001867488,0.000200001522898674,0.0023999891709536314,0.3313999914098531,10.329199983971193
No Hit Detection,True,False,True,True,44,10.298599998350255,0.000200001522898674,0.0014999968698248267,0.2891999902203679,10.589499986963347
No Hit Detection,True,False,True,True,45,9.882099999231286,0.000200001522898674,0.0022000021999701858,0.3249000001233071,10.209400003077462
No Hit Detection,True,False,True,True,46,9.738300010212697,0.000200001522898674,0.0018999999156221747,0.334399999701418,10.074800011352636
No Hit Detection,True,False,True,True,47,9.553800002322532,0.000200001522898674,0.0013999961083754897,0.32669999927747995,9.882099999231286
No Hit Detection,True,False,True,True,48,13.047000000369735,0.000100000761449337,0.002800006768666208,0.33660000190138817,13.386500009801239
No Hit Detection,True,False,True,True,49,10.471900008269586,0.000200001522898674,0.0012999953469261527,0.34830000367946923,10.82170000881888
No Hit Detection,True,False,True,True,50,12.1964999998454,0.000200001522898674,0.0022999884095042944,0.4393999988678843,12.638399988645688
No Hit Detection,True,False,True,True,51,12.144899999839254,0.000200001522898674,0.0013999961083754897,0.33660000190138817,12.483099999371916
No Hit Detection,True,False,True,True,52,12.57209999312181,0.000200001522898674,0.0013999961083754897,0.3466000052867457,12.92029999603983
No Hit Detection,True,False,True,True,53,12.030400001094677,0.000400003045797348,0.0017999991541728377,0.42449998727533966,12.457099990569986
No Hit Detection,True,False,True,True,54,11.05579998693429,0.000200001522898674,0.0024000037228688598,0.4619999963324517,11.520399988512509
No Hit Detection,True,False,True,True,55,9.352699998999014,0.000200001522898674,0.0016999983927235007,0.3274000046076253,9.682000003522262
No Hit Detection,True,False,True,True,56,9.653000000980683,0.000200001522898674,0.0016999983927235007,0.34559999767225236,10.000499998568557
No Hit Detection,True,False,True,True,57,10.4527999938,0.000200001522898674,0.0020000006770715117,0.35319999733474106,10.80819999333471
No Hit Detection,True,False,True,True,58,9.779800006072037,0.000200001522898674,0.0020999868866056204,0.3265999985160306,10.108699992997572
No Hit Detection,True,False,True,True,59,9.815400000661612,0.000200001522898674,0.0015999976312741637,0.34940001205541193,10.166600011871196
No Hit Detection,True,False,True,True,60,9.604799997759983,0.000200001522898674,0.0016999983927235007,0.33090000215452164,9.937599999830127
No Hit Detection,True,False,True,True,61,9.51329999952577,0.000100000761449337,0.0012999953469261527,0.34330000926274806,9.858000004896894
No Hit Detection,True,False,True,True,62,9.491699995123781,0.000200001522898674,0.001100008375942707,0.3527999942889437,9.845799999311566
No Hit Detection,True,False,True,True,63,9.91269999940414,0.000300002284348011,0.0012999953469261527,0.32970000756904483,10.244000004604459
No Hit Detection,True,False,True,True,64,9.635499998694286,0.000200001522898674,0.0011999945854768157,0.2869000018108636,9.923799996613525
No Hit Detection,True,False,True,True,65,9.519100000034086,0.000200001522898674,0.0009999930625781417,0.3288000007160008,9.849099995335564
No Hit Detection,True,False,True,True,66,9.44530000560917,0.000200001522898674,0.0013999961083754897,0.3542000049492344,9.801100008189678
No Hit Detection,True,False,True,True,67,10.198299991316162,0.000200001522898674,0.001200009137392044,0.3564999933587387,10.556199995335191
No Hit Detection,True,False,True,True,68,10.540200004470535,0.000200001522898674,0.0014999968698248267,0.3260999947087839,10.867999997572042
No Hit Detection,True,False,True,True,69,9.933399996953085,0.000100000761449337,0.0013999961083754897,0.3212000010535121,10.256099994876422
No Hit Detection,True,False,True,True,70,10.145200008992106,0.000200001522898674,0.0016999983927235007,0.32469999860040843,10.471800007508136
No Hit Detection,True,False,True,True,71,9.601500001735985,0.000200001522898674,0.0015999976312741637,0.31709999893791974,9.920399999828078
No Hit Detection,True,False,True,True,72,9.550900009344332,0.000200001522898674,0.0016999983927235007,0.34919999598059803,9.902000005240552
No Hit Detection,True,False,True,True,73,10.330999997677281,0.000100000761449337,0.0011999945854768157,0.33379999513272196,10.66609998815693
No Hit Detection,True,False,True,True,74,9.388300008140504,0.000200001522898674,0.001100008375942707,0.32900000223889947,9.718600020278245
No Hit Detection,True,False,True,True,75,9.502799992333166,0.000200001522898674,0.0010999938240274787,0.4856000014115125,9.989699989091605
No Hit Detection,True,False,True,True,76,9.528499998850748,0.000200001522898674,0.001300009898841381,0.36360000376589596,9.893600014038384
No Hit Detection,True,False,True,True,77,9.461800000281073,0.00019998697098344564,0.0009999930625781417,0.35740000021178275,9.820399980526417
No Hit Detection,True,False,True,True,78,9.518400009255856,9.998620953410864e-05,0.00100000761449337,0.33650000113993883,9.856000004219823
No Hit Detection,True,False,True,True,79,9.925200007273816,0.000200001522898674,0.0023999891709536314,0.39399998786393553,10.321799985831603
No Hit Detection,True,False,True,True,80,11.411699990276247,0.00019998697098344564,0.0023000029614195228,0.29570001061074436,11.709899990819395
No Hit Detection,True,False,True,True,81,10.427799992612563,0.000200001522898674,0.0013999961083754897,0.3614000015659258,10.790799991809763
No Hit Detection,True,False,True,True,82,10.28230000520125,0.000200001522898674,0.0025999906938523054,0.37980001070536673,10.664900008123368
No Hit Detection,True,False,True,True,83,10.321399997337721,0.00019998697098344564,0.0018999999156221747,0.3264999977545813,10.649999981978908
No Hit Detection,True,False,True,True,84,10.159399986150675,0.000200001522898674,0.001400010660290718,0.3004000027431175,10.461400001076981
No Hit Detection,True,False,True,True,85,10.35569999658037,0.000200001522898674,0.0015999976312741637,0.29549999453593045,10.652999990270473
No Hit Detection,True,False,True,True,86,10.016699990956113,0.00100000761449337,0.002800006768666208,0.31850000959821045,10.339000014937483
No Hit Detection,True,False,True,True,87,10.534700006246567,0.000200001522898674,0.0016999983927235007,0.3093000123044476,10.845900018466637
No Hit Detection,True,False,True,True,88,10.270399987348355,0.000200001522898674,0.0021000014385208488,0.2933999930974096,10.566099983407184
No Hit Detection,True,False,True,True,89,10.150800007977523,0.000200001522898674,0.003100009053014219,0.31189998844638467,10.46600000699982
No Hit Detection,True,False,True,True,90,10.075999991386198,0.000200001522898674,0.0017999991541728377,0.29149999318178743,10.369499985245056
No Hit Detection,True,False,True,True,91,10.456799995154142,0.000300002284348011,0.006900008884258568,0.3169000119669363,10.780900018289685
No Hit Detection,True,False,True,True,92,10.143600011360832,0.000200001522898674,0.0016999983927235007,0.3108999953838065,10.45640000666026
No Hit Detection,True,False,True,True,93,9.995800006436184,0.000200001522898674,0.0012999953469261527,0.2871000033337623,10.284400006639771
No Hit Detection,True,False,True,True,94,10.40830000420101,0.000300002284348011,0.001600012183189392,0.3434000100241974,10.753600028692745
No Hit Detection,True,False,True,True,95,10.019499997724779,0.000200001522898674,0.0016999983927235007,0.3397000109544024,10.361100008594804
No Hit Detection,True,False,True,True,96,10.435800009872764,0.000200001522898674,0.001500011421740055,0.3263000107835978,10.763800033601001
No Hit Detection,True,False,True,True,97,10.116999997990206,0.000200001522898674,0.0025000044843181968,0.3339000104460865,10.45360001444351
No Hit Detection,True,False,True,True,98,9.69999999506399,0.000200001522898674,0.0015999976312741637,0.35099999513477087,10.052799989352934
No Hit Detection,True,False,True,True,99,9.80090000666678,0.000100000761449337,0.001300009898841381,0.31879999733064324,10.121100014657713
No Hit Detection,True,False,True,True,100,10.111800002050586,0.000200001522898674,0.0022000021999701858,0.38320000749081373,10.497400013264269
No Hit Detection,True,False,True,True,101,9.976499990443699,0.00029998773243278265,0.0016999983927235007,0.29540000832639635,10.273899984895252
No Hit Detection,True,False,True,True,102,17.812299993238412,0.000100000761449337,0.0021000014385208488,0.40639999497216195,18.220899990410544
No Hit Detection,True,False,True,True,103,16.297300011501648,0.000300002284348011,0.0023999891709536314,0.43750001350417733,16.737500016461127
No Hit Detection,True,False,True,True,104,12.528800012660213,0.000300002284348011,0.0026000052457675338,0.3625000099418685,12.894200030132197
No Hit Detection,True,False,True,True,105,11.208600000827573,0.000200001522898674,0.0045000051613897085,0.31740000122226775,11.53070000873413
No Hit Detection,True,False,True,True,106,10.503900004550815,0.00029998773243278265,0.0015999976312741637,0.3358999965712428,10.841699986485764
No Hit Detection,True,False,True,True,107,10.136500000953674,0.000200001522898674,0.0015999976312741637,0.35280000884085894,10.491100008948706
No Hit Detection,True,False,True,True,108,10.637400002451614,0.000100000761449337,0.0013999961083754897,0.3623000084189698,11.001200007740408
No Hit Detection,True,False,True,True,109,12.015300002531148,0.000200001522898674,0.001300009898841381,0.33039999834727496,12.347200012300164
No Hit Detection,True,False,True,True,110,11.882699996931478,0.000200001522898674,0.0014999968698248267,0.4015000013168901,12.285899996641092
No Hit Detection,True,False,True,True,111,10.609599994495511,0.000200001522898674,0.0014999968698248267,0.3249000001233071,10.936199993011542
No Hit Detection,True,False,True,True,112,10.265799995977432,0.000200001522898674,0.001400010660290718,0.3183999942848459,10.585800002445467
No Hit Detection,True,False,True,True,113,9.950299994670786,0.000200001522898674,0.0013999961083754897,0.3499000013107434,10.301799993612804
No Hit Detection,True,False,True,True,114,10.435099989990704,0.000200001522898674,0.0017999991541728377,0.3462000022409484,10.783299992908724
No Hit Detection,True,False,True,True,115,10.309999997843988,0.000200001522898674,0.001100008375942707,0.32449999707750976,10.63580000482034
No Hit Detection,True,False,True,True,116,10.296299995388836,0.000200001522898674,0.0015999976312741637,0.37590001011267304,10.674000004655682
No Hit Detection,True,False,True,True,117,10.147200009669177,0.000200001522898674,0.0022999884095042944,0.3501999890431762,10.499899988644756
No Hit Detection,True,False,True,True,118,10.6114000082016,0.000200001522898674,0.0014999968698248267,0.3193000011378899,10.932400007732213
No Hit Detection,True,False,True,True,119,12.00770000286866,0.00039998849388211966,0.0021000014385208488,0.4721000004792586,12.482299993280321
No Hit Detection,True,False,True,True,120,10.362199987866916,0.00019998697098344564,0.0012999953469261527,0.331000002915971,10.694699973100796
No Hit Detection,True,False,True,True,121,10.688700000173412,0.000200001522898674,0.0014999968698248267,0.3453999961493537,11.03579999471549
No Hit Detection,True,False,True,True,122,12.454199997591786,0.000200001522898674,0.001600012183189392,0.342100000125356,12.79810001142323
No Hit Detection,True,False,True,True,123,10.441099992021918,0.000300002284348011,0.001500011421740055,0.33560000883881,10.778500014566816
No Hit Detection,True,False,True,True,124,9.889699998893775,0.000200001522898674,0.0014999968698248267,0.3231999871786684,10.214599984465167
No Hit Detection,True,False,True,True,125,10.143899999093264,0.000200001522898674,0.0012999953469261527,0.32560000545345247,10.471000001416542
No Hit Detection,True,False,True,True,126,9.970699989935383,0.000200001522898674,0.0011999945854768157,0.32530000316910446,10.297399989212863
No Hit Detection,True,False,True,True,127,10.421500002848916,0.00039998849388211966,0.0016999983927235007,0.32360000477638096,10.747199994511902
No Hit Detection,True,False,True,True,128,11.400700008380227,0.000200001522898674,0.001300009898841381,0.35909999860450625,11.761300018406473
No Hit Detection,True,False,True,True,129,12.319100002059713,0.000200001522898674,0.0015999976312741637,0.3566999948816374,12.677599996095523
No Hit Detection,True,False,True,True,130,11.38599999831058,0.000200001522898674,0.0009999930625781417,0.3259000077378005,11.713100000633858
No Hit Detection,True,False,True,True,131,11.313199996948242,0.00019998697098344564,0.00100000761449337,0.31400000443682075,11.62839999597054
No Hit Detection,True,False,True,True,132,11.261199993896298,0.000200001522898674,0.001100008375942707,0.30440000409726053,11.5669000078924
No Hit Detection,True,False,True,True,133,10.84820000687614,0.000200001522898674,0.001200009137392044,0.31990000570658594,11.169500023243017
No Hit Detection,True,False,True,True,134,10.837600013474002,0.000200001522898674,0.00100000761449337,0.3203999949619174,11.159200017573312
No Hit Detection,True,False,True,True,135,10.781400007545017,0.000300002284348011,0.0009999930625781417,0.31030000536702573,11.093000008258969
No Hit Detection,True,False,True,True,136,10.737499993410893,0.000200001522898674,0.0009999930625781417,0.2784000098472461,11.017099997843616
No Hit Detection,True,False,True,True,137,10.752300004241988,0.000200001522898674,0.0011999945854768157,0.2882999979192391,11.041999998269603
No Hit Detection,True,False,True,True,138,11.633200003416277,0.000200001522898674,0.0010999938240274787,0.3208999987691641,11.955399997532368
No Hit Detection,True,False,True,True,139,10.40689999354072,0.000100000761449337,0.0011999945854768157,0.3296000068075955,10.73779999569524
No Hit Detection,True,False,True,True,140,9.38740000128746,0.000200001522898674,0.00100000761449337,0.4268000047886744,9.815400015213527
No Hit Detection,True,False,True,True,141,9.120899994741194,0.0004999892553314567,0.0013999961083754897,0.31099999614525586,9.433799976250157
No Hit Detection,True,False,True,True,142,10.273000007146038,0.00019998697098344564,0.0011999945854768157,0.308899994706735,10.583299983409233
No Hit Detection,True,False,True,True,143,9.380999996210448,0.000100000761449337,0.001300009898841381,0.28240001120138913,9.664800018072128
No Hit Detection,True,False,True,True,144,9.713999999803491,0.000100000761449337,0.001200009137392044,0.3583999932743609,10.073700002976693
No Hit Detection,True,False,True,True,145,10.202899997239001,0.00019998697098344564,0.00100000761449337,0.3495999990263954,10.553699990850873
No Hit Detection,True,False,True,True,146,9.182000008877367,0.000200001522898674,0.0011999945854768157,0.2862000110326335,9.469600016018376
No Hit Detection,True,False,True,True,147,9.192299999995157,0.000100000761449337,0.00100000761449337,0.2995999966515228,9.493000005022623
No Hit Detection,True,False,True,True,148,9.270599999581464,0.000200001522898674,0.0008999923011288047,0.3310999891255051,9.602799982530996
No Hit Detection,True,False,True,True,149,9.634499991079792,0.00019998697098344564,0.0020000006770715117,0.4305000038584694,10.067199982586317
No Hit Detection,True,False,True,True,150,9.46970000222791,0.000200001522898674,0.001200009137392044,0.3341999981785193,9.80530001106672
No Hit Detection,True,False,True,True,151,9.44819999858737,0.000200001522898674,0.0010999938240274787,0.34270000469405204,9.792199998628348
No Hit Detection,True,False,True,True,152,9.534099997836165,0.000300002284348011,0.0012999953469261527,0.29599999834317714,9.831699993810616
No Hit Detection,True,False,True,True,153,9.889199995086528,0.000200001522898674,0.001300009898841381,0.31599999056197703,10.206699997070245
No Hit Detection,True,False,True,True,154,9.37790000170935,0.000100000761449337,0.0011999945854768157,0.29930000891909003,9.678500005975366
No Hit Detection,True,False,True,True,155,9.235899997293018,0.000200001522898674,0.0012999953469261527,0.26790000265464187,9.505299996817484
No Hit Detection,True,False,True,True,156,9.792600001674145,0.000300002284348011,0.0013999961083754897,0.3271000023232773,10.121400002390146
No Hit Detection,True,False,True,True,157,9.424000003491528,0.000200001522898674,0.0011999945854768157,0.3235000040149316,9.748900003614835
No Hit Detection,True,False,True,True,158,9.646500009694137,0.000100000761449337,0.0009999930625781417,0.31480001052841544,9.96240001404658
No Hit Detection,True,False,True,True,159,9.218999999575317,0.000300002284348011,0.0013999961083754897,0.30810000316705555,9.528800001135096
No Hit Detection,True,False,True,True,160,9.33200000145007,0.000200001522898674,0.001100008375942707,0.30080000578891486,9.634100017137825
No Hit Detection,True,False,True,True,161,9.557800003676675,9.998620953410864e-05,0.001200009137392044,0.30699999479111284,9.866099993814714
No Hit Detection,True,False,True,True,162,9.26519998756703,0.000300002284348011,0.0009999930625781417,0.31480001052841544,9.581299993442371
No Hit Detection,True,False,True,True,163,9.516699996311218,0.000200001522898674,0.0011999945854768157,0.3062000032514334,9.824299995671026
No Hit Detection,True,False,True,True,164,9.544200001982972,0.000200001522898674,0.001100008375942707,0.2933000068878755,9.838800018769689
No Hit Detection,True,False,True,True,165,10.17189999402035,0.000200001522898674,0.0010999938240274787,0.298400002066046,10.471599991433322
No Hit Detection,True,False,True,True,166,9.776000006240793,0.000100000761449337,0.001100008375942707,0.30849999166093767,10.085700007039122
No Hit Detection,True,False,True,True,167,10.642099994583987,0.000200001522898674,0.0014999968698248267,0.40270001045428216,11.046500003430992
No Hit Detection,True,False,True,True,168,9.607900006812997,0.000100000761449337,0.0011999945854768157,0.3415000101085752,9.950700012268499
No Hit Detection,True,False,True,True,169,9.531599993351847,0.000200001522898674,0.001200009137392044,0.2738999901339412,9.806899994146079
No Hit Detection,True,False,True,True,170,10.136800003238022,0.00019998697098344564,0.001200009137392044,0.34759999834932387,10.485799997695722
No Hit Detection,True,False,True,True,171,9.74879998830147,0.000300002284348011,0.001300009898841381,0.3150999982608482,10.065499998745508
No Hit Detection,True,False,True,True,172,9.604100006981753,0.000200001522898674,0.001100008375942707,0.3176000027451664,9.92300001962576
No Hit Detection,True,False,True,True,173,9.704999989480712,0.000200001522898674,0.001100008375942707,0.3083000046899542,10.014600004069507
No Hit Detection,True,False,True,True,174,9.964099997887388,0.00019998697098344564,0.001100008375942707,0.3110999969067052,10.27649999014102
No Hit Detection,True,False,True,True,175,9.862600010819733,0.000300002284348011,0.0013999961083754897,0.35180000122636557,10.216100010438822
No Hit Detection,True,False,True,True,176,10.128099995199591,0.000200001522898674,0.0012999953469261527,0.2851000026566908,10.414699994726107
No Hit Detection,True,False,True,True,177,9.945800004061311,0.000100000761449337,0.0011999945854768157,0.30050000350456685,10.247600002912804
No Hit Detection,True,False,True,True,178,9.668400001828559,0.000200001522898674,0.0011999945854768157,0.3006000042660162,9.97040000220295
No Hit Detection,True,False,True,True,179,9.96820000000298,0.000200001522898674,0.0024999899324029684,0.3968999953940511,10.367799986852333
No Hit Detection,True,False,True,True,180,10.627900002873503,0.000200001522898674,0.0018999999156221747,0.3419999993639067,10.97200000367593
No Hit Detection,True,False,True,True,181,10.02380000136327,0.00019998697098344564,0.0021000014385208488,0.33229999826289713,10.358399988035671
No Hit Detection,True,False,True,True,182,10.64750000659842,0.000300002284348011,0.007800001185387373,0.45390000741463155,11.109500017482787
No Hit Detection,True,False,True,True,183,10.770599998068064,0.000200001522898674,0.0018999999156221747,0.308599992422387,11.081299991928972
No Hit Detection,True,False,True,True,184,11.255300007178448,0.000200001522898674,0.0021000014385208488,0.3259999939473346,11.583600004087202
No Hit Detection,True,False,True,True,185,10.850400009076111,0.000200001522898674,0.0017999991541728377,0.3023000026587397,11.154700012411922
No Hit Detection,True,False,True,True,186,11.361099997884594,0.000200001522898674,0.0016999983927235007,0.3169999981764704,11.679999995976686
No Hit Detection,True,False,True,True,187,10.487799998372793,0.00019998697098344564,0.0015999976312741637,0.3400999994482845,10.829699982423335
No Hit Detection,True,False,True,True,188,10.743100006948225,0.000100000761449337,0.0012999953469261527,0.3116000007139519,11.056100003770553
No Hit Detection,True,False,True,True,189,11.11420000961516,0.000200001522898674,0.006000002031214535,0.5703000060748309,11.690700019244105
No Hit Detection,True,False,True,True,190,10.832400002982467,0.000400003045797348,0.0012999953469261527,0.35689999640453607,11.190999997779727
No Hit Detection,True,False,True,True,191,10.786700004246086,0.000300002284348011,0.003100009053014219,0.35430000571068376,11.144400021294132
No Hit Detection,True,False,True,True,192,12.246799989952706,0.0008999923011288047,0.0043000036384910345,0.4388999950606376,12.690899980952963
No Hit Detection,True,False,True,True,193,11.591500006034039,0.000300002284348011,0.0015999976312741637,0.3315999929327518,11.924999998882413
No Hit Detection,True,False,True,True,194,11.472099999082275,0.000200001522898674,0.0012999953469261527,0.31519999902229756,11.788799994974397
No Hit Detection,True,False,True,True,195,11.162399998283945,0.000300002284348011,0.0018999999156221747,0.3315999929327518,11.496199993416667
No Hit Detection,True,False,True,True,196,10.448399989400059,0.00019998697098344564,0.0032999960239976645,0.34749999758787453,10.799399969982915
No Hit Detection,True,False,True,True,197,10.593400002107956,0.000200001522898674,0.0015999976312741637,0.31489999673794955,10.910099998000078
No Hit Detection,True,False,True,True,198,10.5801000026986,0.000200001522898674,0.0013999961083754897,0.3510000096866861,10.93270001001656
No Hit Detection,True,False,True,True,199,10.18669999029953,0.000200001522898674,0.0015999976312741637,0.3690000012284145,10.557499990682118
No Hit Detection,True,False,True,True,200,10.216599999694154,0.000200001522898674,0.0018999999156221747,0.3274000046076253,10.5461000057403
No Hit Detection,True,False,True,True,201,10.098799990373664,0.000200001522898674,0.0020000006770715117,0.34130000858567655,10.44230000115931
No Hit Detection,True,False,True,True,202,10.259099988616072,0.000200001522898674,0.0024000037228688598,0.3243999963160604,10.5860999901779
No Hit Detection,True,False,True,True,203,11.561099992832169,0.000200001522898674,0.0016999983927235007,0.3735000063898042,11.936499999137595
No Hit Detection,True,False,True,True,204,11.801200002082624,0.000200001522898674,0.001400010660290718,0.28809999639634043,12.090900010662153
No Hit Detection,True,False,True,True,205,11.078799987444654,0.00019998697098344564,0.00100000761449337,0.34189999860245734,11.421899980632588
No Hit Detection,True,False,True,True,206,10.925499998847954,0.000200001522898674,0.001100008375942707,0.4093000025022775,11.336100011249073
No Hit Detection,True,False,True,True,207,11.39349999721162,0.00019998697098344564,0.001200009137392044,0.3463999892119318,11.741299982531928
No Hit Detection,True,False,True,True,208,10.99340000655502,0.000300002284348011,0.001600012183189392,0.4329000075813383,11.428200028603896
No Hit Detection,True,False,True,True,209,12.21129999612458,0.000200001522898674,0.0015999976312741637,0.32130000181496143,12.534399997093715
No Hit Detection,True,False,True,True,210,14.360200002556667,0.000300002284348011,0.001800013706088066,0.33009999606292695,14.69240001461003
No Hit Detection,True,False,True,True,211,12.710099996183999,0.000400003045797348,0.0017999991541728377,0.4250999918440357,13.137399990228005
No Hit Detection,True,False,True,True,212,15.031899994937703,0.000200001522898674,0.0015999976312741637,0.39909999759402126,15.432799991685897
No Hit Detection,True,False,True,True,213,11.085399994044565,0.000400003045797348,0.003600012860260904,0.44299999717622995,11.532400007126853
No Hit Detection,True,False,True,True,214,11.238099992624484,0.000300002284348011,0.0017999991541728377,0.41939999209716916,11.659599986160174
No Hit Detection,True,False,True,True,215,11.3714000035543,0.00019998697098344564,0.0013999961083754897,0.31770000350661576,11.690699990140274
No Hit Detection,True,False,True,True,216,10.937200000626035,0.00029998773243278265,0.0014999968698248267,0.3091000107815489,11.248099996009842
No Hit Detection,True,False,True,True,217,10.928699994110502,0.000200001522898674,0.001300009898841381,0.3085000062128529,11.238700011745095
No Hit Detection,True,False,True,True,218,10.885499999858439,0.000200001522898674,0.0012999953469261527,0.3093999985139817,11.196399995242245
No Hit Detection,True,False,True,True,219,10.82519999181386,0.000200001522898674,0.0039000005926936865,0.33480000274721533,11.164099996676669
No Hit Detection,True,False,True,True,220,11.66029999149032,0.00029998773243278265,0.0015999976312741637,0.37599999632220715,12.038199973176233
No Hit Detection,True,False,True,True,221,10.822000011103228,0.000200001522898674,0.0012999953469261527,0.2896999940276146,11.113200002000667
No Hit Detection,True,False,True,True,222,11.419799993745983,0.000200001522898674,0.0013999961083754897,0.3741999971680343,11.795599988545291
No Hit Detection,True,False,True,True,223,11.798100007581525,0.000500003807246685,0.0016999983927235007,0.3257000062149018,12.126000015996397
No Hit Detection,True,False,True,True,224,11.587300003156997,0.000300002284348011,0.0017999991541728377,0.3456999984337017,11.93510000302922
No Hit Detection,True,False,True,True,225,11.840799998026341,0.000200001522898674,0.001100008375942707,0.30989998776931316,12.151999995694496
No Hit Detection,True,False,True,True,226,11.028499997337349,0.000300002284348011,0.0018999999156221747,0.35770000249613076,11.38840000203345
No Hit Detection,True,False,True,True,227,11.849100003018975,0.00029998773243278265,0.0015999976312741637,0.28839999868068844,12.13939998706337
No Hit Detection,True,False,True,True,228,14.354300001286902,0.000200001522898674,0.0010999938240274787,0.41399999463465065,14.769599991268478
No Hit Detection,True,False,True,True,229,11.228899995330721,0.000200001522898674,0.0013999961083754897,0.3635000030044466,11.593999995966442
No Hit Detection,True,False,True,True,230,11.732999992091209,0.000200001522898674,0.001500011421740055,0.3870000073220581,12.121700012357906
No Hit Detection,True,False,True,True,231,10.71790000423789,0.000300002284348011,0.0012999953469261527,0.3149999974993989,11.034499999368563
No Hit Detection,True,False,True,True,232,10.715500000515021,0.00039998849388211966,0.0012999953469261527,0.301799998851493,11.018999983207323
No Hit Detection,True,False,True,True,233,10.499500000150874,0.000200001522898674,0.0011999945854768157,0.35509999725036323,10.855999993509613
No Hit Detection,True,False,True,True,234,10.652500001015142,0.000200001522898674,0.00100000761449337,0.3536000003805384,11.007300010533072
No Hit Detection,True,False,True,True,235,10.464399994816631,0.000200001522898674,0.0011999945854768157,0.3041000018129125,10.769899992737919
No Hit Detection,True,False,True,True,236,10.707499997806735,0.000200001522898674,0.001100008375942707,0.2952999930130318,11.004100000718608
No Hit Detection,True,False,True,True,237,10.59210000676103,0.000200001522898674,0.001500011421740055,0.2826000127242878,10.876400032429956
No Hit Detection,True,False,True,True,238,10.598699998809025,0.00029998773243278265,0.0012999953469261527,0.2886000002035871,10.88889998209197
No Hit Detection,True,False,True,True,239,12.1964999998454,0.000200001522898674,0.0009999930625781417,0.39509999623987824,12.592799990670756
No Hit Detection,True,False,True,True,240,10.058400002890266,0.000300002284348011,0.001100008375942707,0.3243999963160604,10.384200009866618
No Hit Detection,True,False,True,True,241,10.80079999519512,0.000200001522898674,0.0011999945854768157,0.3209999995306134,11.12319999083411
No Hit Detection,True,False,True,True,242,12.492399997427128,0.00029998773243278265,0.0010999938240274787,0.28509998810477555,12.778899967088364
No Hit Detection,True,False,True,True,243,12.26410000526812,0.000400003045797348,0.00100000761449337,0.2877000079024583,12.553200023830868
No Hit Detection,True,False,True,True,244,13.105000005452894,0.00029998773243278265,0.0014999968698248267,0.3192000003764406,13.425999990431592
No Hit Detection,True,False,True,True,245,12.842199997976422,0.00019998697098344564,0.0014999968698248267,0.31429999216925353,13.158199973986484
No Hit Detection,True,False,True,True,246,11.413300002459437,0.000300002284348011,0.001200009137392044,0.2749999985098839,11.68980001239106
No Hit Detection,True,False,True,True,247,11.64769999741111,0.000200001522898674,0.001100008375942707,0.28330000350251794,11.932300010812469
No Hit Detection,True,False,True,True,248,11.781799999880604,0.000200001522898674,0.0010999938240274787,0.3235000040149316,12.106599999242462
No Hit Detection,True,False,True,True,249,12.359400003333576,0.000200001522898674,0.001500011421740055,0.39939999987836927,12.760500016156584
No Hit Detection,True,False,True,True,250,12.875700005679391,0.000300002284348011,0.001300009898841381,0.41059999784920365,13.287900015711784
No Hit Detection,True,False,True,True,251,11.455499989097007,0.000300002284348011,0.0018999999156221747,0.42130000656470656,11.878999997861683
No Hit Detection,True,False,True,True,252,10.729599991464056,0.00029998773243278265,0.0016999983927235007,0.3245999978389591,11.056199975428171
No Hit Detection,True,False,True,True,253,10.646800001268275,0.000200001522898674,0.0016999983927235007,0.42640000174287707,11.075100002926774
No Hit Detection,True,False,True,True,254,11.470299999928102,0.000200001522898674,0.001300009898841381,0.32419999479316175,11.796000006143004
No Hit Detection,True,False,True,True,255,10.610799989080988,0.000300002284348011,0.0013999961083754897,0.3097000007983297,10.922199988272041
No Hit Detection,True,False,True,True,256,10.702700004912913,0.00039998849388211966,0.0013999961083754897,0.34420000156387687,11.048699991079047
No Hit Detection,True,False,True,True,257,10.313100006897002,0.000200001522898674,0.0012999953469261527,0.31570000282954425,10.630300006596372
No Hit Detection,True,False,True,True,258,10.672199990949593,9.998620953410864e-05,0.00100000761449337,0.3397999971639365,11.013099981937557
No Hit Detection,True,False,True,True,259,11.123300006147474,0.000200001522898674,0.0018999999156221747,0.3403000009711832,11.465700008557178
No Hit Detection,True,False,True,True,260,11.498899999423884,0.000200001522898674,0.0010999938240274787,0.42300000495743006,11.92319999972824
No Hit Detection,True,False,True,True,261,11.079500007326715,0.000300002284348011,0.0010999938240274787,0.3406000032555312,11.421500006690621
No Hit Detection,True,False,True,True,262,11.323400001856498,0.000300002284348011,0.0014999968698248267,0.3668999997898936,11.692100000800565
No Hit Detection,True,False,True,True,263,10.714400006690994,0.00019998697098344564,0.0015999976312741637,0.34389999927952886,11.06009999057278
No Hit Detection,True,False,True,True,264,10.38690000132192,0.000200001522898674,0.0012999953469261527,0.39960000140126795,10.787999999593012
No Hit Detection,True,False,True,True,265,10.363699999288656,0.000200001522898674,0.001400010660290718,0.31259999377653,10.677900005248375
No Hit Detection,True,False,True,True,266,12.371700009680353,0.000200001522898674,0.0014999968698248267,0.34509999386500567,12.718500001938082
No Hit Detection,True,False,True,True,267,10.478500000317581,0.000300002284348011,0.001300009898841381,0.31439999293070287,10.794500005431473
No Hit Detection,True,False,True,True,268,10.215799993602559,0.000200001522898674,0.0014999968698248267,0.3324999997857958,10.549999991781078
No Hit Detection,True,False,True,True,269,10.399000006145798,0.000200001522898674,0.0018999999156221747,0.3350999904796481,10.736199998063967
No Hit Detection,True,False,True,True,270,10.1719999947818,0.000200001522898674,0.0016999983927235007,0.5255000141914934,10.699400008888915
No Hit Detection,True,False,True,True,271,11.132999992696568,0.000200001522898674,0.001100008375942707,0.3428000054555014,11.477100008050911
No Hit Detection,True,False,True,True,272,10.198700008913875,0.000200001522898674,0.0016999983927235007,0.32050001027528197,10.521100019104779
No Hit Detection,True,False,True,True,273,10.592400009045377,0.000200001522898674,0.001200009137392044,0.3684999974211678,10.962300017126836
No Hit Detection,True,False,True,True,274,10.347399991587736,0.000200001522898674,0.0010999938240274787,0.30050000350456685,10.649199990439229
No Hit Detection,True,False,True,True,275,10.40100000682287,0.000200001522898674,0.0009999930625781417,0.2810000005410984,10.683200001949444
No Hit Detection,True,False,True,True,276,10.4016999976011,0.000200001522898674,0.001100008375942707,0.28819999715778977,10.69120000465773
No Hit Detection,True,False,True,True,277,10.047900010249577,0.000200001522898674,0.0012999953469261527,0.32390000706072897,10.373300014180131
No Hit Detection,True,False,True,True,278,10.785799997393042,0.000100000761449337,0.0016999983927235007,0.3192000003764406,11.106799996923655
No Hit Detection,True,False,True,True,279,10.99120000435505,0.000200001522898674,0.0012999953469261527,0.4251000063959509,11.417800007620826
No Hit Detection,True,False,True,True,280,11.049199994886294,0.000200001522898674,0.0010999938240274787,0.38610000046901405,11.436599990702234
No Hit Detection,True,False,True,True,281,11.116599998786114,0.000200001522898674,0.0021000014385208488,0.37560000782832503,11.494500009575859
No Hit Detection,True,False,True,True,282,10.713099996792153,0.000400003045797348,0.001600012183189392,0.3530999965732917,11.068200008594431
No Hit Detection,True,False,True,True,283,9.889199995086528,0.000200001522898674,0.0014999968698248267,0.2869000018108636,10.177799995290115
No Hit Detection,True,False,True,True,284,10.238399991067126,0.000100000761449337,0.0010999938240274787,0.3130000113742426,10.552599997026846
No Hit Detection,True,False,True,True,285,10.313699996913783,0.000200001522898674,0.001400010660290718,0.3180999920004979,10.63340000109747
No Hit Detection,True,False,True,True,286,9.769299998879433,9.998620953410864e-05,0.0010999938240274787,0.3530999965732917,10.123599975486286
No Hit Detection,True,False,True,True,287,10.365800000727177,0.000200001522898674,0.0014999968698248267,0.331000002915971,10.698500002035871
No Hit Detection,True,False,True,True,288,9.80080000590533,0.000200001522898674,0.0014999968698248267,0.33510000503156334,10.137600009329617
No Hit Detection,True,False,True,True,289,10.932699995464645,0.000200001522898674,0.0011999945854768157,0.3184000088367611,11.252500000409782
No Hit Detection,True,False,True,True,290,9.563100000377744,0.000200001522898674,0.0010999938240274787,0.31829999352339655,9.882699989248067
No Hit Detection,True,False,True,True,291,10.068499992485158,0.000300002284348011,0.0013999961083754897,0.3166000096825883,10.38680000056047
No Hit Detection,True,False,True,True,292,9.538099999190308,0.000300002284348011,0.0011999945854768157,0.31990000570658594,9.859500001766719
No Hit Detection,True,False,True,True,293,9.538199999951757,0.000200001522898674,0.0013999961083754897,0.33379999513272196,9.873599992715754
No Hit Detection,True,False,True,True,294,9.922699988237582,0.000300002284348011,0.0009999930625781417,0.33009999606292695,10.254099979647435
No Hit Detection,True,False,True,True,295,9.449699995457195,0.000200001522898674,0.001100008375942707,0.3125000075669959,9.763500012923032
No Hit Detection,True,False,True,True,296,9.33699999586679,0.000200001522898674,0.001100008375942707,0.3152999997837469,9.653600005549379
No Hit Detection,True,False,True,True,297,9.337700001196936,0.000300002284348011,0.00100000761449337,0.2857000072253868,9.624700018321164
No Hit Detection,True,False,True,True,298,9.34150000102818,0.000200001522898674,0.0009999930625781417,0.29159999394323677,9.634299989556894
No Hit Detection,True,False,True,True,299,9.524999986751936,0.000200001522898674,0.0008999923011288047,0.28530000417958945,9.811399984755553
No Temporal,True,True,False,True,0,14.105399997788481,0.0010999938240274787,0.000400003045797348,0.6788000027881935,14.7856999974465
No Temporal,True,True,False,True,1,11.398499991628341,0.001200009137392044,0.000300002284348011,0.31460000900551677,11.714600012055598
No Temporal,True,True,False,True,2,10.513000001083128,0.000700005330145359,0.000200001522898674,0.31040000612847507,10.824300014064647
No Temporal,True,True,False,True,3,9.950300009222701,0.0010999938240274787,0.000200001522898674,0.29039999935775995,10.242000003927387
No Temporal,True,True,False,True,4,9.773300000233576,0.000800006091594696,0.000100000761449337,0.2889000024879351,10.063100009574555
No Temporal,True,True,False,True,5,9.851599999819882,0.0007999915396794677,0.000400003045797348,0.31439999293070287,10.167199987336062
No Temporal,True,True,False,True,6,11.133000007248484,0.001100008375942707,0.000200001522898674,0.34640000376384705,11.480700020911172
No Temporal,True,True,False,True,7,10.874300001887605,0.000700005330145359,0.000300002284348011,0.3121999907307327,11.18750000023283
No Temporal,True,True,False,True,8,10.534400003962219,0.000700005330145359,0.000100000761449337,0.2960999991046265,10.83130000915844
No Temporal,True,True,False,True,9,10.057300009066239,0.0007999915396794677,0.000200001522898674,0.36020000698044896,10.418500009109266
No Temporal,True,True,False,True,10,10.230200001387857,0.0010999938240274787,0.000200001522898674,0.3392999933566898,10.570799990091473
No Temporal,True,True,False,True,11,9.783899993635714,0.000800006091594696,0.0006999907782301307,0.308599992422387,10.093999982927926
No Temporal,True,True,False,True,12,9.781200002180412,0.001200009137392044,0.00019998697098344564,0.32589999318588525,10.108499991474673
No Temporal,True,True,False,True,13,10.608500000671484,0.0012999953469261527,0.000100000761449337,0.35089999437332153,10.96079999115318
No Temporal,True,True,False,True,14,9.668699989560992,0.0013999961083754897,0.000100000761449337,0.34160001087002456,10.011799997300841
No Temporal,True,True,False,True,15,10.021200010669418,0.000700005330145359,9.998620953410864e-05,0.30949999927543104,10.331500001484528
No Temporal,True,True,False,True,16,9.550900009344332,0.000800006091594696,0.000100000761449337,0.35599998955149204,9.907800005748868
No Temporal,True,True,False,True,17,9.740599998622201,0.0009999930625781417,0.000200001522898674,0.31570000282954425,10.057499996037222
No Temporal,True,True,False,True,18,9.85630000650417,0.000800006091594696,0.000200001522898674,0.32219999411609024,10.179500008234754
No Temporal,True,True,False,True,19,10.076799997477792,0.001200009137392044,0.00100000761449337,0.3677000058814883,10.446700020111166
No Temporal,True,True,False,True,20,10.571000006166287,0.001200009137392044,0.000800006091594696,0.3578000032575801,10.930800024652854
No Temporal,True,True,False,True,21,9.57120000384748,0.0012999953469261527,0.0007999915396794677,0.3367999888723716,9.910099979606457
No Temporal,True,True,False,True,22,10.302900001988746,0.0011999945854768157,0.00100000761449337,0.3271000023232773,10.632200006511994
No Temporal,True,True,False,True,23,10.556199995335191,0.001400010660290718,0.001200009137392044,0.3555000002961606,10.914300015429035
No Temporal,True,True,False,True,24,11.824300003354438,0.0012999953469261527,0.000200001522898674,0.3905000048689544,12.216300005093217
No Temporal,True,True,False,True,25,11.677800008328632,0.0017999991541728377,0.000500003807246685,0.4371999966679141,12.117300007957965
No Temporal,True,True,False,True,26,10.467799991602078,0.000800006091594696,0.0004999892553314567,0.3218000056222081,10.790899992571212
No Temporal,True,True,False,True,27,11.482499990961514,0.000800006091594696,0.000300002284348011,0.3969999961555004,11.880599995492958
No Temporal,True,True,False,True,28,11.0452999942936,0.0009999930625781417,0.000200001522898674,0.42279998888261616,11.469299977761693
No Temporal,True,True,False,True,29,10.94750000629574,0.000700005330145359,0.00029998773243278265,0.4065999964950606,11.35509999585338
No Temporal,True,True,False,True,30,10.879100009333342,0.001200009137392044,0.000200001522898674,0.37740000698249787,11.257900026976131
No Temporal,True,True,False,True,31,10.760699995444156,0.0013999961083754897,0.000200001522898674,0.3789999900618568,11.141299983137287
No Temporal,True,True,False,True,32,10.623599999235012,0.000700005330145359,0.000200001522898674,0.36630000977311283,10.990800015861169
No Temporal,True,True,False,True,33,10.636900013196282,0.0009999930625781417,0.000200001522898674,0.3456999984337017,10.98380000621546
No Temporal,True,True,False,True,34,10.419300000648946,0.0012999953469261527,0.000300002284348011,0.3878999996231869,10.808799997903407
No Temporal,True,True,False,True,35,10.43119998939801,0.0010999938240274787,0.000300002284348011,0.3108999953838065,10.743499980890192
No Temporal,True,True,False,True,36,10.663600012776442,0.000900006853044033,0.000300002284348011,0.3243999963160604,10.989200018229894
No Temporal,True,True,False,True,37,10.57779999973718,0.0008999923011288047,0.000200001522898674,0.34749999758787453,10.926399991149083
No Temporal,True,True,False,True,38,10.286300006555393,0.0008999923011288047,0.000200001522898674,0.33900000562425703,10.626400006003678
No Temporal,True,True,False,True,39,10.306299998774193,0.000800006091594696,0.000100000761449337,0.3004000027431175,10.607600008370355
No Temporal,True,True,False,True,40,10.318800006643869,0.0020000006770715117,0.00039998849388211966,0.3437000123085454,10.664900008123368
No Temporal,True,True,False,True,41,10.428100009448826,0.001300009898841381,0.000200001522898674,0.32029999420046806,10.749900015071034
No Temporal,True,True,False,True,42,10.51200000802055,0.0013999961083754897,0.00019998697098344564,0.3620999923441559,10.875699983444065
No Temporal,True,True,False,True,43,10.324500006390736,0.0007999915396794677,0.000200001522898674,0.3228999994462356,10.64839999889955
No Temporal,True,True,False,True,44,10.655299993231893,0.0010999938240274787,0.000300002284348011,0.301499996567145,10.958199985907413
No Temporal,True,True,False,True,45,10.543700002017431,0.001100008375942707,0.000200001522898674,0.32810000993777066,10.873100021854043
No Temporal,True,True,False,True,46,10.004700001445599,0.001300009898841381,0.000300002284348011,0.32920000376179814,10.335500017390586
No Temporal,True,True,False,True,47,9.76020000234712,0.0016999983927235007,0.0014999968698248267,0.31650000892113894,10.079900006530806
No Temporal,True,True,False,True,48,10.17850000062026,0.001200009137392044,0.00100000761449337,0.31909999961499125,10.499800016987137
No Temporal,True,True,False,True,49,9.88389999838546,0.0009999930625781417,0.0010999938240274787,0.3260999947087839,10.212099979980849
No Temporal,True,True,False,True,50,10.45210000302177,0.0014999968698248267,0.0011999945854768157,0.3415000101085752,10.796300004585646
No Temporal,True,True,False,True,51,10.108299989951774,0.0013999961083754897,0.000300002284348011,0.5089000042062253,10.618899992550723
No Temporal,True,True,False,True,52,10.192299989284948,0.0011999945854768157,0.000200001522898674,0.3355999942868948,10.529299979680218
No Temporal,True,True,False,True,53,9.832099996856414,0.0010999938240274787,0.000800006091594696,0.3239999932702631,10.157999990042299
No Temporal,True,True,False,True,54,9.761299996171147,0.0010999938240274787,0.000800006091594696,0.36809999437537044,10.13129999046214
No Temporal,True,True,False,True,55,10.44240000192076,0.0015999976312741637,0.000800006091594696,0.3684999974211678,10.813300003064796
No Temporal,True,True,False,True,56,10.927900002570823,0.001300009898841381,0.000300002284348011,0.3614000015659258,11.290900016319938
No Temporal,True,True,False,True,57,9.299299999838695,0.0010999938240274787,0.00039998849388211966,0.3234000032534823,9.624199985410087
No Temporal,True,True,False,True,58,9.645800004363991,0.001100008375942707,0.000900006853044033,0.31099999614525586,9.958800015738234
No Temporal,True,True,False,True,59,10.02909999806434,0.0012999953469261527,0.000900006853044033,0.3324999997857958,10.363800000050105
No Temporal,True,True,False,True,60,10.556900000665337,0.001500011421740055,0.000900006853044033,0.3268000000389293,10.88610001897905
No Temporal,True,True,False,True,61,9.964199998648837,0.0012999953469261527,0.000700005330145359,0.34499999310355633,10.311199992429465
No Temporal,True,True,False,True,62,10.087100003147498,0.0011999945854768157,0.0009999930625781417,0.35940000088885427,10.448699991684407
No Temporal,True,True,False,True,63,10.180600002058782,0.001200009137392044,0.000200001522898674,0.3234000032534823,10.505400015972555
No Temporal,True,True,False,True,64,10.256699999445118,0.000800006091594696,0.00019998697098344564,0.30050000350456685,10.558199996012263
No Temporal,True,True,False,True,65,10.102700005518273,0.001400010660290718,0.000300002284348011,0.3887000057147816,10.493100024177693
No Temporal,True,True,False,True,66,12.479800003347918,0.0011999945854768157,0.000200001522898674,0.33989999792538583,12.82109999738168
No Temporal,True,True,False,True,67,11.517300008563325,0.0014999968698248267,0.000300002284348011,0.4074000025866553,11.926500010304153
No Temporal,True,True,False,True,68,12.931299992487766,0.0011999945854768157,0.000900006853044033,0.3370000049471855,13.270399998873472
No Temporal,True,True,False,True,69,11.963099997956306,0.0012999953469261527,0.0007999915396794677,0.3328000020701438,12.297999986913055
No Temporal,True,True,False,True,70,11.49640000949148,0.0014999968698248267,0.00100000761449337,0.3327000013086945,11.831600015284494
No Temporal,True,True,False,True,71,12.306399992667139,0.0014999968698248267,0.00100000761449337,0.33310000435449183,12.642000001505949
No Temporal,True,True,False,True,72,11.916700008441694,0.0014999968698248267,0.0013999961083754897,0.35489999572746456,12.274499997147359
No Temporal,True,True,False,True,73,11.486000003060326,0.0012999953469261527,0.001100008375942707,0.3476999991107732,11.836100005893968
No Temporal,True,True,False,True,74,11.261599996942095,0.0012999953469261527,0.0007999915396794677,0.3311000036774203,11.594799987506121
No Temporal,True,True,False,True,75,11.416899986215867,0.0011999945854768157,0.000800006091594696,0.417199989897199,11.836099976790138
No Temporal,True,True,False,True,76,12.323799994192086,0.0013999961083754897,0.0008999923011288047,0.3797999961534515,12.705899978755042
No Temporal,True,True,False,True,77,11.329799992381595,0.0015999976312741637,0.001400010660290718,0.4118999931961298,11.74469999386929
No Temporal,True,True,False,True,78,10.392900003353134,0.0007999915396794677,0.000100000761449337,0.38300000596791506,10.776800001622178
No Temporal,True,True,False,True,79,9.903900005156174,0.0010999938240274787,0.000100000761449337,0.43089999235235155,10.335999992094003
No Temporal,True,True,False,True,80,9.888400003546849,0.000900006853044033,0.000200001522898674,0.2972000074805692,10.18670001940336
No Temporal,True,True,False,True,81,10.490699991350994,0.0013999961083754897,0.000100000761449337,0.3245999978389591,10.816799986059777
No Temporal,True,True,False,True,82,10.41780000377912,0.0007999915396794677,0.000100000761449337,0.35400000342633575,10.772699999506585
No Temporal,True,True,False,True,83,10.318699991330504,0.00100000761449337,0.00019998697098344564,0.33370000892318785,10.653599994839169
No Temporal,True,True,False,True,84,10.04589999502059,0.000800006091594696,0.000100000761449337,0.298400002066046,10.34520000393968
No Temporal,True,True,False,True,85,11.293699993984774,0.00100000761449337,0.000200001522898674,0.31370000215247273,11.608600005274639
No Temporal,True,True,False,True,86,10.285600001225248,0.0009999930625781417,0.000200001522898674,0.3006999904755503,10.587499986286275
No Temporal,True,True,False,True,87,9.859599987976253,0.0006999907782301307,0.000100000761449337,0.3003999881912023,10.160799967707135
No Temporal,True,True,False,True,88,10.25199999276083,0.0007999915396794677,0.000200001522898674,0.28839999868068844,10.541399984504096
No Temporal,True,True,False,True,89,9.637900002417155,0.000800006091594696,0.000200001522898674,0.29209999775048345,9.931000007782131
No Temporal,True,True,False,True,90,9.61999999708496,0.000800006091594696,0.00019998697098344564,0.28049999673385173,9.90149998688139
No Temporal,True,True,False,True,91,9.434499996132217,0.0007999915396794677,0.000300002284348011,0.2902999985963106,9.725899988552555
No Temporal,True,True,False,True,92,9.588400003849529,0.0007999915396794677,0.000200001522898674,0.29579999682027847,9.885199993732385
No Temporal,True,True,False,True,93,9.36809999984689,0.000700005330145359,0.000200001522898674,0.29680000443477184,9.665800011134706
No Temporal,True,True,False,True,94,9.3889000127092,0.0008999923011288047,0.000100000761449337,0.3330000035930425,9.722900009364821
No Temporal,True,True,False,True,95,9.337900002719834,0.001200009137392044,0.00100000761449337,0.3226999979233369,9.662800017395057
No Temporal,True,True,False,True,96,9.550100003252737,0.0011999945854768157,0.0008999923011288047,0.3171999996993691,9.869399989838712
No Temporal,True,True,False,True,97,9.380499992403202,0.001400010660290718,0.000900006853044033,0.3254000039305538,9.70820001384709
No Temporal,True,True,False,True,98,9.439499990548939,0.0011999945854768157,0.0007999915396794677,0.3446999908192083,9.786199967493303
No Temporal,True,True,False,True,99,9.488199997576885,0.0012999953469261527,0.0008999923011288047,0.3370000049471855,9.827399990172125
No Temporal,True,True,False,True,100,9.68079999438487,0.0010999938240274787,0.0009999930625781417,0.3358999965712428,10.018799977842718
No Temporal,True,True,False,True,101,9.538199999951757,0.000800006091594696,0.000100000761449337,0.298700004350394,9.837800011155196
No Temporal,True,True,False,True,102,9.64390000444837,0.0012999953469261527,0.0006999907782301307,0.3321999975014478,9.978099988074973
No Temporal,True,True,False,True,103,9.552200004691258,0.0016999983927235007,0.000900006853044033,0.32669999927747995,9.881500009214506
No Temporal,True,True,False,True,104,10.348399999202229,0.001300009898841381,0.000800006091594696,0.32560000545345247,10.676100020646118
No Temporal,True,True,False,True,105,10.172299997066148,0.0008999923011288047,0.000200001522898674,0.29409999842755497,10.46749998931773
No Temporal,True,True,False,True,106,9.398800000781193,0.0009999930625781417,0.000200001522898674,0.291300006210804,9.691300001577474
No Temporal,True,True,False,True,107,9.685099998023361,0.0011999945854768157,0.001100008375942707,0.3499999875202775,10.037399988505058
No Temporal,True,True,False,True,108,10.978599995723926,0.001300009898841381,0.001200009137392044,0.38470000436063856,11.365800019120798
No Temporal,True,True,False,True,109,10.588899996946566,0.0015999976312741637,0.001300009898841381,0.36219999310560524,10.953999997582287
No Temporal,True,True,False,True,110,10.543799988226965,0.0014999968698248267,0.0010999938240274787,0.3525000065565109,10.898899985477328
No Temporal,True,True,False,True,111,11.627300002146512,0.0022000021999701858,0.0017999991541728377,0.371000001905486,12.002300005406141
No Temporal,True,True,False,True,112,12.388500006636605,0.0013999961083754897,0.00100000761449337,0.3507000074023381,12.741600017761812
No Temporal,True,True,False,True,113,10.804699995787814,0.0016999983927235007,0.001200009137392044,0.3580000047804788,11.165600008098409
No Temporal,True,True,False,True,114,10.501800003112294,0.000900006853044033,0.000200001522898674,0.31519999902229756,10.818100010510534
No Temporal,True,True,False,True,115,9.811000010813586,0.000900006853044033,0.0005999900167807937,0.3029000072274357,10.115400014910847
No Temporal,True,True,False,True,116,11.122099997010082,0.001800013706088066,0.001100008375942707,0.35709999792743474,11.482100017019548
No Temporal,True,True,False,True,117,10.400300001492724,0.001500011421740055,0.001200009137392044,0.337499994202517,10.740500016254373
No Temporal,True,True,False,True,118,11.211699995328672,0.0013999961083754897,0.0007999915396794677,0.337499994202517,11.551399977179244
No Temporal,True,True,False,True,119,11.596300013479777,0.0016999983927235007,0.001100008375942707,0.3949999954784289,11.994100015726872
No Temporal,True,True,False,True,120,10.068500007037073,0.0007999915396794677,0.000300002284348011,0.3505999920889735,10.420199992950074
No Temporal,True,True,False,True,121,10.504999998374842,0.000800006091594696,0.000200001522898674,0.34059998870361596,10.846599994692951
No Temporal,True,True,False,True,122,9.746499999891967,0.001200009137392044,0.0009999930625781417,0.3206999972462654,10.069399999338202
No Temporal,True,True,False,True,123,9.721000009449199,0.0016999983927235007,0.001100008375942707,0.32839999767020345,10.052200013888068
No Temporal,True,True,False,True,124,9.788400013349019,0.0012999953469261527,0.0008999923011288047,0.3304999991087243,10.121100000105798
No Temporal,True,True,False,True,125,9.899800003040582,0.0017999991541728377,0.0010999938240274787,0.3358000103617087,10.238500006380491
No Temporal,True,True,False,True,126,9.882400001515634,0.0012999953469261527,0.0009999930625781417,0.33489998895674944,10.219599978881888
No Temporal,True,True,False,True,127,11.132899991935119,0.0011999945854768157,0.0012999953469261527,0.3446000046096742,11.479999986477196
No Temporal,True,True,False,True,128,10.389199989731424,0.0014999968698248267,0.0009999930625781417,0.35749998642131686,10.749199966085143
No Temporal,True,True,False,True,129,9.85930000024382,0.0011999945854768157,0.00100000761449337,0.3262999962316826,10.187799998675473
No Temporal,True,True,False,True,130,9.814699995331466,0.0010999938240274787,0.0010999938240274787,0.32669999927747995,10.143599982257001
No Temporal,True,True,False,True,131,9.826500012422912,0.0011999945854768157,0.000900006853044033,0.33239999902434647,10.16100001288578
No Temporal,True,True,False,True,132,9.69700000132434,0.0007999915396794677,0.000100000761449337,0.3125000075669959,10.010400001192465
No Temporal,True,True,False,True,133,10.084800000186078,0.0015999976312741637,0.0008999923011288047,0.3330999898025766,10.420399979921058
No Temporal,True,True,False,True,134,9.980400005588308,0.001300009898841381,0.00100000761449337,0.3893999964930117,10.372100019594654
No Temporal,True,True,False,True,135,9.523400003672577,0.0014999968698248267,0.001200009137392044,0.3257999924244359,9.85190000210423
No Temporal,True,True,False,True,136,10.189699998591095,0.000900006853044033,0.000200001522898674,0.2953999937744811,10.486200000741519
No Temporal,True,True,False,True,137,10.272799991071224,0.0007999915396794677,0.000100000761449337,0.31550000130664557,10.589199984678999
No Temporal,True,True,False,True,138,10.186900006374344,0.0009999930625781417,0.000200001522898674,0.32110000029206276,10.509200001251884
No Temporal,True,True,False,True,139,11.160499998368323,0.0013999961083754897,0.0010999938240274787,0.34300000697840005,11.505999995279126
No Temporal,True,True,False,True,140,9.584899991750717,0.0011999945854768157,0.0008999923011288047,0.39200000173877925,9.978999980376102
No Temporal,True,True,False,True,141,9.942599994246848,0.0012999953469261527,0.001100008375942707,0.33379999513272196,10.278799993102439
No Temporal,True,True,False,True,142,9.695800006738864,0.000700005330145359,0.00019998697098344564,0.308299990138039,10.004999989178032
No Temporal,True,True,False,True,143,9.622900004615076,0.0007999915396794677,0.000200001522898674,0.32980000833049417,9.953700006008148
No Temporal,True,True,False,True,144,9.86160000320524,0.000700005330145359,0.000200001522898674,0.3440000000409782,10.206500010099262
No Temporal,True,True,False,True,145,9.684299991931766,0.000700005330145359,0.000200001522898674,0.3640000068116933,10.049200005596504
No Temporal,True,True,False,True,146,9.846599990851246,0.000800006091594696,0.000300002284348011,0.3437999985180795,10.191499997745268
No Temporal,True,True,False,True,147,9.876300013274886,0.000900006853044033,0.000100000761449337,0.3181999927619472,10.195500013651326
No Temporal,True,True,False,True,148,9.522099993773736,0.000900006853044033,0.000200001522898674,0.35400000342633575,9.877200005576015
No Temporal,True,True,False,True,149,9.858400007942691,0.0005999900167807937,0.000100000761449337,0.35530001332517713,10.214400012046099
No Temporal,True,True,False,True,150,12.741500002448447,0.0007999915396794677,0.000200001522898674,0.3682999958982691,13.110799991409294
No Temporal,True,True,False,True,151,12.357599989627488,0.0010999938240274787,0.000400003045797348,0.4450999986147508,12.804199985112064
No Temporal,True,True,False,True,152,11.496299994178116,0.0008999923011288047,0.000200001522898674,0.3173000004608184,11.814699988462962
No Temporal,True,True,False,True,153,13.254600009531714,0.001100008375942707,0.000100000761449337,0.35149999894201756,13.607300017611124
No Temporal,True,True,False,True,154,9.882300000754185,0.000800006091594696,0.000200001522898674,0.2967000036733225,10.180000012042001
No Temporal,True,True,False,True,155,11.88679999904707,0.0024000037228688598,0.000100000761449337,0.36169998929835856,12.250999992829747
No Temporal,True,True,False,True,156,11.894600000232458,0.0010999938240274787,0.000200001522898674,0.33650000113993883,12.232399996719323
No Temporal,True,True,False,True,157,10.395100005553104,0.0013999961083754897,0.0013999961083754897,0.35960000241175294,10.757500000181608
No Temporal,True,True,False,True,158,10.059799998998642,0.001300009898841381,0.000900006853044033,0.35740000021178275,10.41940001596231
No Temporal,True,True,False,True,159,11.074900001403876,0.0012999953469261527,0.0011999945854768157,0.34559999767225236,11.422999989008531
No Temporal,True,True,False,True,160,10.56889999017585,0.0011999945854768157,0.000900006853044033,0.3232999879401177,10.89429997955449
No Temporal,True,True,False,True,161,9.719599998788908,0.0013999961083754897,0.000800006091594696,0.3243999963160604,10.046199997304939
No Temporal,True,True,False,True,162,10.067800001706928,0.0012999953469261527,0.0008999923011288047,0.3293000045232475,10.39929999387823
No Temporal,True,True,False,True,163,9.77489999786485,0.001500011421740055,0.00100000761449337,0.3549999964889139,10.132400013389997
No Temporal,True,True,False,True,164,9.685800003353506,0.0006999907782301307,0.000200001522898674,0.2891000040108338,9.975799999665469
No Temporal,True,True,False,True,165,9.960099996533245,0.0011999945854768157,0.000800006091594696,0.3372000064700842,10.2993000036804
No Temporal,True,True,False,True,166,9.908500011079013,0.001300009898841381,0.0008999923011288047,0.3183000080753118,10.229000021354295
No Temporal,True,True,False,True,167,10.14160001068376,0.0014999968698248267,0.0006999907782301307,0.3400999994482845,10.4838999977801
No Temporal,True,True,False,True,168,9.404299999005161,0.0011999945854768157,0.000700005330145359,0.3164000081596896,9.722600007080473
No Temporal,True,True,False,True,169,9.690199993201531,0.0008999923011288047,0.000200001522898674,0.2888000017264858,9.980099988752045
No Temporal,True,True,False,True,170,9.722799994051456,0.001100008375942707,0.000700005330145359,0.31879999733064324,10.043400005088188
No Temporal,True,True,False,True,171,9.589599998435006,0.0010999938240274787,0.0006999907782301307,0.351999988197349,9.943399971234612
No Temporal,True,True,False,True,172,9.82069999736268,0.0011999945854768157,0.0007999915396794677,0.377499993192032,10.200199976679869
No Temporal,True,True,False,True,173,9.824499997193925,0.0013999961083754897,0.00100000761449337,0.3505999920889735,10.177499993005767
No Temporal,True,True,False,True,174,10.09650000196416,0.0012999953469261527,0.000700005330145359,0.3268000000389293,10.42530000268016
No Temporal,True,True,False,True,175,10.194200003752485,0.0016999983927235007,0.0009999930625781417,0.33889999031089246,10.535799985518679
No Temporal,True,True,False,True,176,13.894200004870072,0.001500011421740055,0.000200001522898674,0.3766000008909032,14.272500018705614
No Temporal,True,True,False,True,177,10.659899999154732,0.0012999953469261527,0.000900006853044033,0.331000002915971,10.993100004270673
No Temporal,True,True,False,True,178,10.399799997685477,0.0012999953469261527,0.0010999938240274787,0.3530000103637576,10.755199997220188
No Temporal,True,True,False,True,179,10.679799990612082,0.0012999953469261527,0.0008999923011288047,0.3998000029241666,11.081799981184304
No Temporal,True,True,False,True,180,10.753199996543117,0.001700012944638729,0.000800006091594696,0.3449000068940222,11.100600022473373
No Temporal,True,True,False,True,181,10.840500006452203,0.0015999976312741637,0.0007999915396794677,0.32789999386295676,11.170799989486113
No Temporal,True,True,False,True,182,10.490100001334213,0.0012999953469261527,0.0009999930625781417,0.35879999632015824,10.851199986063875
No Temporal,True,True,False,True,183,12.562699994305149,0.000900006853044033,0.000300002284348011,0.2981000143336132,12.862000017776154
No Temporal,True,True,False,True,184,11.76110000233166,0.0013999961083754897,0.0008999923011288047,0.33850000181701034,12.101899992558174
No Temporal,True,True,False,True,185,12.519800002337433,0.0008999923011288047,0.0008999923011288047,0.2877000079024583,12.80929999484215
No Temporal,True,True,False,True,186,12.451000002329238,0.0011999945854768157,0.0010999938240274787,0.31859999580774456,12.771899986546487
No Temporal,True,True,False,True,187,11.993899999652058,0.001200009137392044,0.0008999923011288047,0.32750000536907464,12.323500006459653
No Temporal,True,True,False,True,188,12.935799997649156,0.0014999968698248267,0.0010999938240274787,0.3301999968243763,13.268599985167384
No Temporal,True,True,False,True,189,12.141200000769459,0.0013999961083754897,0.000900006853044033,0.3615000023273751,12.505000006058253
No Temporal,True,True,False,True,190,12.81080000626389,0.0015999976312741637,0.000200001522898674,0.33319999056402594,13.145799995982088
No Temporal,True,True,False,True,191,12.479599987273104,0.00100000761449337,0.000300002284348011,0.3113999991910532,12.792299996362999
No Temporal,True,True,False,True,192,12.799700009054504,0.0012999953469261527,0.000200001522898674,0.3367999888723716,13.1379999947967
No Temporal,True,True,False,True,193,11.64769999741111,0.0007999915396794677,0.000200001522898674,0.31459999445360154,11.96329998492729
No Temporal,True,True,False,True,194,10.59049999457784,0.000800006091594696,0.000200001522898674,0.29680000443477184,10.888300006627105
No Temporal,True,True,False,True,195,10.314400002243929,0.00100000761449337,0.000300002284348011,0.29379999614320695,10.609500008285977
No Temporal,True,True,False,True,196,10.006899989093654,0.0007999915396794677,0.000300002284348011,0.35170000046491623,10.359699983382598
No Temporal,True,True,False,True,197,10.070600008475594,0.0009999930625781417,0.000200001522898674,0.3186000103596598,10.39040001342073
No Temporal,True,True,False,True,198,10.324200004106387,0.000700005330145359,0.00019998697098344564,0.34559999767225236,10.670699994079769
No Temporal,True,True,False,True,199,9.946200007107109,0.0006999907782301307,0.000200001522898674,0.34890000824816525,10.296000007656403
No Temporal,True,True,False,True,200,10.095599995111115,0.0009999930625781417,0.000200001522898674,0.34779999987222254,10.444599989568815
No Temporal,True,True,False,True,201,9.876600001007318,0.000700005330145359,0.00019998697098344564,0.34860000596381724,10.226099999272265
No Temporal,True,True,False,True,202,9.889199995086528,0.000800006091594696,0.000200001522898674,0.3274000046076253,10.217600007308647
No Temporal,True,True,False,True,203,9.57850000122562,0.000900006853044033,0.000200001522898674,0.3232999879401177,9.902899997541681
No Temporal,True,True,False,True,204,10.545299999648705,0.000800006091594696,0.00029998773243278265,0.29469998844433576,10.841099981917068
No Temporal,True,True,False,True,205,10.942599998088554,0.0008999923011288047,0.000100000761449337,0.3446000046096742,11.288199995760806
No Temporal,True,True,False,True,206,9.911100001772866,0.000700005330145359,9.998620953410864e-05,0.334399999701418,10.246299993013963
No Temporal,True,True,False,True,207,9.84749999770429,0.000700005330145359,0.000200001522898674,0.31319999834522605,10.16160000290256
No Temporal,True,True,False,True,208,10.106900008395314,0.000600004568696022,0.000200001522898674,0.30270000570453703,10.410400020191446
No Temporal,True,True,False,True,209,10.08160000492353,0.0006999907782301307,0.000200001522898674,0.2857999934349209,10.36829999065958
No Temporal,True,True,False,True,210,9.69479999912437,0.000900006853044033,0.000100000761449337,0.3357999958097935,10.031600002548657
No Temporal,True,True,False,True,211,9.807000009459443,0.000600004568696022,0.00029998773243278265,0.3443999885348603,10.152299990295433
No Temporal,True,True,False,True,212,9.993700004997663,0.001100008375942707,0.000300002284348011,0.37190000875853,10.367000024416484
No Temporal,True,True,False,True,213,9.77720000082627,0.0006999907782301307,0.000300002284348011,0.33590001112315804,10.114100005012006
No Temporal,True,True,False,True,214,9.759199994732626,0.000800006091594696,0.000300002284348011,0.35480000951793045,10.115100012626499
No Temporal,True,True,False,True,215,10.120599996298552,0.0008999923011288047,0.000200001522898674,0.3564999933587387,10.478199983481318
No Temporal,True,True,False,True,216,9.574600000632927,0.000800006091594696,0.00019998697098344564,0.30699999479111284,9.882599988486618
No Temporal,True,True,False,True,217,9.47920000180602,0.001100008375942707,0.000500003807246685,0.28619999648071826,9.767000010469928
No Temporal,True,True,False,True,218,10.248699996736832,0.0008999923011288047,0.000100000761449337,0.3065000055357814,10.556199995335191
No Temporal,True,True,False,True,219,9.56669999868609,0.000500003807246685,0.000300002284348011,0.2859000087482855,9.85340001352597
No Temporal,True,True,False,True,220,10.093999997479841,0.000800006091594696,0.000400003045797348,0.30390000029001385,10.399100006907247
No Temporal,True,True,False,True,221,10.435200005304068,0.0008999923011288047,0.000300002284348011,0.3133999998681247,10.74979999975767
No Temporal,True,True,False,True,222,10.599200002616271,0.0006999907782301307,0.000200001522898674,0.3049000079045072,10.905000002821907
No Temporal,True,True,False,True,223,9.766899995156564,0.0006999907782301307,0.000100000761449337,0.29240000003483146,10.060099986731075
No Temporal,True,True,False,True,224,10.02459999290295,0.000900006853044033,0.00019998697098344564,0.3127999952994287,10.338499982026406
No Temporal,True,True,False,True,225,10.151499998755753,0.0012999953469261527,0.00039998849388211966,0.3181000065524131,10.471299989148974
No Temporal,True,True,False,True,226,10.758899996289983,0.0007999915396794677,0.000200001522898674,0.298400002066046,11.058299991418608
No Temporal,True,True,False,True,227,9.599800003343262,0.000900006853044033,0.00019998697098344564,0.2992000081576407,9.90010000532493
No Temporal,True,True,False,True,228,9.761300010723062,0.0009999930625781417,0.000200001522898674,0.2986000035889447,10.061100008897483
No Temporal,True,True,False,True,229,9.31339999078773,0.000900006853044033,0.000200001522898674,0.31960000342223793,9.63410000258591
No Temporal,True,True,False,True,230,9.347400002297945,0.000900006853044033,0.00019998697098344564,0.2800999936880544,9.628599989810027
No Temporal,True,True,False,True,231,9.29770000220742,0.0007999915396794677,0.000200001522898674,0.2882999979192391,9.586999993189238
No Temporal,True,True,False,True,232,9.540300001390278,0.000800006091594696,0.000100000761449337,0.30980000155977905,9.851000009803101
No Temporal,True,True,False,True,233,9.647600003518164,0.000600004568696022,0.000200001522898674,0.28780000866390765,9.936200018273667
No Temporal,True,True,False,True,234,9.723799987114035,0.0007999915396794677,0.000300002284348011,0.28619999648071826,10.01109997741878
No Temporal,True,True,False,True,235,9.654800000134856,0.0007999915396794677,0.000100000761449337,0.28390000807121396,9.939600000507198
No Temporal,True,True,False,True,236,9.583999999449588,0.0007999915396794677,0.000200001522898674,0.2804000105243176,9.865400003036484
No Temporal,True,True,False,True,237,9.549100010190159,0.000700005330145359,0.000300002284348011,0.30109999352134764,9.851200011326
No Temporal,True,True,False,True,238,9.567700006300583,0.0006999907782301307,0.000300002284348011,0.28900000324938446,9.857700002612546
No Temporal,True,True,False,True,239,10.04090000060387,0.001100008375942707,0.00019998697098344564,0.32029999420046806,10.362499990151264
No Temporal,True,True,False,True,240,10.69489998917561,0.000800006091594696,0.000200001522898674,0.34919999598059803,11.045099992770702
No Temporal,True,True,False,True,241,10.670799994841218,0.000900006853044033,0.000200001522898674,0.33740000799298286,11.009300011210144
No Temporal,True,True,False,True,242,10.619900000165217,0.0007999915396794677,9.998620953410864e-05,0.31879999733064324,10.939599975245073
No Temporal,True,True,False,True,243,14.511800007312559,0.0013999961083754897,0.000300002284348011,0.36779999209102243,14.881299997796305
No Temporal,True,True,False,True,244,12.425699998857453,0.0011999945854768157,0.000100000761449337,0.3357999958097935,12.762799990014173
No Temporal,True,True,False,True,245,13.030100002652034,0.000900006853044033,0.00029998773243278265,0.328500012983568,13.359800010221079
No Temporal,True,True,False,True,246,13.332799993804656,0.0007999915396794677,0.000300002284348011,0.33830000029411167,13.672199987922795
No Temporal,True,True,False,True,247,13.00479999918025,0.000800006091594696,0.000300002284348011,0.3015999973285943,13.307500004884787
No Temporal,True,True,False,True,248,12.49360000656452,0.001400010660290718,0.0017999991541728377,0.3496999997878447,12.846500016166829
No Temporal,True,True,False,True,249,11.979000002611428,0.0014999968698248267,0.0015999976312741637,0.4228000034345314,12.404900000547059
No Temporal,True,True,False,True,250,12.124600005336106,0.0017999991541728377,0.0014999968698248267,0.4155000060563907,12.543400007416494
No Temporal,True,True,False,True,251,11.655499998596497,0.0013999961083754897,0.0012999953469261527,0.48830000741872936,12.146499997470528
No Temporal,True,True,False,True,252,10.163099999772385,0.0013999961083754897,0.0010999938240274787,0.34589999995660037,10.511499989661388
No Temporal,True,True,False,True,253,10.119600003235973,0.0018999999156221747,0.0007999915396794677,0.3687999997055158,10.49109999439679
No Temporal,True,True,False,True,254,10.589999990770593,0.001200009137392044,0.0009999930625781417,0.33409999741706997,10.926299990387633
No Temporal,True,True,False,True,255,10.139200006960891,0.000800006091594696,0.000200001522898674,0.302100001135841,10.442300015711226
No Temporal,True,True,False,True,256,9.985600001527928,0.001400010660290718,0.0020000006770715117,0.35740000021178275,10.346400013077073
No Temporal,True,True,False,True,257,10.296200009179302,0.0012999953469261527,0.0006999907782301307,0.3249000001233071,10.623099995427765
No Temporal,True,True,False,True,258,10.231699998257682,0.0014999968698248267,0.000900006853044033,0.3867999912472442,10.620899993227795
No Temporal,True,True,False,True,259,11.548099995707162,0.000900006853044033,0.00019998697098344564,0.3133000136585906,11.86250000318978
No Temporal,True,True,False,True,260,9.735300001921132,0.0014999968698248267,0.000800006091594696,0.32979999377857894,10.06739999866113
No Temporal,True,True,False,True,261,10.056600003736094,0.001300009898841381,0.000800006091594696,0.3449000068940222,10.403600026620552
No Temporal,True,True,False,True,262,9.800300002098083,0.0012999953469261527,0.0007999915396794677,0.33689998963382095,10.13929997861851
No Temporal,True,True,False,True,263,10.226099999272265,0.0012999953469261527,0.000900006853044033,0.3293000045232475,10.557600005995482
No Temporal,True,True,False,True,264,9.840599988820031,0.0013999961083754897,0.0008999923011288047,0.3630999999586493,10.205999977188185
No Temporal,True,True,False,True,265,9.888000000501052,0.001200009137392044,0.000800006091594696,0.38910000876057893,10.279100024490617
No Temporal,True,True,False,True,266,10.678400009055622,0.000700005330145359,0.000300002284348011,0.30729999707546085,10.986700013745576
No Temporal,True,True,False,True,267,9.878199998638593,0.0016999983927235007,0.0009999930625781417,0.3304000128991902,10.211300002993084
No Temporal,True,True,False,True,268,9.964400000171736,0.0013999961083754897,0.0008999923011288047,0.3436999977566302,10.31039998633787
No Temporal,True,True,False,True,269,9.989199999836273,0.0013999961083754897,0.001100008375942707,0.3485000052023679,10.34020000952296
No Temporal,True,True,False,True,270,10.034200007794425,0.0012999953469261527,0.0013999961083754897,0.3462000022409484,10.383100001490675
No Temporal,True,True,False,True,271,10.37210000504274,0.001400010660290718,0.000900006853044033,0.3513999981805682,10.725800020736642
No Temporal,True,True,False,True,272,9.766300005139783,0.001200009137392044,0.000900006853044033,0.33989999792538583,10.108300019055605
No Temporal,True,True,False,True,273,9.693300002254546,0.0014999968698248267,0.0011999945854768157,0.340899990987964,10.036899984697811
No Temporal,True,True,False,True,274,9.682500007329509,0.0006999907782301307,0.000200001522898674,0.30270000570453703,9.986100005335175
No Temporal,True,True,False,True,275,9.565500004100613,0.0008999923011288047,0.000100000761449337,0.2918999962275848,9.858399993390776
No Temporal,True,True,False,True,276,9.705100004794076,0.0006999907782301307,0.000200001522898674,0.32100001408252865,10.027000011177734
No Temporal,True,True,False,True,277,10.213699992164038,0.0014999968698248267,0.0008999923011288047,0.3291000030003488,10.54519998433534
No Temporal,True,True,False,True,278,10.001999995438382,0.000700005330145359,0.00019998697098344564,0.3133999998681247,10.316299987607636
No Temporal,True,True,False,True,279,9.722800008603372,0.0013999961083754897,0.0009999930625781417,0.3262999962316826,10.051499994006008
No Temporal,True,True,False,True,280,9.952299995347857,0.0011999945854768157,0.001100008375942707,0.337799996486865,10.292399994796142
No Temporal,True,True,False,True,281,10.420099992188625,0.0016999983927235007,0.000100000761449337,0.4050999996252358,10.826999990968034
No Temporal,True,True,False,True,282,10.13210001110565,0.001200009137392044,0.00100000761449337,0.35060000664088875,10.484900034498423
No Temporal,True,True,False,True,283,9.695800006738864,0.000700005330145359,0.000200001522898674,0.28980000934097916,9.986500022932887
No Temporal,True,True,False,True,284,9.41420000162907,0.0012999953469261527,0.000800006091594696,0.31550000130664557,9.731800004374236
No Temporal,True,True,False,True,285,9.297500000684522,0.0011999945854768157,0.000900006853044033,0.3218000056222081,9.621400007745251
No Temporal,True,True,False,True,286,9.427099997992627,0.0012999953469261527,0.000900006853044033,0.33989999792538583,9.769199998117983
No Temporal,True,True,False,True,287,9.63870000850875,0.0011999945854768157,0.0009999930625781417,0.3313999914098531,9.972299987566657
No Temporal,True,True,False,True,288,9.655400004703552,0.001200009137392044,0.00100000761449337,0.3321000112919137,9.98970003274735
No Temporal,True,True,False,True,289,9.641700002248399,0.0010999938240274787,0.00100000761449337,0.3127999952994287,9.956599998986349
No Temporal,True,True,False,True,290,9.383700002217665,0.0013999961083754897,0.0011999945854768157,0.32310000096913427,9.709399993880652
No Temporal,True,True,False,True,291,9.857299999566749,0.0012999953469261527,0.000900006853044033,0.348599991411902,10.208099993178621
No Temporal,True,True,False,True,292,9.687099998700432,0.0015999976312741637,0.0012999953469261527,0.37480000173673034,10.064799993415363
No Temporal,True,True,False,True,293,9.595299998181872,0.0014999968698248267,0.0007999915396794677,0.32899998768698424,9.92659997427836
No Temporal,True,True,False,True,294,9.48150000476744,0.0011999945854768157,0.00100000761449337,0.3419999993639067,9.825700006331317
No Temporal,True,True,False,True,295,12.203499994939193,0.0013999961083754897,0.000900006853044033,0.3212000010535121,12.526999998954125
No Temporal,True,True,False,True,296,9.782599998288788,0.0011999945854768157,0.000900006853044033,0.34610000147949904,10.130800001206808
No Temporal,True,True,False,True,297,9.488000010605901,0.000900006853044033,0.000200001522898674,0.28140000358689576,9.77050002256874
No Temporal,True,True,False,True,298,9.619800010113977,0.000800006091594696,0.000200001522898674,0.27550000231713057,9.8963000200456
No Temporal,True,True,False,True,299,9.53190001018811,0.0007999915396794677,0.000100000761449337,0.28619999648071826,9.818999998969957
No Overlay,True,True,True,False,0,14.27749999857042,0.000700005330145359,0.001200009137392044,0.000100000761449337,14.279500013799407
No Overlay,True,True,True,False,1,14.952000012272038,0.0007999915396794677,0.0013999961083754897,0.000200001522898674,14.954400001442991
No Overlay,True,True,True,False,2,17.425600002752617,0.0011999945854768157,0.0013999961083754897,0.0,17.42819999344647
No Overlay,True,True,True,False,3,13.758800007053651,0.0007999915396794677,0.0014999968698248267,0.000100000761449337,13.761199996224605
No Overlay,True,True,True,False,4,13.473300001351163,0.000700005330145359,0.00100000761449337,0.0,13.475000014295802
No Overlay,True,True,True,False,5,13.350399996852502,0.0006999907782301307,0.0012999953469261527,0.000100000761449337,13.352499983739108
No Overlay,True,True,True,False,6,13.336400006664917,0.000800006091594696,0.0008999923011288047,0.000100000761449337,13.33820000581909
No Overlay,True,True,True,False,7,12.980800005607307,0.0007999915396794677,0.0010999938240274787,0.000100000761449337,12.982799991732463
No Overlay,True,True,True,False,8,13.528400013456121,0.0006999907782301307,0.0009999930625781417,0.0,13.53009999729693
No Overlay,True,True,True,False,9,10.005499992985278,0.0010999938240274787,0.001200009137392044,0.000300002284348011,10.008099998231046
No Overlay,True,True,True,False,10,10.069099997053854,0.0004999892553314567,0.0008999923011288047,0.000100000761449337,10.070599979371764
No Overlay,True,True,True,False,11,10.163200000533834,0.000800006091594696,0.0009999930625781417,0.000200001522898674,10.165200001210906
No Overlay,True,True,True,False,12,9.89040000422392,0.0010999938240274787,0.0009999930625781417,0.000100000761449337,9.892599991871975
No Overlay,True,True,True,False,13,9.81570000294596,0.0010999938240274787,0.0011999945854768157,0.000100000761449337,9.818099992116913
No Overlay,True,True,True,False,14,9.382700009155087,0.0010999938240274787,0.000900006853044033,9.998620953410864e-05,9.384799996041693
No Overlay,True,True,True,False,15,9.3920000072103,0.0009999930625781417,0.0010999938240274787,0.000100000761449337,9.394199994858354
No Overlay,True,True,True,False,16,9.264599997550249,0.000800006091594696,0.00100000761449337,0.000100000761449337,9.266500012017787
No Overlay,True,True,True,False,17,9.41039998724591,0.0007999915396794677,0.00100000761449337,0.0,9.412199986400083
No Overlay,True,True,True,False,18,9.560899998177774,0.0007999915396794677,0.0008999923011288047,0.000100000761449337,9.562699982780032
No Overlay,True,True,True,False,19,9.475300001213327,0.0011999945854768157,0.0015999976312741637,0.000100000761449337,9.478199994191527
No Overlay,True,True,True,False,20,10.131800008821301,0.0010999938240274787,0.0012999953469261527,0.000100000761449337,10.134299998753704
No Overlay,True,True,True,False,21,9.664500001235865,0.001200009137392044,0.001500011421740055,0.000100000761449337,9.667300022556446
No Overlay,True,True,True,False,22,9.812799995415844,0.001200009137392044,0.0012999953469261527,0.000100000761449337,9.815400000661612
No Overlay,True,True,True,False,23,9.778499996173196,0.0009999930625781417,0.0016999983927235007,0.0,9.781199987628497
No Overlay,True,True,True,False,24,9.525800007395446,0.001100008375942707,0.0026000052457675338,9.998620953410864e-05,9.52960000722669
No Overlay,True,True,True,False,25,9.865800006082281,0.0009999930625781417,0.0008999923011288047,0.000100000761449337,9.867799992207438
No Overlay,True,True,True,False,26,9.699800008093007,0.000700005330145359,0.0010999938240274787,0.000100000761449337,9.701700008008629
No Overlay,True,True,True,False,27,9.53329999174457,0.000800006091594696,0.001100008375942707,0.000100000761449337,9.535300006973557
No Overlay,True,True,True,False,28,9.2416000115918,0.000600004568696022,0.0008999923011288047,0.000100000761449337,9.243200009223074
No Overlay,True,True,True,False,29,9.32460000331048,0.0008999923011288047,0.0011999945854768157,0.000100000761449337,9.326799990958534
No Overlay,True,True,True,False,30,9.586800006218255,0.0006999907782301307,0.0009999930625781417,0.000100000761449337,9.588599990820512
No Overlay,True,True,True,False,31,9.389099999680184,0.00100000761449337,0.001300009898841381,0.000200001522898674,9.391600018716417
No Overlay,True,True,True,False,32,9.800100000575185,0.000700005330145359,0.001100008375942707,0.000100000761449337,9.802000015042722
No Overlay,True,True,True,False,33,9.499100007815287,0.000800006091594696,0.0010999938240274787,0.000100000761449337,9.501100008492358
No Overlay,True,True,True,False,34,9.408199999597855,0.0009999930625781417,0.001100008375942707,0.000100000761449337,9.410400001797825
No Overlay,True,True,True,False,35,9.581699996488169,0.000800006091594696,0.0008999923011288047,0.000100000761449337,9.583499995642342
No Overlay,True,True,True,False,36,9.94380000338424,0.000800006091594696,0.00100000761449337,0.000100000761449337,9.945700017851777
No Overlay,True,True,True,False,37,9.578099998179823,0.0005999900167807937,0.0011999945854768157,0.0,9.57989998278208
No Overlay,True,True,True,False,38,9.695500004454516,0.000700005330145359,0.0009999930625781417,0.000200001522898674,9.697400004370138
No Overlay,True,True,True,False,39,9.419800000614487,0.0006999907782301307,0.0010999938240274787,0.000100000761449337,9.421699985978194
No Overlay,True,True,True,False,40,9.43109999934677,0.0011999945854768157,0.0012999953469261527,0.000100000761449337,9.433699990040623
No Overlay,True,True,True,False,41,9.744399998453446,0.0012999953469261527,0.0015999976312741637,0.000100000761449337,9.747399992193095
No Overlay,True,True,True,False,42,9.635499998694286,0.0013999961083754897,0.0008999923011288047,0.000100000761449337,9.63789998786524
No Overlay,True,True,True,False,43,9.389500002725981,0.000700005330145359,0.0009999930625781417,0.0,9.391200001118705
No Overlay,True,True,True,False,44,9.47180000366643,0.000800006091594696,0.00100000761449337,0.000100000761449337,9.473700018133968
No Overlay,True,True,True,False,45,9.598300006473437,0.0012999953469261527,0.0010999938240274787,0.000100000761449337,9.60079999640584
No Overlay,True,True,True,False,46,9.535300006973557,0.0011999945854768157,0.000900006853044033,0.0,9.537400008412078
No Overlay,True,True,True,False,47,10.165500003495254,0.0010999938240274787,0.0016999983927235007,0.000100000761449337,10.168399996473454
No Overlay,True,True,True,False,48,9.485599992331117,0.0010999938240274787,0.0014999968698248267,0.000100000761449337,9.488299983786419
No Overlay,True,True,True,False,49,9.606699997675605,0.00100000761449337,0.0014999968698248267,0.000100000761449337,9.609300002921373
No Overlay,True,True,True,False,50,9.466400006203912,0.0011999945854768157,0.0013999961083754897,0.0,9.468999996897765
No Overlay,True,True,True,False,51,10.164900013478473,0.001200009137392044,0.0032999960239976645,0.000100000761449337,10.169500019401312
No Overlay,True,True,True,False,52,9.592899994459003,0.0014999968698248267,0.001200009137392044,0.000100000761449337,9.59570000122767
No Overlay,True,True,True,False,53,12.100099993404001,0.001300009898841381,0.002900007530115545,9.998620953410864e-05,12.104399997042492
No Overlay,True,True,True,False,54,9.663299992098473,0.0011999945854768157,0.0014999968698248267,0.000100000761449337,9.666099984315224
No Overlay,True,True,True,False,55,9.86390000616666,0.0014999968698248267,0.0015999976312741637,0.000100000761449337,9.867100001429208
No Overlay,True,True,True,False,56,10.38910000352189,0.0018999999156221747,0.0037999998312443495,0.000100000761449337,10.394900004030205
No Overlay,True,True,True,False,57,9.917999996105209,0.001400010660290718,0.0015999976312741637,0.000100000761449337,9.921100005158223
No Overlay,True,True,True,False,58,10.240200004773214,0.0010999938240274787,0.0022999884095042944,0.0,10.243599987006746
No Overlay,True,True,True,False,59,9.515099998679943,0.001400010660290718,0.001400010660290718,0.000100000761449337,9.518000020761974
No Overlay,True,True,True,False,60,9.390899998834357,0.001500011421740055,0.0016999983927235007,0.000100000761449337,9.39420000941027
No Overlay,True,True,True,False,61,9.660499999881722,0.0013999961083754897,0.0012999953469261527,0.000100000761449337,9.663299992098473
No Overlay,True,True,True,False,62,9.535899996990338,0.0014999968698248267,0.0014999968698248267,0.000100000761449337,9.538999991491437
No Overlay,True,True,True,False,63,9.483499990892597,0.00100000761449337,0.0028999929782003164,0.000100000761449337,9.48749999224674
No Overlay,True,True,True,False,64,9.47269999596756,0.000900006853044033,0.00100000761449337,0.000100000761449337,9.474700011196546
No Overlay,True,True,True,False,65,9.564199994201772,0.0010999938240274787,0.0010999938240274787,0.000100000761449337,9.566499982611276
No Overlay,True,True,True,False,66,9.69029999396298,0.0011999945854768157,0.0009999930625781417,0.000100000761449337,9.692599982372485
No Overlay,True,True,True,False,67,9.92739999492187,0.0011999945854768157,0.0010999938240274787,0.000100000761449337,9.929799984092824
No Overlay,True,True,True,False,68,9.51119999808725,0.001100008375942707,0.0034999975468963385,9.998620953410864e-05,9.515899990219623
No Overlay,True,True,True,False,69,9.473199999774806,0.0010999938240274787,0.0013999961083754897,0.000100000761449337,9.475799990468659
No Overlay,True,True,True,False,70,9.617499992600642,0.001300009898841381,0.0015999976312741637,0.000100000761449337,9.620500000892207
No Overlay,True,True,True,False,71,9.364999990793876,0.0010999938240274787,0.0011999945854768157,0.0,9.36729997920338
No Overlay,True,True,True,False,72,9.28589999966789,0.0014999968698248267,0.0018999999156221747,0.0,9.289299996453337
No Overlay,True,True,True,False,73,9.858699995675124,0.000900006853044033,0.0029999937396496534,0.000100000761449337,9.862699997029267
No Overlay,True,True,True,False,74,9.466900010011159,0.0011999945854768157,0.0013999961083754897,0.0,9.469500000705011
No Overlay,True,True,True,False,75,9.414500003913417,0.0015999976312741637,0.0026000052457675338,0.000200001522898674,9.418900008313358
No Overlay,True,True,True,False,76,9.589399996912107,0.0010999938240274787,0.0014999968698248267,0.000100000761449337,9.592099988367409
No Overlay,True,True,True,False,77,9.594799994374625,0.0010999938240274787,0.0015999976312741637,0.000100000761449337,9.597599986591376
No Overlay,True,True,True,False,78,9.503199995378964,0.000600004568696022,0.0015999976312741637,0.000100000761449337,9.505499998340383
No Overlay,True,True,True,False,79,9.403500007465482,0.0009999930625781417,0.0018999999156221747,9.998620953410864e-05,9.406499986653216
No Overlay,True,True,True,False,80,9.516899997834116,0.000500003807246685,0.0015999976312741637,0.000100000761449337,9.519100000034086
No Overlay,True,True,True,False,81,9.521999993012287,0.0012999953469261527,0.0030999945010989904,0.000100000761449337,9.526499983621761
No Overlay,True,True,True,False,82,9.554000003845431,0.000500003807246685,0.0012999953469261527,0.000100000761449337,9.555900003761053
No Overlay,True,True,True,False,83,9.617900010198355,0.000600004568696022,0.0010999938240274787,0.000100000761449337,9.619700009352528
No Overlay,True,True,True,False,84,9.44899999012705,0.0006999907782301307,0.0011999945854768157,0.000200001522898674,9.451099977013655
No Overlay,True,True,True,False,85,9.442999988095835,0.000600004568696022,0.000900006853044033,0.000100000761449337,9.444600000279024
No Overlay,True,True,True,False,86,9.72149999870453,0.000700005330145359,0.000900006853044033,0.0,9.72310001088772
No Overlay,True,True,True,False,87,9.36980001279153,0.000600004568696022,0.00100000761449337,0.000100000761449337,9.371500025736168
No Overlay,True,True,True,False,88,9.220199994160794,0.0010999938240274787,0.0014999968698248267,0.000100000761449337,9.222899985616095
No Overlay,True,True,True,False,89,9.50830000510905,0.0006999907782301307,0.0010999938240274787,0.000100000761449337,9.510199990472756
No Overlay,True,True,True,False,90,9.529199989628978,0.000700005330145359,0.000900006853044033,9.998620953410864e-05,9.530899988021702
No Overlay,True,True,True,False,91,9.348599996883422,0.0006999907782301307,0.0009999930625781417,0.000100000761449337,9.35039998148568
No Overlay,True,True,True,False,92,9.681799987447448,0.0004999892553314567,0.0009999930625781417,0.0,9.683299969765358
No Overlay,True,True,True,False,93,9.661600008257665,0.001100008375942707,0.001100008375942707,0.000100000761449337,9.663900025771
No Overlay,True,True,True,False,94,9.584800005541183,0.0009999930625781417,0.000900006853044033,0.000100000761449337,9.586800006218255
No Overlay,True,True,True,False,95,9.323299993411638,0.0011999945854768157,0.0016999983927235007,0.000100000761449337,9.326299987151287
No Overlay,True,True,True,False,96,9.69049999548588,0.0016999983927235007,0.0015999976312741637,0.00019998697098344564,9.69399997848086
No Overlay,True,True,True,False,97,9.94669999636244,0.0016999983927235007,0.002900007530115545,0.000100000761449337,9.951400003046729
No Overlay,True,True,True,False,98,10.637700004735962,0.001400010660290718,0.0023000029614195228,0.000100000761449337,10.641500019119121
No Overlay,True,True,True,False,99,9.910299995681271,0.001300009898841381,0.0013999961083754897,0.000100000761449337,9.913100002449937
No Overlay,True,True,True,False,100,10.67730000067968,0.0012999953469261527,0.0016999983927235007,0.0,10.680299994419329
No Overlay,True,True,True,False,101,9.631599998101592,0.0006999907782301307,0.0027999922167509794,0.000100000761449337,9.635199981858023
No Overlay,True,True,True,False,102,9.642999997595325,0.001300009898841381,0.0017999991541728377,0.000100000761449337,9.646200007409789
No Overlay,True,True,True,False,103,9.85190000210423,0.0011999945854768157,0.0014999968698248267,0.000100000761449337,9.854699994320981
No Overlay,True,True,True,False,104,9.623799996916205,0.0012999953469261527,0.0018999999156221747,0.000100000761449337,9.627099992940202
No Overlay,True,True,True,False,105,9.782300010556355,0.0005999900167807937,0.0030999945010989904,0.000100000761449337,9.786099995835684
No Overlay,True,True,True,False,106,9.72300001012627,0.0008999923011288047,0.00100000761449337,0.000100000761449337,9.725000010803342
No Overlay,True,True,True,False,107,9.591200010618195,0.0013999961083754897,0.0020000006770715117,0.000100000761449337,9.594700008165091
No Overlay,True,True,True,False,108,9.60819999454543,0.0010999938240274787,0.0012999953469261527,0.0,9.610599983716384
No Overlay,True,True,True,False,109,9.452999991481192,0.0011999945854768157,0.0013999961083754897,0.0,9.455599982175045
No Overlay,True,True,True,False,110,9.455399995204061,0.0012999953469261527,0.0013999961083754897,0.000100000761449337,9.458199987420812
No Overlay,True,True,True,False,111,10.232800006633624,0.0011999945854768157,0.0011999945854768157,0.000100000761449337,10.235299996566027
No Overlay,True,True,True,False,112,9.442199996556155,0.0016999983927235007,0.0011999945854768157,0.000100000761449337,9.445199990295805
No Overlay,True,True,True,False,113,9.38240000687074,0.0012999953469261527,0.0015999976312741637,9.998620953410864e-05,9.385399986058474
No Overlay,True,True,True,False,114,9.723499999381602,0.0009999930625781417,0.0033999967854470015,0.000100000761449337,9.727999989991076
No Overlay,True,True,True,False,115,9.390599996550009,0.000900006853044033,0.001300009898841381,0.000100000761449337,9.392900014063343
No Overlay,True,True,True,False,116,9.501900000032037,0.0009999930625781417,0.0020000006770715117,0.000200001522898674,9.505099995294586
No Overlay,True,True,True,False,117,9.453899998334236,0.001100008375942707,0.001400010660290718,0.000100000761449337,9.45650001813192
No Overlay,True,True,True,False,118,10.26760000968352,0.0013999961083754897,0.0016999983927235007,0.000100000761449337,10.270800004946068
No Overlay,True,True,True,False,119,9.307800006354228,0.0012999953469261527,0.0016999983927235007,0.000100000761449337,9.310900000855327
No Overlay,True,True,True,False,120,10.162400008994155,0.000800006091594696,0.0026999914553016424,0.000200001522898674,10.16610000806395
No Overlay,True,True,True,False,121,11.058699994464405,0.0006999907782301307,0.0012999953469261527,0.000100000761449337,11.06079998135101
No Overlay,True,True,True,False,122,9.251499999663793,0.0011999945854768157,0.0017999991541728377,0.000100000761449337,9.254599994164892
No Overlay,True,True,True,False,123,9.244100001524203,0.0011999945854768157,0.0016999983927235007,0.000100000761449337,9.247099995263852
No Overlay,True,True,True,False,124,9.915300004649907,0.0010999938240274787,0.0012999953469261527,0.000100000761449337,9.91779999458231
No Overlay,True,True,True,False,125,9.579300007317215,0.0012999953469261527,0.0017999991541728377,0.0,9.582400001818314
No Overlay,True,True,True,False,126,9.825000001001172,0.0014999968698248267,0.0014999968698248267,0.000100000761449337,9.82809999550227
No Overlay,True,True,True,False,127,9.226400012266822,0.001100008375942707,0.0014999968698248267,0.000100000761449337,9.229100018274039
No Overlay,True,True,True,False,128,9.412100000190549,0.0013999961083754897,0.0017999991541728377,0.000100000761449337,9.415399996214546
No Overlay,True,True,True,False,129,9.295099996961653,0.0012999953469261527,0.0034999975468963385,0.000100000761449337,9.299999990616925
No Overlay,True,True,True,False,130,9.41640000382904,0.0012999953469261527,0.001500011421740055,9.998620953410864e-05,9.41929999680724
No Overlay,True,True,True,False,131,9.245599998394027,0.0010999938240274787,0.0014999968698248267,0.000100000761449337,9.248299989849329
No Overlay,True,True,True,False,132,9.369899999001063,0.000800006091594696,0.0020000006770715117,0.0,9.37270000576973
No Overlay,True,True,True,False,133,13.554600009229034,0.001400010660290718,0.001300009898841381,0.000100000761449337,13.557400030549616
No Overlay,True,True,True,False,134,13.418299990007654,0.001200009137392044,0.001400010660290718,0.000100000761449337,13.421000010566786
No Overlay,True,True,True,False,135,14.10329999634996,0.0010999938240274787,0.0015999976312741637,0.000100000761449337,14.106099988566712
No Overlay,True,True,True,False,136,13.445500007946976,0.000700005330145359,0.0021000014385208488,0.000100000761449337,13.448400015477091
No Overlay,True,True,True,False,137,14.615499996580184,0.00100000761449337,0.002900007530115545,0.000100000761449337,14.619500012486242
No Overlay,True,True,True,False,138,13.298700010636821,0.000900006853044033,0.0022000021999701858,0.000100000761449337,13.301900020451285
No Overlay,True,True,True,False,139,13.52049999695737,0.0013999961083754897,0.0014999968698248267,0.000100000761449337,13.523499990697019
No Overlay,True,True,True,False,140,13.790999990305863,0.0012999953469261527,0.001500011421740055,0.000100000761449337,13.793899997835979
No Overlay,True,True,True,False,141,13.579099992057309,0.0012999953469261527,0.0013999961083754897,0.000200001522898674,13.581999985035509
No Overlay,True,True,True,False,142,9.403799995197915,0.000800006091594696,0.0025000044843181968,0.0,9.407100005773827
No Overlay,True,True,True,False,143,9.730999998282641,0.0007999915396794677,0.0016999983927235007,0.000100000761449337,9.733599988976493
No Overlay,True,True,True,False,144,12.504600003012456,0.000700005330145359,0.0018999999156221747,0.000100000761449337,12.507300009019673
No Overlay,True,True,True,False,145,9.812000003876165,0.000800006091594696,0.0039000005926936865,0.000100000761449337,9.816800011321902
No Overlay,True,True,True,False,146,9.68240000656806,0.000700005330145359,0.0009999930625781417,0.000100000761449337,9.684200005722232
No Overlay,True,True,True,False,147,9.699600006570108,0.000700005330145359,0.001200009137392044,0.000100000761449337,9.701600021799095
No Overlay,True,True,True,False,148,9.543199994368479,0.000800006091594696,0.000900006853044033,0.000100000761449337,9.545000008074567
No Overlay,True,True,True,False,149,9.373599998070858,0.000600004568696022,0.0008999923011288047,0.000100000761449337,9.375199995702133
No Overlay,True,True,True,False,150,9.446700001717545,0.0006999907782301307,0.0009999930625781417,0.000100000761449337,9.448499986319803
No Overlay,True,True,True,False,151,9.392700012540445,0.00100000761449337,0.0012999953469261527,0.000100000761449337,9.395100016263314
No Overlay,True,True,True,False,152,9.87560000794474,0.0006999907782301307,0.0010999938240274787,0.000100000761449337,9.877499993308447
No Overlay,True,True,True,False,153,9.669899998698384,0.000800006091594696,0.00100000761449337,0.0,9.671700012404472
No Overlay,True,True,True,False,154,9.532399999443442,0.0007999915396794677,0.0010999938240274787,0.000100000761449337,9.534399985568598
No Overlay,True,True,True,False,155,9.316800002125092,0.000700005330145359,0.001100008375942707,0.000100000761449337,9.31870001659263
No Overlay,True,True,True,False,156,9.488899988355115,0.0006999907782301307,0.0010999938240274787,0.000100000761449337,9.490799973718822
No Overlay,True,True,True,False,157,9.63640000554733,0.0013999961083754897,0.0018999999156221747,0.000100000761449337,9.639800002332777
No Overlay,True,True,True,False,158,10.102999993250705,0.0012999953469261527,0.0010999938240274787,0.000100000761449337,10.105499983183108
No Overlay,True,True,True,False,159,9.437999993679114,0.0013999961083754897,0.0013999961083754897,0.000100000761449337,9.440899986657314
No Overlay,True,True,True,False,160,9.30240000889171,0.0013999961083754897,0.001300009898841381,0.000100000761449337,9.305200015660375
No Overlay,True,True,True,False,161,9.402900002896786,0.0011999945854768157,0.0011999945854768157,0.000100000761449337,9.405399992829189
No Overlay,True,True,True,False,162,9.703999996418133,0.001400010660290718,0.0015999976312741637,0.000100000761449337,9.707100005471148
No Overlay,True,True,True,False,163,9.95639999746345,0.001200009137392044,0.0014999968698248267,0.000100000761449337,9.959200004232116
No Overlay,True,True,True,False,164,9.82310000108555,0.0007999915396794677,0.0030999945010989904,0.000100000761449337,9.827099987887777
No Overlay,True,True,True,False,165,10.150200003408827,0.0012999953469261527,0.0021000014385208488,0.0,10.153600000194274
No Overlay,True,True,True,False,166,9.90220000676345,0.001200009137392044,0.001300009898841381,0.000100000761449337,9.904800026561134
No Overlay,True,True,True,False,167,9.6244000014849,0.0010999938240274787,0.0012999953469261527,0.000100000761449337,9.626899991417304
No Overlay,True,True,True,False,168,9.449399993172847,0.0010999938240274787,0.0012999953469261527,0.000100000761449337,9.45189998310525
No Overlay,True,True,True,False,169,9.306799998739734,0.000900006853044033,0.0037999998312443495,0.000100000761449337,9.311600006185472
No Overlay,True,True,True,False,170,9.579000005032867,0.0010999938240274787,0.001700012944638729,0.000100000761449337,9.581900012562983
No Overlay,True,True,True,False,171,9.41939999756869,0.0009999930625781417,0.0013999961083754897,0.0,9.421799986739643
No Overlay,True,True,True,False,172,9.60740000300575,0.001200009137392044,0.0013999961083754897,0.000100000761449337,9.610100009012967
No Overlay,True,True,True,False,173,9.34449999476783,0.001200009137392044,0.0013999961083754897,0.000100000761449337,9.347200000775047
No Overlay,True,True,True,False,174,9.342799996375106,0.0010999938240274787,0.0017999991541728377,0.000100000761449337,9.345799990114756
No Overlay,True,True,True,False,175,9.867799992207438,0.0010999938240274787,0.0012999953469261527,0.000100000761449337,9.87029998213984
No Overlay,True,True,True,False,176,9.472100005950779,0.000600004568696022,0.002700006007216871,0.000200001522898674,9.47560001804959
No Overlay,True,True,True,False,177,9.896699993987568,0.0011999945854768157,0.0017999991541728377,0.000100000761449337,9.899799988488667
No Overlay,True,True,True,False,178,9.470899996813387,0.0011999945854768157,0.0012999953469261527,0.000100000761449337,9.473499987507239
No Overlay,True,True,True,False,179,9.30599999264814,0.0009999930625781417,0.0011999945854768157,0.000100000761449337,9.308299981057644
No Overlay,True,True,True,False,180,9.790800002519973,0.0013999961083754897,0.0012999953469261527,0.000100000761449337,9.793599994736724
No Overlay,True,True,True,False,181,9.745499992277473,0.00100000761449337,0.0016999983927235007,0.000100000761449337,9.74829999904614
No Overlay,True,True,True,False,182,9.89629999094177,0.0012999953469261527,0.0011999945854768157,0.000100000761449337,9.898899981635623
No Overlay,True,True,True,False,183,10.004399999161251,0.000800006091594696,0.0035999983083456755,0.000100000761449337,10.00890000432264
No Overlay,True,True,True,False,184,10.246700010611676,0.0011999945854768157,0.0017999991541728377,0.000100000761449337,10.249800005112775
No Overlay,True,True,True,False,185,9.841899998718873,0.0006999907782301307,0.0023000029614195228,9.998620953410864e-05,9.844999978668056
No Overlay,True,True,True,False,186,9.818399994401261,0.0012999953469261527,0.0012999953469261527,0.000100000761449337,9.821099985856563
No Overlay,True,True,True,False,187,10.187599997152574,0.001100008375942707,0.0017999991541728377,0.000100000761449337,10.19060000544414
No Overlay,True,True,True,False,188,10.295600004610606,0.0015999976312741637,0.0014999968698248267,0.000200001522898674,10.298900000634603
No Overlay,True,True,True,False,189,10.238299990305677,0.0011999945854768157,0.0022999884095042944,0.000100000761449337,10.241899974062108
No Overlay,True,True,True,False,190,10.16170000366401,0.0013999961083754897,0.0025999906938523054,0.000200001522898674,10.165899991989136
No Overlay,True,True,True,False,191,9.948199993232265,0.000600004568696022,0.0021999876480549574,0.000100000761449337,9.951099986210465
No Overlay,True,True,True,False,192,9.758200001670048,0.0018999999156221747,0.0018999999156221747,0.000100000761449337,9.762100002262741
No Overlay,True,True,True,False,193,9.700700000394136,0.0006999907782301307,0.0036999990697950125,0.000100000761449337,9.70519999100361
No Overlay,True,True,True,False,194,9.726199990836903,0.0006999907782301307,0.0009999930625781417,0.000100000761449337,9.727999975439161
No Overlay,True,True,True,False,195,9.815499986871146,0.001100008375942707,0.0010999938240274787,0.000100000761449337,9.817799989832565
No Overlay,True,True,True,False,196,11.229900002945215,0.0009999930625781417,0.0015999976312741637,9.998620953410864e-05,11.232599979848601
No Overlay,True,True,True,False,197,11.71049999538809,0.000900006853044033,0.0023000029614195228,0.000100000761449337,11.713800005964004
No Overlay,True,True,True,False,198,9.979599999496713,0.000900006853044033,0.001600012183189392,0.000300002284348011,9.982400020817295
No Overlay,True,True,True,False,199,10.079100000439212,0.000800006091594696,0.0013999961083754897,0.000100000761449337,10.081400003400631
No Overlay,True,True,True,False,200,10.094600002048537,0.000800006091594696,0.001100008375942707,0.000100000761449337,10.096600017277524
No Overlay,True,True,True,False,201,9.7749999986263,0.000800006091594696,0.00100000761449337,0.000100000761449337,9.776900013093837
No Overlay,True,True,True,False,202,11.025600004359148,0.0009999930625781417,0.001400010660290718,0.000100000761449337,11.028100008843467
No Overlay,True,True,True,False,203,10.733600007370114,0.0007999915396794677,0.0009999930625781417,0.000100000761449337,10.735499992733821
No Overlay,True,True,True,False,204,10.244899996905588,0.0008999923011288047,0.0010999938240274787,0.000100000761449337,10.246999983792193
No Overlay,True,True,True,False,205,10.18379999732133,0.0007999915396794677,0.0013999961083754897,0.000100000761449337,10.186099985730834
No Overlay,True,True,True,False,206,10.070400006952696,0.0010999938240274787,0.0014999968698248267,0.000100000761449337,10.073099998407997
No Overlay,True,True,True,False,207,9.831500006839633,0.000700005330145359,0.001100008375942707,0.000100000761449337,9.83340002130717
No Overlay,True,True,True,False,208,9.961300005670637,0.0011999945854768157,0.0013999961083754897,0.000100000761449337,9.963999997125939
No Overlay,True,True,True,False,209,10.002700000768527,0.000800006091594696,0.001200009137392044,0.000100000761449337,10.004800016758963
No Overlay,True,True,True,False,210,10.658700004569255,0.000800006091594696,0.001300009898841381,9.998620953410864e-05,10.660900006769225
No Overlay,True,True,True,False,211,10.472599999047816,0.00100000761449337,0.0011999945854768157,0.000100000761449337,10.474900002009235
No Overlay,True,True,True,False,212,10.08890000230167,0.000900006853044033,0.0010999938240274787,0.000100000761449337,10.091000003740191
No Overlay,True,True,True,False,213,9.888500004308298,0.000700005330145359,0.001300009898841381,0.000100000761449337,9.890600020298734
No Overlay,True,True,True,False,214,9.556200006045401,0.000900006853044033,0.000900006853044033,0.000100000761449337,9.558100020512938
No Overlay,True,True,True,False,215,9.469500000705011,0.000700005330145359,0.00100000761449337,9.998620953410864e-05,9.471299999859184
No Overlay,True,True,True,False,216,9.806300004129298,0.000600004568696022,0.001100008375942707,0.000100000761449337,9.808100017835386
No Overlay,True,True,True,False,217,9.764799993718043,0.0007999915396794677,0.0010999938240274787,0.000100000761449337,9.7667999798432
No Overlay,True,True,True,False,218,10.058999992907047,0.0005999900167807937,0.0009999930625781417,0.0,10.060599975986406
No Overlay,True,True,True,False,219,9.96820000000298,0.000800006091594696,0.0013999961083754897,0.0,9.97040000220295
No Overlay,True,True,True,False,220,10.356700004194863,0.001100008375942707,0.000900006853044033,0.000200001522898674,10.358900020946749
No Overlay,True,True,True,False,221,9.94459999492392,0.000800006091594696,0.0013999961083754897,0.000200001522898674,9.946999998646788
No Overlay,True,True,True,False,222,10.09650000196416,0.0006999907782301307,0.0010999938240274787,0.000100000761449337,10.098399987327866
No Overlay,True,True,True,False,223,10.771099987323396,0.0009999930625781417,0.0013999961083754897,0.000200001522898674,10.773699978017248
No Overlay,True,True,True,False,224,10.341300003346987,0.00100000761449337,0.0015999976312741637,0.0,10.343900008592755
No Overlay,True,True,True,False,225,11.0141999903135,0.000700005330145359,0.0012999953469261527,0.000200001522898674,11.01639999251347
No Overlay,True,True,True,False,226,10.2824000059627,0.0008999923011288047,0.0012999953469261527,0.000100000761449337,10.284699994372204
No Overlay,True,True,True,False,227,10.079699990455993,0.000900006853044033,0.0009999930625781417,0.000100000761449337,10.081699991133064
No Overlay,True,True,True,False,228,10.130800001206808,0.0009999930625781417,0.0013999961083754897,0.000100000761449337,10.13329999113921
No Overlay,True,True,True,False,229,10.09630000044126,0.001200009137392044,0.0013999961083754897,0.000100000761449337,10.099000006448478
No Overlay,True,True,True,False,230,10.148600005777553,0.000900006853044033,0.001200009137392044,0.000100000761449337,10.150800022529438
No Overlay,True,True,True,False,231,9.403999996720813,0.000800006091594696,0.00100000761449337,0.0,9.405800010426901
No Overlay,True,True,True,False,232,9.602599995560013,0.0009999930625781417,0.0012999953469261527,0.000100000761449337,9.604999984730966
No Overlay,True,True,True,False,233,9.408199999597855,0.0008999923011288047,0.0012999953469261527,0.0,9.41039998724591
No Overlay,True,True,True,False,234,9.860899997875094,0.001100008375942707,0.001200009137392044,0.000200001522898674,9.863400016911328
No Overlay,True,True,True,False,235,10.135799995623529,0.000700005330145359,0.0008999923011288047,0.000200001522898674,10.137599994777702
No Overlay,True,True,True,False,236,9.369199993670918,0.000900006853044033,0.000900006853044033,0.000100000761449337,9.371100008138455
No Overlay,True,True,True,False,237,9.758400003192946,0.0006999907782301307,0.0008999923011288047,0.000100000761449337,9.760099987033755
No Overlay,True,True,True,False,238,9.640399992349558,0.0009999930625781417,0.00100000761449337,0.000100000761449337,9.642499993788078
No Overlay,True,True,True,False,239,11.201500004972331,0.0006999907782301307,0.0010999938240274787,0.000200001522898674,11.203499991097488
No Overlay,True,True,True,False,240,10.617799998726696,0.000800006091594696,0.0011999945854768157,0.000100000761449337,10.619900000165217
No Overlay,True,True,True,False,241,10.832999992999248,0.000800006091594696,0.000900006853044033,0.000100000761449337,10.834800006705336
No Overlay,True,True,True,False,242,9.867200002190657,0.0008999923011288047,0.0011999945854768157,0.000100000761449337,9.869399989838712
No Overlay,True,True,True,False,243,9.63919999776408,0.000700005330145359,0.0011999945854768157,0.000100000761449337,9.641199998441152
No Overlay,True,True,True,False,244,9.828900001593865,0.000700005330145359,0.0011999945854768157,0.000100000761449337,9.830900002270937
No Overlay,True,True,True,False,245,9.732900012750179,0.0008999923011288047,0.0008999923011288047,0.000100000761449337,9.734799998113886
No Overlay,True,True,True,False,246,12.004000003798865,0.0006999907782301307,0.0012999953469261527,0.000100000761449337,12.00609999068547
No Overlay,True,True,True,False,247,9.886500003631227,0.000700005330145359,0.001100008375942707,0.000200001522898674,9.888500018860213
No Overlay,True,True,True,False,248,9.686699995654635,0.001200009137392044,0.0017999991541728377,0.000100000761449337,9.68980000470765
No Overlay,True,True,True,False,249,10.562600000412203,0.001400010660290718,0.0015999976312741637,0.000100000761449337,10.565700009465218
No Overlay,True,True,True,False,250,13.27809999929741,0.0015999976312741637,0.0021999876480549574,0.000500003807246685,13.282399988383986
No Overlay,True,True,True,False,251,11.232399992877617,0.0015999976312741637,0.0026000052457675338,0.000100000761449337,11.236699996516109
No Overlay,True,True,True,False,252,15.878699996392243,0.0022000021999701858,0.0020000006770715117,0.000100000761449337,15.883000000030734
No Overlay,True,True,True,False,253,15.285900008166209,0.0017999991541728377,0.0025000044843181968,0.000100000761449337,15.29030001256615
No Overlay,True,True,True,False,254,15.941699995892122,0.0016999983927235007,0.0026000052457675338,0.00039998849388211966,15.946399988024496
No Overlay,True,True,True,False,255,14.902900002198294,0.0009999930625781417,0.0035999983083456755,0.000100000761449337,14.907599994330667
No Overlay,True,True,True,False,256,15.217199994367547,0.0013999961083754897,0.0024000037228688598,0.000100000761449337,15.221099994960241
No Overlay,True,True,True,False,257,15.251300006639212,0.0014999968698248267,0.002700006007216871,0.000600004568696022,15.25610001408495
No Overlay,True,True,True,False,258,16.502300000865944,0.0016999983927235007,0.0022000021999701858,0.000100000761449337,16.506300002220087
No Overlay,True,True,True,False,259,15.576599995256402,0.000700005330145359,0.0039000005926936865,0.0,15.58120000117924
No Overlay,True,True,True,False,260,12.825300000258721,0.0012999953469261527,0.0037999998312443495,0.000100000761449337,12.830499996198341
No Overlay,True,True,True,False,261,10.820300012710504,0.0016999983927235007,0.0016999983927235007,0.000100000761449337,10.8238000102574
No Overlay,True,True,True,False,262,11.471899997559376,0.0012999953469261527,0.0018999999156221747,0.000100000761449337,11.475199993583374
No Overlay,True,True,True,False,263,11.142600007588044,0.001300009898841381,0.0015999976312741637,0.000100000761449337,11.145600015879609
No Overlay,True,True,True,False,264,11.236999998800457,0.0012999953469261527,0.0016999983927235007,0.000100000761449337,11.240099993301556
No Overlay,True,True,True,False,265,11.06679999793414,0.0017999991541728377,0.0020000006770715117,0.000100000761449337,11.070699998526834
No Overlay,True,True,True,False,266,11.87200000276789,0.000900006853044033,0.0035999983083456755,0.000100000761449337,11.87660000869073
No Overlay,True,True,True,False,267,11.197400002856739,0.0018999999156221747,0.003000008291564882,0.000100000761449337,11.202400011825375
No Overlay,True,True,True,False,268,11.219799998798408,0.0016999983927235007,0.0020000006770715117,0.000100000761449337,11.223599998629652
No Overlay,True,True,True,False,269,10.798100003739819,0.001300009898841381,0.0015999976312741637,0.000100000761449337,10.801100012031384
No Overlay,True,True,True,False,270,11.229399999137968,0.0012999953469261527,0.0017999991541728377,0.000200001522898674,11.232699995161965
No Overlay,True,True,True,False,271,10.934899997664616,0.0018999999156221747,0.0021000014385208488,0.000100000761449337,10.938999999780208
No Overlay,True,True,True,False,272,10.325600000214763,0.001300009898841381,0.0017999991541728377,0.000100000761449337,10.328800010029227
No Overlay,True,True,True,False,273,10.54239999211859,0.001300009898841381,0.0014999968698248267,0.000100000761449337,10.545299999648705
No Overlay,True,True,True,False,274,10.44539999566041,0.000800006091594696,0.0034999975468963385,0.000100000761449337,10.44980000006035
No Overlay,True,True,True,False,275,10.412300005555153,0.000700005330145359,0.0011999945854768157,0.000100000761449337,10.414300006232224
No Overlay,True,True,True,False,276,10.657800012268126,0.001200009137392044,0.001200009137392044,0.000100000761449337,10.66030003130436
No Overlay,True,True,True,False,277,10.200500008068047,0.0018999999156221747,0.003200009814463556,0.000100000761449337,10.205700018559583
No Overlay,True,True,True,False,278,10.06460000644438,0.0009999930625781417,0.0036999990697950125,9.998620953410864e-05,10.069399984786287
No Overlay,True,True,True,False,279,10.054300000774674,0.0012999953469261527,0.0017999991541728377,0.000100000761449337,10.057499996037222
No Overlay,True,True,True,False,280,9.829200003878213,0.0011999945854768157,0.0012999953469261527,0.000100000761449337,9.831799994572066
No Overlay,True,True,True,False,281,10.028100005001761,0.000600004568696022,0.0031999952625483274,0.000100000761449337,10.032000005594455
No Overlay,True,True,True,False,282,10.206699997070245,0.001200009137392044,0.0018999999156221747,0.000100000761449337,10.209900006884709
No Overlay,True,True,True,False,283,11.457000000518747,0.0007999915396794677,0.0029999937396496534,0.000100000761449337,11.460899986559525
No Overlay,True,True,True,False,284,10.297300003003329,0.0020000006770715117,0.0026000052457675338,0.00019998697098344564,10.302099995897152
No Overlay,True,True,True,False,285,9.890399989672005,0.0015999976312741637,0.0014999968698248267,0.000100000761449337,9.893599984934554
No Overlay,True,True,True,False,286,9.90530000126455,0.0014999968698248267,0.0012999953469261527,0.000100000761449337,9.90819999424275
No Overlay,True,True,True,False,287,9.979599999496713,0.001300009898841381,0.0017999991541728377,0.000100000761449337,9.982800009311177
No Overlay,True,True,True,False,288,10.157900003832765,0.0012999953469261527,0.001800013706088066,0.000100000761449337,10.161100013647228
No Overlay,True,True,True,False,289,10.104400003910996,0.001600012183189392,0.0013999961083754897,0.000100000761449337,10.10750001296401
No Overlay,True,True,True,False,290,10.233499997411855,0.0010999938240274787,0.0015999976312741637,0.000100000761449337,10.236299989628606
No Overlay,True,True,True,False,291,10.047700008726679,0.0012999953469261527,0.0015999976312741637,0.000200001522898674,10.050800003227778
No Overlay,True,True,True,False,292,10.232500004349276,0.0013999961083754897,0.0016999983927235007,0.000100000761449337,10.235699999611825
No Overlay,True,True,True,False,293,9.64830000884831,0.0012999953469261527,0.0013999961083754897,0.000100000761449337,9.65110000106506
No Overlay,True,True,True,False,294,9.843599997111596,0.0015999976312741637,0.0012999953469261527,0.000100000761449337,9.846599990851246
No Overlay,True,True,True,False,295,10.134700001799501,0.001200009137392044,0.001500011421740055,0.000100000761449337,10.137500023120083
No Overlay,True,True,True,False,296,9.554399992339313,0.001300009898841381,0.0016999983927235007,0.000100000761449337,9.557500001392327
No Overlay,True,True,True,False,297,9.798400002182461,0.000700005330145359,0.0026999914553016424,0.000100000761449337,9.801899999729358
No Overlay,True,True,True,False,298,9.795199992367998,0.0007999915396794677,0.0009999930625781417,0.000100000761449337,9.797099977731705
No Overlay,True,True,True,False,299,9.328800006187521,0.000600004568696022,0.00100000761449337,0.0,9.33040001837071
YOLO Only,True,False,False,False,0,9.738900000229478,0.000100000761449337,0.000300002284348011,0.000100000761449337,9.739400004036725
YOLO Only,True,False,False,False,1,9.856599994236603,0.000200001522898674,0.00019998697098344564,0.000100000761449337,9.857099983491935
YOLO Only,True,False,False,False,2,9.94610000634566,0.000200001522898674,0.000100000761449337,0.000100000761449337,9.946500009391457
YOLO Only,True,False,False,False,3,9.628600004361942,0.000200001522898674,0.000100000761449337,0.000100000761449337,9.62900000740774
YOLO Only,True,False,False,False,4,9.722100003273226,0.000100000761449337,0.000300002284348011,0.000100000761449337,9.722600007080473
YOLO Only,True,False,False,False,5,9.639099997002631,0.000200001522898674,0.0005999900167807937,0.000100000761449337,9.63999998930376
YOLO Only,True,False,False,False,6,9.60670001222752,0.00019998697098344564,0.000100000761449337,0.000100000761449337,9.607100000721402
YOLO Only,True,False,False,False,7,9.461999987252057,0.000100000761449337,0.000100000761449337,0.000100000761449337,9.462299989536405
YOLO Only,True,False,False,False,8,9.437899992917664,0.000300002284348011,0.000300002284348011,0.000100000761449337,9.43859999824781
YOLO Only,True,False,False,False,9,11.431799997808412,0.000300002284348011,0.000200001522898674,0.000100000761449337,11.432400002377108
YOLO Only,True,False,False,False,10,11.47800000035204,0.000200001522898674,0.000100000761449337,0.000100000761449337,11.478400003397837
YOLO Only,True,False,False,False,11,12.17200000246521,0.00019998697098344564,0.000200001522898674,0.000100000761449337,12.172499991720542
YOLO Only,True,False,False,False,12,14.228900006855838,0.000300002284348011,0.00019998697098344564,0.000100000761449337,14.229499996872619
YOLO Only,True,False,False,False,13,17.80980000330601,0.00029998773243278265,0.000300002284348011,0.000100000761449337,17.81049999408424
YOLO Only,True,False,False,False,14,13.158000001567416,0.000300002284348011,0.000200001522898674,0.000100000761449337,13.158600006136112
YOLO Only,True,False,False,False,15,18.697099993005395,0.000200001522898674,0.000300002284348011,0.0,18.69759999681264
YOLO Only,True,False,False,False,16,15.395000009448268,0.00039998849388211966,0.000200001522898674,0.000100000761449337,15.395700000226498
YOLO Only,True,False,False,False,17,11.200200009625405,0.000200001522898674,0.000300002284348011,0.000100000761449337,11.200800014194101
YOLO Only,True,False,False,False,18,13.267100002849475,0.000100000761449337,0.000200001522898674,0.000100000761449337,13.267500005895272
YOLO Only,True,False,False,False,19,12.412800002493896,0.000600004568696022,0.000400003045797348,0.000100000761449337,12.413900010869838
YOLO Only,True,False,False,False,20,15.01980000466574,0.000300002284348011,0.000300002284348011,0.000100000761449337,15.020500009995885
YOLO Only,True,False,False,False,21,17.407000006642193,0.000300002284348011,0.000100000761449337,0.000100000761449337,17.40750001044944
YOLO Only,True,False,False,False,22,15.942500001983717,0.000300002284348011,0.00019998697098344564,0.000100000761449337,15.943099992000498
YOLO Only,True,False,False,False,23,15.621300000930205,0.000200001522898674,0.000300002284348011,0.000100000761449337,15.621900005498901
YOLO Only,True,False,False,False,24,15.29379999556113,0.000300002284348011,0.00019998697098344564,0.000100000761449337,15.294399985577911
YOLO Only,True,False,False,False,25,10.945100002572872,0.000200001522898674,0.000100000761449337,0.000100000761449337,10.945500005618669
YOLO Only,True,False,False,False,26,11.02829999581445,0.000200001522898674,0.000100000761449337,9.998620953410864e-05,11.028699984308332
YOLO Only,True,False,False,False,27,11.639300006208941,0.000100000761449337,0.000100000761449337,0.000100000761449337,11.63960000849329
YOLO Only,True,False,False,False,28,10.545600001933053,0.000200001522898674,0.000300002284348011,0.000100000761449337,10.54620000650175
YOLO Only,True,False,False,False,29,10.561199989751913,0.000200001522898674,0.000100000761449337,0.0,10.56149999203626
YOLO Only,True,False,False,False,30,10.49559999955818,0.000200001522898674,0.000200001522898674,0.000100000761449337,10.496100003365427
YOLO Only,True,False,False,False,31,19.17660000617616,0.000300002284348011,0.00019998697098344564,0.000100000761449337,19.17719999619294
YOLO Only,True,False,False,False,32,17.033000010997057,0.000400003045797348,0.000200001522898674,0.00019998697098344564,17.033800002536736
YOLO Only,True,False,False,False,33,16.47889999730978,0.000400003045797348,0.000600004568696022,9.998620953410864e-05,16.47999999113381
YOLO Only,True,False,False,False,34,14.246300008380786,0.000300002284348011,0.000100000761449337,0.000100000761449337,14.246800012188032
YOLO Only,True,False,False,False,35,14.501300000119954,0.000400003045797348,0.000400003045797348,0.000100000761449337,14.502200006972998
YOLO Only,True,False,False,False,36,13.563899992732331,0.000200001522898674,0.000200001522898674,0.000100000761449337,13.564399996539578
YOLO Only,True,False,False,False,37,12.862199990195222,0.000200001522898674,0.000200001522898674,0.000100000761449337,12.862699994002469
YOLO Only,True,False,False,False,38,13.389100000495091,0.000300002284348011,0.000200001522898674,0.000200001522898674,13.389800005825236
YOLO Only,True,False,False,False,39,16.171099996427074,0.000400003045797348,0.000300002284348011,0.000100000761449337,16.17190000251867
YOLO Only,True,False,False,False,40,11.718200010363944,0.000200001522898674,0.000500003807246685,0.0,11.71890001569409
YOLO Only,True,False,False,False,41,9.851199996774085,0.000100000761449337,0.000200001522898674,0.000100000761449337,9.851599999819882
YOLO Only,True,False,False,False,42,9.493600009591319,0.00019998697098344564,0.000300002284348011,0.000100000761449337,9.4941999996081
YOLO Only,True,False,False,False,43,9.454700004425831,0.000200001522898674,0.000300002284348011,0.000100000761449337,9.455300008994527
YOLO Only,True,False,False,False,44,9.554499993100762,0.000200001522898674,0.000100000761449337,0.000100000761449337,9.55489999614656
YOLO Only,True,False,False,False,45,9.516499994788319,0.00019998697098344564,0.000300002284348011,0.0,9.51699998404365
YOLO Only,True,False,False,False,46,9.757500010891818,0.000200001522898674,0.000100000761449337,0.000100000761449337,9.757900013937615
YOLO Only,True,False,False,False,47,9.38460000907071,0.000200001522898674,0.000100000761449337,0.000100000761449337,9.385000012116507
YOLO Only,True,False,False,False,48,9.342699995613657,0.000200001522898674,0.000100000761449337,0.0,9.342999997898005
YOLO Only,True,False,False,False,49,9.39249999646563,0.00019998697098344564,0.000200001522898674,0.000100000761449337,9.392999985720962
YOLO Only,True,False,False,False,50,10.071500000776723,0.000200001522898674,0.000200001522898674,0.000100000761449337,10.07200000458397
YOLO Only,True,False,False,False,51,11.419300004490651,0.000200001522898674,0.000300002284348011,9.998620953410864e-05,11.419899994507432
YOLO Only,True,False,False,False,52,11.221399996429682,0.000200001522898674,0.000100000761449337,0.000100000761449337,11.22179999947548
YOLO Only,True,False,False,False,53,10.653599994839169,0.000200001522898674,0.000200001522898674,0.0,10.653999997884966
YOLO Only,True,False,False,False,54,10.502899996936321,0.000200001522898674,0.000200001522898674,0.000100000761449337,10.503400000743568
YOLO Only,True,False,False,False,55,11.271700001088902,0.000100000761449337,0.000300002284348011,9.998620953410864e-05,11.272199990344234
YOLO Only,True,False,False,False,56,10.995599994203076,0.000200001522898674,0.000200001522898674,0.0,10.995999997248873
YOLO Only,True,False,False,False,57,12.7751999971224,0.000200001522898674,0.000300002284348011,0.000100000761449337,12.775800001691096
YOLO Only,True,False,False,False,58,13.37010000133887,0.000200001522898674,0.000400003045797348,0.000200001522898674,13.370900007430464
YOLO Only,True,False,False,False,59,11.641999997664243,0.00019998697098344564,0.000200001522898674,0.0,11.642399986158125
YOLO Only,True,False,False,False,60,11.484699993161485,0.000500003807246685,0.000400003045797348,0.000100000761449337,11.485700000775978
YOLO Only,True,False,False,False,61,11.328199994750321,0.00019998697098344564,0.000300002284348011,0.000100000761449337,11.328799984767102
YOLO Only,True,False,False,False,62,11.2749999971129,0.000200001522898674,0.000200001522898674,0.0,11.275400000158697
YOLO Only,True,False,False,False,63,11.320700010401197,0.000200001522898674,0.000400003045797348,0.000100000761449337,11.321400015731342
YOLO Only,True,False,False,False,64,11.265799999819137,0.000200001522898674,0.000200001522898674,0.0,11.266200002864935
YOLO Only,True,False,False,False,65,11.324999999487773,0.000200001522898674,0.000200001522898674,0.000100000761449337,11.32550000329502
YOLO Only,True,False,False,False,66,12.039500012178905,0.000200001522898674,0.000100000761449337,0.000100000761449337,12.039900015224703
YOLO Only,True,False,False,False,67,11.302700004307553,0.000300002284348011,0.000200001522898674,0.000100000761449337,11.30330000887625
YOLO Only,True,False,False,False,68,9.964000011677854,0.000200001522898674,0.000100000761449337,0.000100000761449337,9.964400014723651
YOLO Only,True,False,False,False,69,9.493100005784072,0.000200001522898674,0.000100000761449337,0.000100000761449337,9.49350000882987
YOLO Only,True,False,False,False,70,9.635900001740083,0.000200001522898674,0.000100000761449337,9.998620953410864e-05,9.636299990233965
YOLO Only,True,False,False,False,71,9.481100001721643,0.00019998697098344564,0.000100000761449337,0.000100000761449337,9.481499990215525
YOLO Only,True,False,False,False,72,9.959699993487448,0.000100000761449337,0.000100000761449337,0.000100000761449337,9.959999995771796
YOLO Only,True,False,False,False,73,9.608499996829778,0.000300002284348011,0.000100000761449337,0.0,9.608899999875575
YOLO Only,True,False,False,False,74,10.288899997249246,0.0005999900167807937,0.000200001522898674,0.0,10.289699988788925
YOLO Only,True,False,False,False,75,10.547199999564327,0.000200001522898674,0.000100000761449337,0.000100000761449337,10.547600002610125
YOLO Only,True,False,False,False,76,9.967100006178953,0.00019998697098344564,0.000100000761449337,0.0,9.967399993911386
YOLO Only,True,False,False,False,77,11.049599997932091,0.000200001522898674,0.000200001522898674,0.0,11.050000000977889
YOLO Only,True,False,False,False,78,10.026599993580021,0.000200001522898674,0.00019998697098344564,0.0,10.026999982073903
YOLO Only,True,False,False,False,79,10.022000002209097,0.000200001522898674,0.000200001522898674,0.0,10.022400005254894
YOLO Only,True,False,False,False,80,9.679700000560842,0.000200001522898674,0.000200001522898674,0.000100000761449337,9.68020000436809
YOLO Only,True,False,False,False,81,9.736599997268058,0.000200001522898674,0.000200001522898674,0.000100000761449337,9.737100001075305
YOLO Only,True,False,False,False,82,9.642499993788078,0.000200001522898674,0.000200001522898674,0.000100000761449337,9.642999997595325
YOLO Only,True,False,False,False,83,10.127900008228607,0.000100000761449337,0.000300002284348011,0.000100000761449337,10.128400012035854
YOLO Only,True,False,False,False,84,10.140400001546368,0.000200001522898674,0.000200001522898674,0.0,10.140800004592165
YOLO Only,True,False,False,False,85,10.153399998671375,0.000100000761449337,0.000400003045797348,0.000100000761449337,10.154000003240071
YOLO Only,True,False,False,False,86,9.640300006140023,0.000200001522898674,0.000200001522898674,0.0,9.64070000918582
YOLO Only,True,False,False,False,87,11.151099999551661,0.000300002284348011,0.000200001522898674,0.000100000761449337,11.151700004120357
YOLO Only,True,False,False,False,88,10.717800003476441,0.000100000761449337,0.000200001522898674,0.000100000761449337,10.718200006522238
YOLO Only,True,False,False,False,89,10.617199994158,0.000200001522898674,0.000200001522898674,0.000100000761449337,10.617699997965246
YOLO Only,True,False,False,False,90,13.069299995549954,0.000200001522898674,0.00019998697098344564,0.0,13.069699984043837
YOLO Only,True,False,False,False,91,11.24530000379309,0.000200001522898674,9.998620953410864e-05,0.000100000761449337,11.245699992286973
YOLO Only,True,False,False,False,92,11.829700000816956,0.000100000761449337,0.000100000761449337,0.0,11.829900002339855
YOLO Only,True,False,False,False,93,11.442400005762465,0.000200001522898674,0.000200001522898674,0.0,11.442800008808263
YOLO Only,True,False,False,False,94,10.508799998206086,0.000200001522898674,0.000200001522898674,0.0,10.509200001251884
YOLO Only,True,False,False,False,95,10.583700001006946,0.000200001522898674,0.000200001522898674,0.0,10.584100004052743
YOLO Only,True,False,False,False,96,10.644599999068305,0.000200001522898674,0.000300002284348011,0.0,10.645100002875552
YOLO Only,True,False,False,False,97,10.210799999185838,0.000200001522898674,0.000200001522898674,0.000100000761449337,10.211300002993084
YOLO Only,True,False,False,False,98,10.761800003820099,0.000200001522898674,0.00019998697098344564,0.000100000761449337,10.76229999307543
YOLO Only,True,False,False,False,99,12.44099999894388,0.000200001522898674,0.000500003807246685,0.000400003045797348,12.442100007319823
YOLO Only,True,False,False,False,100,10.76610000745859,0.000200001522898674,0.000200001522898674,0.000100000761449337,10.766600011265837
YOLO Only,True,False,False,False,101,10.852699997485615,0.000200001522898674,0.000100000761449337,0.0,10.852999999769963
YOLO Only,True,False,False,False,102,10.541800002101809,0.000200001522898674,0.000200001522898674,0.000100000761449337,10.542300005909055
YOLO Only,True,False,False,False,103,10.72899998689536,0.000200001522898674,0.000300002284348011,0.000100000761449337,10.729599991464056
YOLO Only,True,False,False,False,104,10.228599989204668,0.000200001522898674,0.000200001522898674,0.000300002284348011,10.229299994534813
YOLO Only,True,False,False,False,105,10.48379999701865,0.00019998697098344564,0.000200001522898674,0.0,10.484199985512532
YOLO Only,True,False,False,False,106,10.871999998926185,0.000200001522898674,0.000300002284348011,0.000100000761449337,10.872600003494881
YOLO Only,True,False,False,False,107,10.024799994425848,0.000200001522898674,0.000300002284348011,0.000100000761449337,10.025399998994544
YOLO Only,True,False,False,False,108,9.76960000116378,0.00019998697098344564,0.000100000761449337,0.000100000761449337,9.769999989657663
YOLO Only,True,False,False,False,109,10.347299990826286,0.000200001522898674,0.000100000761449337,0.0,10.347599993110634
YOLO Only,True,False,False,False,110,9.925699996529147,0.000200001522898674,0.000200001522898674,0.0,9.926099999574944
YOLO Only,True,False,False,False,111,10.020699992310256,0.000300002284348011,0.000300002284348011,0.0,10.021299996878952
YOLO Only,True,False,False,False,112,10.21259999834001,0.000200001522898674,0.000100000761449337,0.000100000761449337,10.213000001385808
YOLO Only,True,False,False,False,113,9.727299999212846,0.000600004568696022,0.000300002284348011,0.0,9.72820000606589
YOLO Only,True,False,False,False,114,9.858499994152226,0.000100000761449337,0.000100000761449337,0.000100000761449337,9.858799996436574
YOLO Only,True,False,False,False,115,9.575900010531768,0.000200001522898674,0.000100000761449337,0.000100000761449337,9.576300013577566
YOLO Only,True,False,False,False,116,9.751499994308688,0.000100000761449337,0.000100000761449337,0.000100000761449337,9.751799996593036
YOLO Only,True,False,False,False,117,9.506099988357164,0.000200001522898674,0.000100000761449337,0.0,9.506399990641512
YOLO Only,True,False,False,False,118,9.644800011301413,0.000200001522898674,0.000200001522898674,0.0,9.64520001434721
YOLO Only,True,False,False,False,119,9.960300012608059,0.000200001522898674,0.000100000761449337,0.000100000761449337,9.960700015653856
YOLO Only,True,False,False,False,120,10.069099997053854,0.000200001522898674,0.000200001522898674,0.0,10.069500000099652
YOLO Only,True,False,False,False,121,9.84240000252612,0.000300002284348011,0.000200001522898674,0.000100000761449337,9.843000007094815
YOLO Only,True,False,False,False,122,9.99930000398308,0.000200001522898674,0.0004999892553314567,0.0,9.99999999476131
YOLO Only,True,False,False,False,123,10.197299998253584,0.000200001522898674,0.000300002284348011,0.000100000761449337,10.19790000282228
YOLO Only,True,False,False,False,124,10.579399997368455,0.000300002284348011,0.000200001522898674,0.0,10.579900001175702
YOLO Only,True,False,False,False,125,10.716099990531802,0.000200001522898674,0.000200001522898674,0.000100000761449337,10.716599994339049
YOLO Only,True,False,False,False,126,10.282399991410784,0.000200001522898674,0.000200001522898674,0.000100000761449337,10.282899995218031
YOLO Only,True,False,False,False,127,10.550300008617342,0.000200001522898674,0.000200001522898674,0.000100000761449337,10.550800012424588
YOLO Only,True,False,False,False,128,10.593700004392304,0.000200001522898674,0.000100000761449337,0.000100000761449337,10.5941000074381
YOLO Only,True,False,False,False,129,10.001299990108237,0.00019998697098344564,0.000100000761449337,0.0,10.00159997784067
YOLO Only,True,False,False,False,130,10.07930000196211,0.000300002284348011,0.000300002284348011,0.0,10.079900006530806
YOLO Only,True,False,False,False,131,9.701800008770078,0.000200001522898674,0.00019998697098344564,0.000100000761449337,9.70229999802541
YOLO Only,True,False,False,False,132,9.708499987027608,0.000200001522898674,0.000100000761449337,0.000100000761449337,9.708899990073405
YOLO Only,True,False,False,False,133,9.711399994557723,0.00029998773243278265,0.000100000761449337,0.000100000761449337,9.711899983813055
YOLO Only,True,False,False,False,134,10.001799993915483,0.00019998697098344564,0.000100000761449337,0.000100000761449337,10.002199982409365
YOLO Only,True,False,False,False,135,9.9564999982249,0.000200001522898674,0.000200001522898674,0.000100000761449337,9.957000002032146
YOLO Only,True,False,False,False,136,10.107100009918213,0.000200001522898674,0.000100000761449337,0.000100000761449337,10.10750001296401
YOLO Only,True,False,False,False,137,9.648599996580742,0.000200001522898674,0.000100000761449337,0.0,9.64889999886509
YOLO Only,True,False,False,False,138,9.812699994654395,0.000200001522898674,0.000100000761449337,0.000100000761449337,9.813099997700192
YOLO Only,True,False,False,False,139,10.065099995699711,0.00019998697098344564,0.000200001522898674,0.000100000761449337,10.065599984955043
YOLO Only,True,False,False,False,140,9.530900002573617,9.998620953410864e-05,0.000200001522898674,0.000100000761449337,9.531299991067499
YOLO Only,True,False,False,False,141,9.527699992759153,0.000200001522898674,0.000200001522898674,0.0,9.52809999580495
YOLO Only,True,False,False,False,142,9.719599998788908,0.000200001522898674,0.000200001522898674,0.000100000761449337,9.720100002596155
YOLO Only,True,False,False,False,143,9.57850000122562,0.000100000761449337,0.000100000761449337,0.000100000761449337,9.578800003509969
YOLO Only,True,False,False,False,144,9.921699995175004,0.000200001522898674,9.998620953410864e-05,0.000100000761449337,9.922099983668886
YOLO Only,True,False,False,False,145,9.675200009951368,9.998620953410864e-05,0.000200001522898674,0.000100000761449337,9.67559999844525
YOLO Only,True,False,False,False,146,9.415300010005012,0.000300002284348011,0.000300002284348011,0.000100000761449337,9.416000015335158
YOLO Only,True,False,False,False,147,9.909000000334345,0.000200001522898674,0.000200001522898674,0.0,9.909400003380142
YOLO Only,True,False,False,False,148,9.761399996932596,0.00019998697098344564,0.000100000761449337,0.000100000761449337,9.761799985426478
YOLO Only,True,False,False,False,149,9.599199998774566,0.000100000761449337,0.000100000761449337,0.000100000761449337,9.599500001058914
YOLO Only,True,False,False,False,150,9.823399988817982,0.000200001522898674,0.000200001522898674,0.000100000761449337,9.823899992625229
YOLO Only,True,False,False,False,151,9.886900006677024,0.000200001522898674,0.000100000761449337,0.0,9.887200008961372
YOLO Only,True,False,False,False,152,10.609999997541308,0.000300002284348011,0.000400003045797348,9.998620953410864e-05,10.610799989080988
YOLO Only,True,False,False,False,153,9.62509999226313,0.000200001522898674,0.000200001522898674,0.000100000761449337,9.625599996070378
YOLO Only,True,False,False,False,154,9.878099997877143,0.000200001522898674,0.000200001522898674,0.000100000761449337,9.87860000168439
YOLO Only,True,False,False,False,155,9.84020000032615,0.000500003807246685,0.000200001522898674,0.0,9.840900005656295
YOLO Only,True,False,False,False,156,9.67329999548383,0.000200001522898674,0.000200001522898674,0.0,9.673699998529628
YOLO Only,True,False,False,False,157,9.404100012034178,0.000200001522898674,0.000300002284348011,0.000100000761449337,9.404700016602874
YOLO Only,True,False,False,False,158,9.972799991373904,0.000200001522898674,0.000100000761449337,0.0,9.973099993658252
YOLO Only,True,False,False,False,159,9.758299987879582,0.000200001522898674,0.000100000761449337,0.000100000761449337,9.758699990925379
YOLO Only,True,False,False,False,160,9.65340000402648,0.000100000761449337,0.000200001522898674,0.0,9.653700006310828
YOLO Only,True,False,False,False,161,9.523900007479824,0.00019998697098344564,0.000100000761449337,0.000100000761449337,9.524299995973706
YOLO Only,True,False,False,False,162,9.76230000378564,0.00019998697098344564,0.000100000761449337,0.000100000761449337,9.762699992279522
YOLO Only,True,False,False,False,163,9.870399997453205,0.000100000761449337,0.000100000761449337,0.000100000761449337,9.870699999737553
YOLO Only,True,False,False,False,164,9.483600006205961,0.000200001522898674,0.000100000761449337,0.0,9.48390000849031
YOLO Only,True,False,False,False,165,9.757400010130368,0.000100000761449337,0.000100000761449337,0.0,9.757600011653267
YOLO Only,True,False,False,False,166,9.605100000044331,0.000200001522898674,0.000100000761449337,0.0,9.605400002328679
YOLO Only,True,False,False,False,167,10.0838000071235,0.000300002284348011,0.000200001522898674,0.000100000761449337,10.084400011692196
YOLO Only,True,False,False,False,168,9.68519999878481,0.000200001522898674,0.000200001522898674,0.000100000761449337,9.685700002592057
YOLO Only,True,False,False,False,169,9.646399994380772,0.000200001522898674,0.000100000761449337,0.000100000761449337,9.64679999742657
YOLO Only,True,False,False,False,170,9.890900008031167,0.00019998697098344564,0.000100000761449337,0.000100000761449337,9.89129999652505
YOLO Only,True,False,False,False,171,10.148600005777553,0.000100000761449337,0.000100000761449337,0.0,10.148800007300451
YOLO Only,True,False,False,False,172,9.807299997191876,0.000200001522898674,0.000200001522898674,0.000100000761449337,9.807800000999123
YOLO Only,True,False,False,False,173,9.650799998780712,0.000200001522898674,0.000200001522898674,0.0,9.65120000182651
YOLO Only,True,False,False,False,174,9.590700006810948,0.000300002284348011,0.000200001522898674,0.000100000761449337,9.591300011379644
YOLO Only,True,False,False,False,175,9.564500011038035,0.000200001522898674,0.000200001522898674,0.0,9.564900014083833
YOLO Only,True,False,False,False,176,9.466899995459244,0.000200001522898674,0.000200001522898674,0.000100000761449337,9.46739999926649
YOLO Only,True,False,False,False,177,9.984100004658103,0.000200001522898674,0.000100000761449337,0.000100000761449337,9.9845000077039
YOLO Only,True,False,False,False,178,9.686799996416084,0.000200001522898674,0.000200001522898674,0.000100000761449337,9.687300000223331
YOLO Only,True,False,False,False,179,11.000899990904145,0.000200001522898674,0.000100000761449337,0.000100000761449337,11.001299993949942
YOLO Only,True,False,False,False,180,9.719099994981661,0.000200001522898674,0.00019998697098344564,0.0,9.719499983475544
YOLO Only,True,False,False,False,181,9.716499989735894,0.000200001522898674,0.000300002284348011,0.000100000761449337,9.71709999430459
YOLO Only,True,False,False,False,182,9.608200009097345,0.000200001522898674,0.000100000761449337,9.998620953410864e-05,9.608599997591227
YOLO Only,True,False,False,False,183,9.750700002769008,0.000100000761449337,0.000200001522898674,0.0,9.751000005053356
YOLO Only,True,False,False,False,184,10.110000002896413,0.000300002284348011,0.000200001522898674,0.000100000761449337,10.11060000746511
YOLO Only,True,False,False,False,185,10.301499991328456,0.000200001522898674,0.000200001522898674,0.000100000761449337,10.301999995135702
YOLO Only,True,False,False,False,186,11.3201000058325,0.000200001522898674,0.000100000761449337,0.000100000761449337,11.320500008878298
YOLO Only,True,False,False,False,187,11.509399992064573,0.000200001522898674,0.000200001522898674,0.0,11.50979999511037
YOLO Only,True,False,False,False,188,11.9468000048073,0.000200001522898674,0.000200001522898674,0.0,11.947200007853098
YOLO Only,True,False,False,False,189,11.369499989086762,0.000300002284348011,0.000300002284348011,0.000100000761449337,11.370199994416907
YOLO Only,True,False,False,False,190,12.688100003288127,0.000300002284348011,0.000100000761449337,0.000100000761449337,12.688600007095374
YOLO Only,True,False,False,False,191,12.664600013522431,0.000200001522898674,0.000300002284348011,0.000100000761449337,12.665200018091127
YOLO Only,True,False,False,False,192,11.951199994655326,0.000300002284348011,0.00019998697098344564,0.000400003045797348,11.952099986956455
YOLO Only,True,False,False,False,193,17.633700001169927,0.001100008375942707,0.0007999915396794677,0.000100000761449337,17.635700001847
YOLO Only,True,False,False,False,194,16.903199997614138,0.000200001522898674,0.0004999892553314567,0.000100000761449337,16.903999989153817
YOLO Only,True,False,False,False,195,14.498300006380305,0.000100000761449337,0.00019998697098344564,0.0,14.498599994112737
YOLO Only,True,False,False,False,196,13.877300007152371,0.00019998697098344564,0.000300002284348011,0.000100000761449337,13.877899997169152
YOLO Only,True,False,False,False,197,14.622100003180094,0.000100000761449337,0.000500003807246685,0.000100000761449337,14.62280000851024
YOLO Only,True,False,False,False,198,10.291700004017912,0.000200001522898674,0.000100000761449337,0.000100000761449337,10.29210000706371
YOLO Only,True,False,False,False,199,12.01200000650715,0.000200001522898674,0.000200001522898674,0.000100000761449337,12.012500010314398
YOLO Only,True,False,False,False,200,11.61570000112988,0.000200001522898674,0.000200001522898674,0.000100000761449337,11.616200004937127
YOLO Only,True,False,False,False,201,18.91319999413099,0.000200001522898674,0.000100000761449337,0.000100000761449337,18.91359999717679
YOLO Only,True,False,False,False,202,11.047399995732121,0.000300002284348011,0.000200001522898674,0.0,11.047899999539368
YOLO Only,True,False,False,False,203,16.375800012610853,0.000300002284348011,0.000400003045797348,0.000100000761449337,16.376600018702447
YOLO Only,True,False,False,False,204,23.389100009808317,0.000300002284348011,0.000300002284348011,0.000100000761449337,23.389800015138462
YOLO Only,True,False,False,False,205,20.394899998791516,0.000300002284348011,0.000200001522898674,0.0,20.395400002598763
YOLO Only,True,False,False,False,206,14.465599990217015,0.000200001522898674,0.000200001522898674,0.000100000761449337,14.466099994024262
YOLO Only,True,False,False,False,207,11.49499999883119,0.000300002284348011,0.000200001522898674,0.000200001522898674,11.495700004161336
YOLO Only,True,False,False,False,208,15.537599989329465,0.000300002284348011,0.00039998849388211966,0.000100000761449337,15.538399980869144
YOLO Only,True,False,False,False,209,17.237499996554106,0.000300002284348011,0.000100000761449337,0.000100000761449337,17.238000000361353
YOLO Only,True,False,False,False,210,16.43970000441186,0.000300002284348011,0.000200001522898674,0.000100000761449337,16.440300008980557
YOLO Only,True,False,False,False,211,15.861799998674542,0.000300002284348011,0.000300002284348011,0.000100000761449337,15.862500004004687
YOLO Only,True,False,False,False,212,47.786299997824244,0.000300002284348011,0.000200001522898674,0.000300002284348011,47.78710000391584
YOLO Only,True,False,False,False,213,20.46120000886731,0.000400003045797348,0.000300002284348011,0.000100000761449337,20.462000014958903
YOLO Only,True,False,False,False,214,22.0195000001695,0.000400003045797348,0.000400003045797348,9.998620953410864e-05,22.02039999247063
YOLO Only,True,False,False,False,215,18.15869999700226,0.000400003045797348,0.000400003045797348,0.000100000761449337,18.159600003855303
YOLO Only,True,False,False,False,216,19.570900010876358,0.0004999892553314567,0.000400003045797348,0.000100000761449337,19.571900003938936
YOLO Only,True,False,False,False,217,21.4782999973977,0.000300002284348011,0.000200001522898674,0.000200001522898674,21.479000002727844
YOLO Only,True,False,False,False,218,22.075700006098486,0.000400003045797348,0.000300002284348011,0.000100000761449337,22.07650001219008
YOLO Only,True,False,False,False,219,19.36299999943003,0.000400003045797348,0.000300002284348011,0.000100000761449337,19.363800005521625
YOLO Only,True,False,False,False,220,22.179199993843213,0.0005999900167807937,0.000200001522898674,0.00029998773243278265,22.180299973115325
YOLO Only,True,False,False,False,221,20.31949999218341,0.000300002284348011,0.000300002284348011,0.000100000761449337,20.320199997513555
YOLO Only,True,False,False,False,222,21.08099999895785,0.000300002284348011,0.00039998849388211966,0.000200001522898674,21.08189999125898
YOLO Only,True,False,False,False,223,20.95489999919664,0.000400003045797348,0.000200001522898674,0.000100000761449337,20.955600004526787
YOLO Only,True,False,False,False,224,20.613200002117082,0.000500003807246685,0.00029998773243278265,0.000100000761449337,20.61409999441821
YOLO Only,True,False,False,False,225,20.22920000308659,0.000300002284348011,0.000400003045797348,9.998620953410864e-05,20.22999999462627
YOLO Only,True,False,False,False,226,20.823499988182448,0.00039998849388211966,0.000200001522898674,0.000100000761449337,20.824199978960678
YOLO Only,True,False,False,False,227,20.366099997772835,0.000300002284348011,0.000500003807246685,0.000100000761449337,20.36700000462588
YOLO Only,True,False,False,False,228,20.09849999740254,0.000400003045797348,0.000400003045797348,0.000100000761449337,20.099400004255585
YOLO Only,True,False,False,False,229,19.4958000065526,0.000400003045797348,0.000200001522898674,0.000100000761449337,19.496500011882745
YOLO Only,True,False,False,False,230,18.628000005264767,0.000300002284348011,0.00029998773243278265,0.000200001522898674,18.628799996804446
YOLO Only,True,False,False,False,231,18.61800000187941,0.000300002284348011,0.000200001522898674,0.000100000761449337,18.618600006448105
YOLO Only,True,False,False,False,232,17.798799992306158,0.000400003045797348,0.000200001522898674,0.000200001522898674,17.799599998397753
YOLO Only,True,False,False,False,233,18.61510000890121,0.000400003045797348,0.000200001522898674,0.000200001522898674,18.615900014992803
YOLO Only,True,False,False,False,234,18.26079998863861,0.000300002284348011,0.000300002284348011,0.00019998697098344564,18.26159998017829
YOLO Only,True,False,False,False,235,18.019700000877492,0.000300002284348011,0.000200001522898674,0.000200001522898674,18.020400006207637
YOLO Only,True,False,False,False,236,20.061400005943142,0.00039998849388211966,0.000200001522898674,0.000100000761449337,20.062099996721372
YOLO Only,True,False,False,False,237,17.955800009076484,0.000400003045797348,0.000400003045797348,0.000300002284348011,17.956900017452426
YOLO Only,True,False,False,False,238,18.216200012830086,0.000400003045797348,0.00029998773243278265,0.000100000761449337,18.217000004369766
YOLO Only,True,False,False,False,239,18.402299989247695,0.00039998849388211966,0.000200001522898674,0.000100000761449337,18.402999980025925
YOLO Only,True,False,False,False,240,17.398899988620542,0.000400003045797348,0.000200001522898674,0.000100000761449337,17.399599993950687
YOLO Only,True,False,False,False,241,17.28529999672901,0.000400003045797348,0.000200001522898674,0.000200001522898674,17.286100002820604
YOLO Only,True,False,False,False,242,18.87440000427887,0.00039998849388211966,0.000200001522898674,0.000100000761449337,18.8750999950571
YOLO Only,True,False,False,False,243,19.15119998739101,0.000400003045797348,0.000200001522898674,0.000100000761449337,19.151899992721155
YOLO Only,True,False,False,False,244,19.681899997522123,0.000400003045797348,0.000300002284348011,0.000200001522898674,19.682800004375167
YOLO Only,True,False,False,False,245,18.544100006693043,0.000300002284348011,0.00039998849388211966,0.000200001522898674,18.54499999899417
YOLO Only,True,False,False,False,246,18.074200008413754,0.000700005330145359,0.000500003807246685,0.000100000761449337,18.075500018312596
YOLO Only,True,False,False,False,247,19.757900008698925,0.000500003807246685,0.000400003045797348,0.000100000761449337,19.75890001631342
YOLO Only,True,False,False,False,248,19.4335999985924,0.000300002284348011,0.000200001522898674,0.000100000761449337,19.434200003161095
YOLO Only,True,False,False,False,249,18.423399989842437,0.000400003045797348,0.000400003045797348,0.000100000761449337,18.42429999669548
YOLO Only,True,False,False,False,250,17.793400009395555,0.000700005330145359,0.000300002284348011,0.000200001522898674,17.794600018532947
YOLO Only,True,False,False,False,251,16.112400000565685,0.00029998773243278265,0.000200001522898674,0.000100000761449337,16.112999990582466
YOLO Only,True,False,False,False,252,16.20050000201445,0.00039998849388211966,0.000400003045797348,0.000200001522898674,16.20149999507703
YOLO Only,True,False,False,False,253,16.35520000127144,0.000300002284348011,0.000200001522898674,0.000100000761449337,16.355800005840138
YOLO Only,True,False,False,False,254,15.933999995468184,0.000300002284348011,0.000200001522898674,0.000100000761449337,15.93460000003688
YOLO Only,True,False,False,False,255,14.876200002618134,0.000400003045797348,0.0004999892553314567,0.000100000761449337,14.877199995680712
YOLO Only,True,False,False,False,256,15.378700001747347,0.0004999892553314567,0.000200001522898674,0.000100000761449337,15.379499993287027
YOLO Only,True,False,False,False,257,16.592800006037578,0.000400003045797348,0.000200001522898674,9.998620953410864e-05,16.593499996815808
YOLO Only,True,False,False,False,258,16.151100004208274,0.000400003045797348,0.000200001522898674,0.000200001522898674,16.15190001029987
YOLO Only,True,False,False,False,259,16.32929999323096,0.000300002284348011,0.000200001522898674,0.000100000761449337,16.329899997799657
YOLO Only,True,False,False,False,260,16.54370001051575,0.000400003045797348,0.000200001522898674,0.000200001522898674,16.544500016607344
YOLO Only,True,False,False,False,261,17.558099993038923,0.000400003045797348,0.000100000761449337,0.000100000761449337,17.55869999760762
YOLO Only,True,False,False,False,262,16.625899996142834,0.000300002284348011,0.000200001522898674,0.00019998697098344564,16.626599986921065
YOLO Only,True,False,False,False,263,16.067800010205247,0.000300002284348011,0.00019998697098344564,0.000100000761449337,16.068400000222027
YOLO Only,True,False,False,False,264,15.587600006256253,0.000300002284348011,0.000200001522898674,0.000100000761449337,15.588200010824949
YOLO Only,True,False,False,False,265,16.24160000937991,0.000300002284348011,0.000300002284348011,0.000100000761449337,16.242300014710054
YOLO Only,True,False,False,False,266,16.540700002224185,0.000400003045797348,0.000300002284348011,0.000200001522898674,16.54160000907723
YOLO Only,True,False,False,False,267,16.00420000613667,0.0004999892553314567,0.000200001522898674,0.000100000761449337,16.00499999767635
YOLO Only,True,False,False,False,268,16.53160000569187,0.000500003807246685,0.000200001522898674,0.00019998697098344564,16.532499997993
YOLO Only,True,False,False,False,269,16.768300003604963,0.000400003045797348,0.0005999900167807937,0.000100000761449337,16.76939999742899
YOLO Only,True,False,False,False,270,14.654099999461323,0.000300002284348011,0.000200001522898674,0.000100000761449337,14.654700004030019
YOLO Only,True,False,False,False,271,14.78060000226833,0.00019998697098344564,0.000400003045797348,0.000100000761449337,14.78129999304656
YOLO Only,True,False,False,False,272,15.663800004404038,0.000500003807246685,0.000200001522898674,9.998620953410864e-05,15.664599995943718
YOLO Only,True,False,False,False,273,16.40009999391623,0.00039998849388211966,0.000200001522898674,0.000200001522898674,16.400899985455908
YOLO Only,True,False,False,False,274,15.262300003087148,0.000400003045797348,0.000200001522898674,0.000100000761449337,15.263000008417293
YOLO Only,True,False,False,False,275,15.200699999695644,0.000300002284348011,0.00019998697098344564,0.000100000761449337,15.201299989712425
YOLO Only,True,False,False,False,276,14.550499996403232,0.000300002284348011,0.000300002284348011,0.000200001522898674,14.551300002494827
YOLO Only,True,False,False,False,277,14.959899999666959,0.000400003045797348,0.00029998773243278265,0.000100000761449337,14.960699991206639
YOLO Only,True,False,False,False,278,15.854099998250604,0.000300002284348011,0.000400003045797348,0.000100000761449337,15.854900004342198
YOLO Only,True,False,False,False,279,16.430700008640997,0.000400003045797348,0.000400003045797348,0.000300002284348011,16.43180001701694
YOLO Only,True,False,False,False,280,15.355399998952635,0.000300002284348011,0.000300002284348011,0.000100000761449337,15.35610000428278
YOLO Only,True,False,False,False,281,14.144400003715418,0.000300002284348011,0.000400003045797348,9.998620953410864e-05,14.145199995255098
YOLO Only,True,False,False,False,282,14.089799995417707,0.000400003045797348,0.000700005330145359,0.000100000761449337,14.091000004555099
YOLO Only,True,False,False,False,283,13.700399998924695,0.000500003807246685,0.000200001522898674,0.000200001522898674,13.701300005777739
YOLO Only,True,False,False,False,284,14.257000002544373,0.00039998849388211966,0.000200001522898674,0.000100000761449337,14.257699993322603
YOLO Only,True,False,False,False,285,16.37270000355784,0.000500003807246685,0.000200001522898674,0.000100000761449337,16.373500009649433
YOLO Only,True,False,False,False,286,18.186799992690794,0.000400003045797348,0.000300002284348011,0.000300002284348011,18.187800000305288
YOLO Only,True,False,False,False,287,16.074300001491793,0.000300002284348011,0.00029998773243278265,0.000100000761449337,16.074999992270023
YOLO Only,True,False,False,False,288,17.54139999684412,0.000300002284348011,0.000200001522898674,0.00019998697098344564,17.54209998762235
YOLO Only,True,False,False,False,289,16.977399995084852,0.000300002284348011,0.000100000761449337,0.000200001522898674,16.977999999653548
YOLO Only,True,False,False,False,290,15.941699995892122,0.000300002284348011,0.000200001522898674,0.000100000761449337,15.942300000460818
YOLO Only,True,False,False,False,291,16.695400001481175,0.00039998849388211966,0.000200001522898674,0.000100000761449337,16.696099992259406
YOLO Only,True,False,False,False,292,16.834099995321594,0.000400003045797348,0.000200001522898674,0.000100000761449337,16.83480000065174
YOLO Only,True,False,False,False,293,16.869400002178736,0.000400003045797348,0.00039998849388211966,0.000100000761449337,16.870299994479865
YOLO Only,True,False,False,False,294,16.54969999799505,0.000300002284348011,0.000200001522898674,0.000200001522898674,16.550400003325194
YOLO Only,True,False,False,False,295,15.972299996064976,0.00039998849388211966,0.000300002284348011,0.000100000761449337,15.973099987604655
YOLO Only,True,False,False,False,296,16.620299997157417,0.000500003807246685,0.000200001522898674,0.000100000761449337,16.621100003249012
YOLO Only,True,False,False,False,297,17.06360001116991,0.00039998849388211966,0.000100000761449337,0.000200001522898674,17.06430000194814
YOLO Only,True,False,False,False,298,18.089699995471165,0.000500003807246685,0.000300002284348011,0.000100000761449337,18.09060000232421
YOLO Only,True,False,False,False,299,15.497100001084618,0.00039998849388211966,0.000200001522898674,0.000100000761449337,15.497799991862848
