config_name,enable_yolo,enable_hit_detection,enable_temporal,enable_overlay,frame_idx,yolo_ms,hit_det_ms,temporal_ms,overlay_ms,total_ms
Full Pipeline,True,True,True,True,0,20.245199993951246,0.0017999991541728377,0.0022000021999701858,0.5858999938936904,20.83509998919908
Full Pipeline,True,True,True,True,1,21.198500005993992,0.0019999861251562834,0.0033999967854470015,0.527900003362447,21.731799992267042
Full Pipeline,True,True,True,True,2,20.021800009999424,0.0015999976312741637,0.004999994416721165,0.5193000106373802,20.5477000126848
Full Pipeline,True,True,True,True,3,19.432200002484024,0.0025000044843181968,0.0015999976312741637,0.5213999975239858,19.9577000021236
Full Pipeline,True,True,True,True,4,19.728700004634447,0.0015999976312741637,0.0016999983927235007,0.5099999980302528,20.241999998688698
Full Pipeline,True,True,True,True,5,20.448499999474734,0.0017999991541728377,0.0020000006770715117,0.5001999961677939,20.952499995473772
Full Pipeline,True,True,True,True,6,19.965699990279973,0.0020000006770715117,0.0024000037228688598,0.5325000092852861,20.5026000039652
Full Pipeline,True,True,True,True,7,19.538499996997416,0.001600012183189392,0.0023999891709536314,0.42440000106580555,19.966899999417365
Full Pipeline,True,True,True,True,8,19.367399989278056,0.0012999953469261527,0.0022000021999701858,0.43259999074507505,19.803499977570027
Full Pipeline,True,True,True,True,9,18.583999990369193,0.001200009137392044,0.0041000021155923605,0.4065000102855265,18.995800011907704
Full Pipeline,True,True,True,True,10,18.48739999695681,0.0011999945854768157,0.0023000029614195228,0.43509999522939324,18.9259999897331
Full Pipeline,True,True,True,True,11,19.071600007009692,0.0018999999156221747,0.0020000006770715117,0.4363999905763194,19.511899998178706
Full Pipeline,True,True,True,True,12,18.58920000086073,0.001100008375942707,0.0021000014385208488,0.42549999488983303,19.017900005565025
Full Pipeline,True,True,True,True,13,20.59440000448376,0.0012999953469261527,0.0023000029614195228,0.4735999973490834,21.07160000014119
Full Pipeline,True,True,True,True,14,19.89520000643097,0.0013999961083754897,0.001600012183189392,0.5122000002302229,20.410400014952756
Full Pipeline,True,True,True,True,15,20.11080000374932,0.0018999999156221747,0.002900007530115545,0.5881999968551099,20.703800008050166
Full Pipeline,True,True,True,True,16,19.48959998844657,0.0012999953469261527,0.0020999868866056204,0.5212999967625365,20.01429996744264
Full Pipeline,True,True,True,True,17,19.34579999942798,0.0012999953469261527,0.0018999999156221747,0.5178999999770895,19.86689999466762
Full Pipeline,True,True,True,True,18,19.813099992461503,0.001300009898841381,0.0016999983927235007,0.4312999953981489,20.247399996151216
Full Pipeline,True,True,True,True,19,19.013700002687983,0.0011999945854768157,0.0016999983927235007,0.4292000085115433,19.445800004177727
Full Pipeline,True,True,True,True,20,18.878599992603995,0.0012999953469261527,0.0020999868866056204,0.4358000005595386,19.317799975397065
Full Pipeline,True,True,True,True,21,19.17489999323152,0.001200009137392044,0.0020000006770715117,0.4197999951429665,19.59789999818895
Full Pipeline,True,True,True,True,22,19.24989999679383,0.00100000761449337,0.0022000021999701858,0.5117999971844256,19.764900003792718
Full Pipeline,True,True,True,True,23,18.909200007328764,0.0013999961083754897,0.0023999891709536314,0.5008000007364899,19.413799993344583
Full Pipeline,True,True,True,True,24,18.856999988202006,0.001400010660290718,0.0027999922167509794,0.601100007770583,19.46229999884963
Full Pipeline,True,True,True,True,25,18.019199997070245,0.0015999976312741637,0.0031999952625483274,0.5795000033685938,18.60349999333266
Full Pipeline,True,True,True,True,26,21.126299994648434,0.001500011421740055,0.0022999884095042944,0.5892999906791374,21.719399985158816
Full Pipeline,True,True,True,True,27,18.705599999520928,0.0013999961083754897,0.0026000052457675338,0.4896000027656555,19.199200003640726
Full Pipeline,True,True,True,True,28,19.028700000490062,0.0010999938240274787,0.0017999991541728377,0.47479999193456024,19.506399985402822
Full Pipeline,True,True,True,True,29,18.82060000207275,0.0012999953469261527,0.0024999899324029684,0.512800004798919,19.337199992151
Full Pipeline,True,True,True,True,30,18.5771999967983,0.0017999991541728377,0.0036999990697950125,0.5015000060666353,19.084200001088902
Full Pipeline,True,True,True,True,31,18.652400001883507,0.0012999953469261527,0.0022999884095042944,0.4003000067314133,19.05629999237135
Full Pipeline,True,True,True,True,32,18.558099996880628,0.001100008375942707,0.0016999983927235007,0.5500999977812171,19.11100000143051
Full Pipeline,True,True,True,True,33,19.419100004597567,0.0014999968698248267,0.0023000029614195228,0.4749999934574589,19.89789999788627
Full Pipeline,True,True,True,True,34,19.539900007657707,0.0010999938240274787,0.0022999884095042944,0.524500006577,20.06779999646824
Full Pipeline,True,True,True,True,35,18.952999991597608,0.0011999945854768157,0.0026999914553016424,0.5364999960875139,19.4933999737259
Full Pipeline,True,True,True,True,36,19.99950000026729,0.0011999945854768157,0.0027999922167509794,0.5123000009916723,20.51579998806119
Full Pipeline,True,True,True,True,37,18.997599996509962,0.0011999945854768157,0.0018999999156221747,0.5041999975219369,19.504899988532998
Full Pipeline,True,True,True,True,38,19.524899995303713,0.0010999938240274787,0.0016999983927235007,0.5207999929552898,20.048499980475754
Full Pipeline,True,True,True,True,39,19.21539999602828,0.0010999938240274787,0.0017999991541728377,0.5190999945625663,19.73739998356905
Full Pipeline,True,True,True,True,40,19.424999991315417,0.0011999945854768157,0.0018999999156221747,0.5474000063259155,19.97549999214243
Full Pipeline,True,True,True,True,41,19.153999994159676,0.0011999945854768157,0.001800013706088066,0.5105000018374994,19.66750000428874
Full Pipeline,True,True,True,True,42,19.904999993741512,0.0012999953469261527,0.0020000006770715117,0.5071999912615865,20.415499981027097
Full Pipeline,True,True,True,True,43,20.42760000040289,0.001400010660290718,0.0022000021999701858,0.5012000037822872,20.93240001704544
Full Pipeline,True,True,True,True,44,19.76959999592509,0.0012999953469261527,0.0025000044843181968,0.5160000000614673,20.289399995817803
Full Pipeline,True,True,True,True,45,18.776700002490543,0.0014999968698248267,0.0016999983927235007,0.5340000061551109,19.313900003908202
Full Pipeline,True,True,True,True,46,19.73800000268966,0.0014999968698248267,0.0026000052457675338,0.6156000017654151,20.357700006570667
Full Pipeline,True,True,True,True,47,19.774800006416626,0.0010999938240274787,0.0023999891709536314,0.5360999930417165,20.314399982453324
Full Pipeline,True,True,True,True,48,20.234000010532327,0.001200009137392044,0.0017999991541728377,0.4532000020844862,20.690200020908378
Full Pipeline,True,True,True,True,49,20.037099995533936,0.0012999953469261527,0.0023999891709536314,0.4241999995429069,20.464999979594722
Full Pipeline,True,True,True,True,50,19.29520000703633,0.001100008375942707,0.0017999991541728377,0.5169999931240454,19.81510000769049
Full Pipeline,True,True,True,True,51,20.43509999930393,0.003500012098811567,0.0017999991541728377,0.5034999921917915,20.943900002748705
Full Pipeline,True,True,True,True,52,18.771599992760457,0.003300010575912893,0.0025999906938523054,0.48859999515116215,19.266099989181384
Full Pipeline,True,True,True,True,53,18.624800010002218,0.003300010575912893,0.0024000037228688598,0.49849999777507037,19.12900002207607
Full Pipeline,True,True,True,True,54,18.65909999469295,0.003300010575912893,0.0022000021999701858,0.4996999923605472,19.16429999982938
Full Pipeline,True,True,True,True,55,19.34159999655094,0.0028999929782003164,0.004899993655271828,0.47450000420212746,19.82389998738654
Full Pipeline,True,True,True,True,56,22.78110000770539,0.0033999967854470015,0.0021000014385208488,0.7708999910391867,23.557499996968545
Full Pipeline,True,True,True,True,57,19.513999999617226,0.002900007530115545,0.0017999991541728377,0.4932000010740012,20.011900007375516
Full Pipeline,True,True,True,True,58,18.548000007285737,0.0039000005926936865,0.0034999975468963385,0.5203000036999583,19.075700009125285
Full Pipeline,True,True,True,True,59,20.320099996752106,0.0033999967854470015,0.0033999967854470015,0.4515999899012968,20.778499980224296
Full Pipeline,True,True,True,True,60,22.849699991638772,0.004699992132373154,0.0031999952625483274,0.756800000090152,23.614399979123846
Full Pipeline,True,True,True,True,61,20.350999999209307,0.0044000043999403715,0.002900007530115545,0.5848000000696629,20.943100011209026
Full Pipeline,True,True,True,True,62,19.12080000329297,0.0026999914553016424,0.005400012014433742,0.4594000056385994,19.588300012401305
Full Pipeline,True,True,True,True,63,17.976699993596412,0.002800006768666208,0.0026000052457675338,0.5652999971061945,18.54740000271704
Full Pipeline,True,True,True,True,64,18.177500009187497,0.0012999953469261527,0.002700006007216871,0.5186000053072348,18.700100015848875
Full Pipeline,True,True,True,True,65,19.761199990171008,0.0016999983927235007,0.0030999945010989904,0.513400009367615,20.279399992432445
Full Pipeline,True,True,True,True,66,27.33270000317134,0.0035999983083456755,0.003000008291564882,0.9677999914856628,28.307100001256913
Full Pipeline,True,True,True,True,67,21.64900000207126,0.002700006007216871,0.002700006007216871,0.4893000004813075,22.143700014567003
Full Pipeline,True,True,True,True,68,23.97979999659583,0.0030999945010989904,0.021200001356191933,0.4918000049656257,24.495899997418746
Full Pipeline,True,True,True,True,69,25.167700005113147,0.002900007530115545,0.0023000029614195228,0.505700008943677,25.67860002454836
Full Pipeline,True,True,True,True,70,28.22970000852365,0.0033999967854470015,0.006700007361359894,0.5280000041238964,28.767800016794354
Full Pipeline,True,True,True,True,71,19.323999993503094,0.002800006768666208,0.0024000037228688598,0.5114000086905435,19.840600012685172
Full Pipeline,True,True,True,True,72,24.868499996955507,0.0017999991541728377,0.0020000006770715117,0.44410000555217266,25.316400002338924
Full Pipeline,True,True,True,True,73,22.26430000155233,0.0016999983927235007,0.0025000044843181968,0.519900000654161,22.78840000508353
Full Pipeline,True,True,True,True,74,18.740500003332272,0.0018999999156221747,0.0021000014385208488,0.4988000000594184,19.243300004745834
Full Pipeline,True,True,True,True,75,18.712600009166636,0.0011999945854768157,0.0020000006770715117,0.43509999522939324,19.150899999658577
Full Pipeline,True,True,True,True,76,19.801999995252118,0.014300007023848593,0.0025000044843181968,0.5701000045519322,20.388900011312217
Full Pipeline,True,True,True,True,77,19.071400005486794,0.0016999983927235007,0.002700006007216871,0.48919999971985817,19.565000009606592
Full Pipeline,True,True,True,True,78,20.55849999305792,0.0010999938240274787,0.0025000044843181968,0.5318000039551407,21.093899995321408
Full Pipeline,True,True,True,True,79,20.223100000293925,0.0017999991541728377,0.0024000037228688598,0.5302999925334007,20.757599995704368
Full Pipeline,True,True,True,True,80,19.174700006260537,0.0011999945854768157,0.0017999991541728377,0.533799990080297,19.711499990080483
Full Pipeline,True,True,True,True,81,17.94829999562353,0.0011999945854768157,0.0023000029614195228,0.52299999515526,18.474799988325685
Full Pipeline,True,True,True,True,82,18.49840000795666,0.0015999976312741637,0.003100009053014219,0.5720999906770885,19.075200005318038
Full Pipeline,True,True,True,True,83,17.496000000392087,0.0010999938240274787,0.0018999999156221747,0.5089000042062253,18.00789999833796
Full Pipeline,True,True,True,True,84,18.89810001011938,0.001200009137392044,0.0021000014385208488,0.505499992868863,19.406900013564155
Full Pipeline,True,True,True,True,85,17.988499996135943,0.0010999938240274787,0.0021999876480549574,0.4870999982813373,18.478899975889362
Full Pipeline,True,True,True,True,86,18.066600008751266,0.0010999938240274787,0.0023000029614195228,0.4791000101249665,18.54910001566168
Full Pipeline,True,True,True,True,87,18.199700003606267,0.0013999961083754897,0.002700006007216871,0.48579998838249594,18.689599994104356
Full Pipeline,True,True,True,True,88,17.650300011155196,0.0012999953469261527,0.0020000006770715117,0.49109999963548034,18.144700006814674
Full Pipeline,True,True,True,True,89,17.842999994172715,0.0011999945854768157,0.0021000014385208488,0.4752999957418069,18.32159998593852
Full Pipeline,True,True,True,True,90,18.149600000469945,0.001200009137392044,0.0018999999156221747,0.4962999955751002,18.64900000509806
Full Pipeline,True,True,True,True,91,17.9785000073025,0.001200009137392044,0.0024000037228688598,0.47280000580940396,18.454900025972165
Full Pipeline,True,True,True,True,92,18.628899997565895,0.0018999999156221747,0.0018999999156221747,0.5177999992156401,19.15049999661278
Full Pipeline,True,True,True,True,93,18.332500010728836,0.001600012183189392,0.0030999945010989904,0.5273999995552003,18.864600016968325
Full Pipeline,True,True,True,True,94,17.696100010653026,0.0010999938240274787,0.0022000021999701858,0.4735999973490834,18.173000004026107
Full Pipeline,True,True,True,True,95,18.176199999288656,0.0020000006770715117,0.0021000014385208488,0.4704000020865351,18.650700003490783
Full Pipeline,True,True,True,True,96,18.30599999811966,0.0015999976312741637,0.0040000013541430235,0.5457999941427261,18.857399991247803
Full Pipeline,True,True,True,True,97,19.601499996497296,0.0016999983927235007,0.0017999991541728377,0.516500003868714,20.121499997912906
Full Pipeline,True,True,True,True,98,17.410000000381842,0.001200009137392044,0.0020000006770715117,0.5334000015864149,17.94660001178272
Full Pipeline,True,True,True,True,99,18.609699996886775,0.0012999953469261527,0.002700006007216871,0.5095000087749213,19.12320000701584
Full Pipeline,True,True,True,True,100,17.96350000950042,0.001100008375942707,0.0017999991541728377,0.48909999895840883,18.455500015988946
Full Pipeline,True,True,True,True,101,18.272500004968606,0.0015999976312741637,0.0023999891709536314,0.45360000513028353,18.730099996901117
Full Pipeline,True,True,True,True,102,17.64220000768546,0.0010999938240274787,0.0025999906938523054,0.5081999988760799,18.15409999107942
Full Pipeline,True,True,True,True,103,17.31699999072589,0.0011999945854768157,0.001700012944638729,0.47330000961665064,17.793200007872656
Full Pipeline,True,True,True,True,104,17.721500000334345,0.0010999938240274787,0.0016999983927235007,0.407300001825206,18.1315999943763
Full Pipeline,True,True,True,True,105,18.797499986249022,0.0012999953469261527,0.0033999967854470015,0.5677000008290634,19.36989997921046
Full Pipeline,True,True,True,True,106,18.362600007094443,0.0010999938240274787,0.0024000037228688598,0.48770000285003334,18.853800007491373
Full Pipeline,True,True,True,True,107,17.747099991538562,0.0010999938240274787,0.0017999991541728377,0.45989999489393085,18.209899979410693
Full Pipeline,True,True,True,True,108,17.747100006090477,0.001300009898841381,0.002800006768666208,0.4735999973490834,18.224800020107068
Full Pipeline,True,True,True,True,109,15.667500003473833,0.0010999938240274787,0.001600012183189392,0.5220000020926818,16.192200011573732
Full Pipeline,True,True,True,True,110,18.2792999985395,0.001100008375942707,0.0024000037228688598,0.5326000100467354,18.815400020685047
Full Pipeline,True,True,True,True,111,16.852799992193468,0.0011999945854768157,0.0021999876480549574,0.45680000039283186,17.31299997481983
Full Pipeline,True,True,True,True,112,17.585900000995025,0.001100008375942707,0.0015999976312741637,0.4617000086000189,18.05030001560226
Full Pipeline,True,True,True,True,113,17.230700002983212,0.0025000044843181968,0.0017999991541728377,0.5401999951573089,17.775200001779012
Full Pipeline,True,True,True,True,114,16.768999994383194,0.0030999945010989904,0.0020000006770715117,0.595899997279048,17.369999986840412
Full Pipeline,True,True,True,True,115,17.45469999150373,0.0024999899324029684,0.0025999906938523054,0.5338000046322122,17.993599976762198
Full Pipeline,True,True,True,True,116,17.37190000130795,0.002700006007216871,0.0026000052457675338,0.5989000055706128,17.976100018131547
Full Pipeline,True,True,True,True,117,16.59079999080859,0.0024000037228688598,0.0018999999156221747,0.5011000030208379,17.09619999746792
Full Pipeline,True,True,True,True,118,14.82630000100471,0.0028999929782003164,0.0028999929782003164,0.5051000043749809,15.337199991336092
Full Pipeline,True,True,True,True,119,16.691400000127032,0.0030999945010989904,0.0023999891709536314,0.5636999994749203,17.260599983274005
Full Pipeline,True,True,True,True,120,17.347000000881962,0.003100009053014219,0.002900007530115545,0.5401000089477748,17.893100026412867
Full Pipeline,True,True,True,True,121,16.44710000255145,0.0024999899324029684,0.0024999899324029684,0.5071000050520524,16.95919998746831
Full Pipeline,True,True,True,True,122,16.89329999499023,0.0028999929782003164,0.004099987563677132,0.4749000072479248,17.375199982780032
Full Pipeline,True,True,True,True,123,15.820200002053753,0.0021999876480549574,0.0014999968698248267,0.4138999938732013,16.237799980444834
Full Pipeline,True,True,True,True,124,12.935799997649156,0.000900006853044033,0.001400010660290718,0.38389999826904386,13.322000013431534
Full Pipeline,True,True,True,True,125,13.128600010531954,0.0009999930625781417,0.0020000006770715117,0.39069999183993787,13.522299996111542
Full Pipeline,True,True,True,True,126,14.117499988060445,0.0010999938240274787,0.0018999999156221747,0.37390000943560153,14.494399991235696
Full Pipeline,True,True,True,True,127,13.359199991100468,0.0010999938240274787,0.0022000021999701858,0.37289998726919293,13.735399974393658
Full Pipeline,True,True,True,True,128,13.153400010196492,0.0009999930625781417,0.0012999953469261527,0.45399999362416565,13.609699992230162
Full Pipeline,True,True,True,True,129,13.043299986748025,0.0009999930625781417,0.0020000006770715117,0.4112999886274338,13.457599969115108
Full Pipeline,True,True,True,True,130,12.705699991784059,0.00100000761449337,0.0020000006770715117,0.3694000042742118,13.078100004349835
Full Pipeline,True,True,True,True,131,12.464100000215694,0.0009999930625781417,0.0013999961083754897,0.3701999958138913,12.83669998520054
Full Pipeline,True,True,True,True,132,12.490000008256175,0.0009999930625781417,0.0013999961083754897,0.36389999149832875,12.856299988925457
Full Pipeline,True,True,True,True,133,10.564299998804927,0.0008999923011288047,0.0010999938240274787,0.25669999013189226,10.822999975061975
Full Pipeline,True,True,True,True,134,9.504199988441542,0.000800006091594696,0.000900006853044033,0.24290000146720558,9.748800002853386
Full Pipeline,True,True,True,True,135,9.454099999857135,0.0007999915396794677,0.0008999923011288047,0.2395999908912927,9.695399974589236
Full Pipeline,True,True,True,True,136,9.704700001748279,0.000800006091594696,0.001100008375942707,0.25579999783076346,9.96240001404658
Full Pipeline,True,True,True,True,137,9.643199999118224,0.000700005330145359,0.001100008375942707,0.2632999967318028,9.908300009556115
Full Pipeline,True,True,True,True,138,9.795000005397014,0.000700005330145359,0.0012999953469261527,0.3364000003784895,10.133400006452575
Full Pipeline,True,True,True,True,139,9.708099998533726,0.000900006853044033,0.001100008375942707,0.26030000299215317,9.970400016754866
Full Pipeline,True,True,True,True,140,9.49630000104662,0.000800006091594696,0.001200009137392044,0.29129999165888876,9.789600007934496
Full Pipeline,True,True,True,True,141,9.414700005436316,0.000700005330145359,0.0011999945854768157,0.24459999985992908,9.661200005211867
Full Pipeline,True,True,True,True,142,9.901400000671856,0.000700005330145359,0.0009999930625781417,0.26139999681618065,10.16449999588076
Full Pipeline,True,True,True,True,143,9.879599994746968,0.000700005330145359,0.001200009137392044,0.2677000011317432,10.149200010346249
Full Pipeline,True,True,True,True,144,9.766300005139783,0.0007999915396794677,0.0010999938240274787,0.2556999970693141,10.023899987572804
Full Pipeline,True,True,True,True,145,9.527799993520603,0.0007999915396794677,0.0009999930625781417,0.2592000091681257,9.788799987290986
Full Pipeline,True,True,True,True,146,9.955400004400872,0.0009999930625781417,0.0009999930625781417,0.26149999757763,10.218899988103658
Full Pipeline,True,True,True,True,147,9.622100013075396,0.000800006091594696,0.00100000761449337,0.2601000014692545,9.884000028250739
Full Pipeline,True,True,True,True,148,9.572100010700524,0.000900006853044033,0.0013999961083754897,0.2643000043462962,9.83870001800824
Full Pipeline,True,True,True,True,149,9.693800006061792,0.000700005330145359,0.0010999938240274787,0.24639999901410192,9.942000004230067
Full Pipeline,True,True,True,True,150,9.802500004298054,0.000600004568696022,0.00100000761449337,0.23970000620465726,10.0438000226859
Full Pipeline,True,True,True,True,151,9.55989999056328,0.00100000761449337,0.0009999930625781417,0.23600000713486224,9.797899998375215
Full Pipeline,True,True,True,True,152,9.356499998830259,0.0007999915396794677,0.0010999938240274787,0.20909999147988856,9.567499975673854
Full Pipeline,True,True,True,True,153,10.362299988628365,0.0017999991541728377,0.0011999945854768157,0.2570999931776896,10.622399975545704
Full Pipeline,True,True,True,True,154,13.75749999715481,0.0017999991541728377,0.0012999953469261527,0.3445000038482249,14.105099995504133
Full Pipeline,True,True,True,True,155,10.472800000570714,0.0021000014385208488,0.0015999976312741637,0.3479000006336719,10.824400000274181
Full Pipeline,True,True,True,True,156,10.097499995026737,0.0023000029614195228,0.0016999983927235007,0.33710000570863485,10.438600002089515
Full Pipeline,True,True,True,True,157,10.317899999790825,0.0018999999156221747,0.001500011421740055,0.26390000130049884,10.585200012428686
Full Pipeline,True,True,True,True,158,10.21039999614004,0.0017999991541728377,0.001500011421740055,0.26449999131727964,10.478199998033233
Full Pipeline,True,True,True,True,159,10.092199998325668,0.0021000014385208488,0.0016999983927235007,0.3431000077398494,10.439100005896762
Full Pipeline,True,True,True,True,160,10.434399999212474,0.0021000014385208488,0.001600012183189392,0.32219999411609024,10.760300006950274
Full Pipeline,True,True,True,True,161,9.956800000509247,0.0017999991541728377,0.002700006007216871,0.2716000017244369,10.232900007395074
Full Pipeline,True,True,True,True,162,9.894500006339513,0.0020000006770715117,0.001400010660290718,0.26620000426191837,10.164100021938793
Full Pipeline,True,True,True,True,163,9.632200002670288,0.0020000006770715117,0.0009999930625781417,0.2587999915704131,9.89399998798035
Full Pipeline,True,True,True,True,164,9.70529999176506,0.000800006091594696,0.00100000761449337,0.2344999957131222,9.94160000118427
Full Pipeline,True,True,True,True,165,9.823300002608448,0.000700005330145359,0.001200009137392044,0.22309999621938914,10.048300013295375
Full Pipeline,True,True,True,True,166,9.691700004623272,0.000700005330145359,0.0009999930625781417,0.26929999876301736,9.962700001779012
Full Pipeline,True,True,True,True,167,10.01130000804551,0.0007999915396794677,0.0011999945854768157,0.2707000094233081,10.284000003593974
Full Pipeline,True,True,True,True,168,9.941300013451837,0.0006999907782301307,0.0010999938240274787,0.2707000094233081,10.213800007477403
Full Pipeline,True,True,True,True,169,9.780100008356385,0.0007999915396794677,0.0012999953469261527,0.27949998911935836,10.061699984362349
Full Pipeline,True,True,True,True,170,9.972400002880022,0.000800006091594696,0.001200009137392044,0.3212000010535121,10.29560001916252
Full Pipeline,True,True,True,True,171,10.026400006609038,0.001100008375942707,0.001300009898841381,0.3622999938670546,10.391100018750876
Full Pipeline,True,True,True,True,172,10.466300009284168,0.0018999999156221747,0.001100008375942707,0.3073999978369102,10.776700015412644
Full Pipeline,True,True,True,True,173,9.824499997193925,0.0017999991541728377,0.0013999961083754897,0.3335999936098233,10.161299986066297
Full Pipeline,True,True,True,True,174,10.627300012856722,0.0017999991541728377,0.001600012183189392,0.30590000096708536,10.93660002516117
Full Pipeline,True,True,True,True,175,9.500999993178993,0.0021000014385208488,0.0012999953469261527,0.36729998828377575,9.871699978248216
Full Pipeline,True,True,True,True,176,9.559099999023601,0.0016999983927235007,0.0012999953469261527,0.251300007221289,9.81339999998454
Full Pipeline,True,True,True,True,177,10.060900007374585,0.0016999983927235007,0.001200009137392044,0.2575999969849363,10.321400011889637
Full Pipeline,True,True,True,True,178,9.169900004053488,0.0020000006770715117,0.0026000052457675338,0.29000001086387783,9.464500020840205
Full Pipeline,True,True,True,True,179,9.712700004456565,0.0017999991541728377,0.0010999938240274787,0.30699999479111284,10.022599992225878
Full Pipeline,True,True,True,True,180,9.525000001303852,0.0018999999156221747,0.0013999961083754897,0.414399997680448,9.942699995008297
Full Pipeline,True,True,True,True,181,10.622600006172433,0.0018999999156221747,0.0010999938240274787,0.295600009849295,10.921200009761378
Full Pipeline,True,True,True,True,182,8.929099989472888,0.0006999907782301307,0.0012999953469261527,0.25560001085978,9.186699986457825
Full Pipeline,True,True,True,True,183,10.809799990965985,0.0005999900167807937,0.0011999945854768157,0.2798000059556216,11.091399981523864
Full Pipeline,True,True,True,True,184,9.8571999988053,0.0008999923011288047,0.0011999945854768157,0.27060000866185874,10.129899994353764
Full Pipeline,True,True,True,True,185,10.14680000662338,0.000700005330145359,0.001100008375942707,0.2721999917412177,10.420800012070686
Full Pipeline,True,True,True,True,186,13.810599994030781,0.000800006091594696,0.001100008375942707,0.30220000189729035,14.114700010395609
Full Pipeline,True,True,True,True,187,10.20750000316184,0.000900006853044033,0.001400010660290718,0.2889000024879351,10.49870002316311
Full Pipeline,True,True,True,True,188,9.60000000486616,0.0008999923011288047,0.0011999945854768157,0.31909999961499125,9.921199991367757
Full Pipeline,True,True,True,True,189,9.690100006991997,0.000800006091594696,0.001200009137392044,0.2562000008765608,9.948300023097545
Full Pipeline,True,True,True,True,190,9.327799998573028,0.0006999907782301307,0.0017999991541728377,0.2634999982547015,9.593799986760132
Full Pipeline,True,True,True,True,191,10.126000008312985,0.0007999915396794677,0.0010999938240274787,0.27430000773165375,10.402200001408346
Full Pipeline,True,True,True,True,192,9.570700000040233,0.0006999907782301307,0.0010999938240274787,0.258700005360879,9.83119999000337
Full Pipeline,True,True,True,True,193,9.81329999922309,0.0006999907782301307,0.00100000761449337,0.26200000138487667,10.07699999900069
Full Pipeline,True,True,True,True,194,12.081499997293577,0.000800006091594696,0.0011999945854768157,0.49399999261368066,12.577499990584329
Full Pipeline,True,True,True,True,195,12.555599998449907,0.0008999923011288047,0.0010999938240274787,0.34300000697840005,12.900599991553463
Full Pipeline,True,True,True,True,196,12.005700002191588,0.000600004568696022,0.0010999938240274787,0.31850000959821045,12.325900010182522
Full Pipeline,True,True,True,True,197,13.579000005847774,0.0008999923011288047,0.0012999953469261527,0.3728000010596588,13.953999994555488
Full Pipeline,True,True,True,True,198,10.104600005433895,0.0008999923011288047,0.0011999945854768157,0.258100000792183,10.364799993112683
Full Pipeline,True,True,True,True,199,8.679000005940907,0.000700005330145359,0.0009999930625781417,0.24790001043584198,8.928600014769472
Full Pipeline,True,True,True,True,200,10.945200003334321,0.0007999915396794677,0.0009999930625781417,0.2564999886089936,11.203499976545572
Full Pipeline,True,True,True,True,201,9.041900004376657,0.0006999907782301307,0.0010999938240274787,0.2688000095076859,9.3124999984866
Full Pipeline,True,True,True,True,202,9.24729999678675,0.000800006091594696,0.001100008375942707,0.2767999976640567,9.526000008918345
Full Pipeline,True,True,True,True,203,9.211299999151379,0.000900006853044033,0.00100000761449337,0.2707999956328422,9.484000009251758
Full Pipeline,True,True,True,True,204,10.756600007880479,0.000800006091594696,0.001100008375942707,0.30169999809004366,11.06020002043806
Full Pipeline,True,True,True,True,205,9.672899992438033,0.0006999907782301307,0.0010999938240274787,0.2739000046858564,9.948599981726147
Full Pipeline,True,True,True,True,206,9.542100000544451,0.000600004568696022,0.0010999938240274787,0.255300008575432,9.799100007512607
Full Pipeline,True,True,True,True,207,13.157599998521619,0.0005999900167807937,0.00100000761449337,0.2623999898787588,13.421599986031651
Full Pipeline,True,True,True,True,208,13.61150000593625,0.0007999915396794677,0.001100008375942707,0.2766999969026074,13.89010000275448
Full Pipeline,True,True,True,True,209,8.81919999665115,0.000700005330145359,0.0009999930625781417,0.2548999909777194,9.075799986021593
Full Pipeline,True,True,True,True,210,9.294999996200204,0.0007999915396794677,0.0011999945854768157,0.26610000350046903,9.56309998582583
Full Pipeline,True,True,True,True,211,8.796699999948032,0.0006999907782301307,0.0009999930625781417,0.24939999275375158,9.047799976542592
Full Pipeline,True,True,True,True,212,8.75330000417307,0.000700005330145359,0.0009999930625781417,0.24700000358279794,9.002000006148592
Full Pipeline,True,True,True,True,213,9.850600006757304,0.000900006853044033,0.001500011421740055,0.29039999935775995,10.143400024389848
Full Pipeline,True,True,True,True,214,9.641999989980832,0.0008999923011288047,0.0013999961083754897,0.2800000074785203,9.924299985868856
Full Pipeline,True,True,True,True,215,9.375800000270829,0.000800006091594696,0.001100008375942707,0.32479999936185777,9.702500014100224
Full Pipeline,True,True,True,True,216,9.250600007362664,0.000800006091594696,0.001100008375942707,0.2406999992672354,9.493200021097437
Full Pipeline,True,True,True,True,217,9.415599997737445,0.000800006091594696,0.0010999938240274787,0.2558999985922128,9.67339999624528
Full Pipeline,True,True,True,True,218,9.37770000018645,0.000800006091594696,0.001100008375942707,0.28589999419637024,9.665500008850358
Full Pipeline,True,True,True,True,219,10.006399999838322,0.0006999907782301307,0.0011999945854768157,0.2781000075628981,10.286399992764927
Full Pipeline,True,True,True,True,220,9.999799993238412,0.000800006091594696,0.001100008375942707,0.23289999808184803,10.234600005787797
Full Pipeline,True,True,True,True,221,10.039999993750826,0.0007999915396794677,0.0011999945854768157,0.2786000113701448,10.320599991246127
Full Pipeline,True,True,True,True,222,10.162999999010935,0.0008999923011288047,0.0012999953469261527,0.2708000101847574,10.435999996843748
Full Pipeline,True,True,True,True,223,9.940300005837344,0.000700005330145359,0.0010999938240274787,0.23030000738799572,10.172400012379512
Full Pipeline,True,True,True,True,224,9.37859999248758,0.0018999999156221747,0.0012999953469261527,0.27779999072663486,9.659599978476763
Full Pipeline,True,True,True,True,225,9.74760000826791,0.0023000029614195228,0.0011999945854768157,0.2669000095920637,10.01800001540687
Full Pipeline,True,True,True,True,226,9.548699992592447,0.0017999991541728377,0.0015999976312741637,0.2612000098451972,9.81329999922309
Full Pipeline,True,True,True,True,227,9.573699993779883,0.0018999999156221747,0.0013999961083754897,0.2714000002015382,9.848399990005419
Full Pipeline,True,True,True,True,228,9.878900003968738,0.0020000006770715117,0.0012999953469261527,0.2590999938547611,10.141299993847497
Full Pipeline,True,True,True,True,229,9.435300002223812,0.0023000029614195228,0.0015999976312741637,0.31269999453797936,9.751899997354485
Full Pipeline,True,True,True,True,230,9.386300007463433,0.0018999999156221747,0.0013999961083754897,0.2749999985098839,9.664600001997314
Full Pipeline,True,True,True,True,231,9.551700000884011,0.0022000021999701858,0.0013999961083754897,0.3608999977586791,9.916199996951036
Full Pipeline,True,True,True,True,232,12.115200006519444,0.0018999999156221747,0.003000008291564882,0.29719999292865396,12.417300007655285
Full Pipeline,True,True,True,True,233,10.388399998191744,0.0020000006770715117,0.0011999945854768157,0.2727999963099137,10.664399989764206
Full Pipeline,True,True,True,True,234,9.91779999458231,0.000800006091594696,0.001200009137392044,0.2714000002015382,10.191200010012835
Full Pipeline,True,True,True,True,235,10.165399988181889,0.0010999938240274787,0.0014999968698248267,0.2283000067109242,10.396299985586666
Full Pipeline,True,True,True,True,236,10.326600007829256,0.000900006853044033,0.001300009898841381,0.2530999918235466,10.581900016404688
Full Pipeline,True,True,True,True,237,9.582099999533966,0.000900006853044033,0.0013999961083754897,0.26369999977760017,9.848100002272986
Full Pipeline,True,True,True,True,238,9.491399992839433,0.000800006091594696,0.001100008375942707,0.22760000138077885,9.72090000868775
Full Pipeline,True,True,True,True,239,10.162099992157891,0.000800006091594696,0.001100008375942707,0.23009999131318182,10.39409999793861
Full Pipeline,True,True,True,True,240,10.058899992145598,0.0008999923011288047,0.0011999945854768157,0.23289999808184803,10.293899977114052
Full Pipeline,True,True,True,True,241,10.285800002748147,0.0007999915396794677,0.0012999953469261527,0.22499999613501132,10.512899985769764
Full Pipeline,True,True,True,True,242,10.385300003690645,0.000700005330145359,0.0010999938240274787,0.35170000046491623,10.738800003309734
Full Pipeline,True,True,True,True,243,10.656200000084937,0.0007999915396794677,0.0012999953469261527,0.2798000059556216,10.938099992927164
Full Pipeline,True,True,True,True,244,9.945899990270846,0.000700005330145359,0.0010999938240274787,0.2948000037577003,10.242499993182719
Full Pipeline,True,True,True,True,245,10.087299990118481,0.0006999907782301307,0.0010999938240274787,0.27269999554846436,10.361799970269203
Full Pipeline,True,True,True,True,246,10.14529999520164,0.000700005330145359,0.001100008375942707,0.21969999943394214,10.36680000834167
Full Pipeline,True,True,True,True,247,10.113900003489107,0.0008999923011288047,0.0011999945854768157,0.34500000765547156,10.460999998031184
Full Pipeline,True,True,True,True,248,13.860700011719018,0.0007999915396794677,0.0012999953469261527,0.2597999991849065,14.12259999779053
Full Pipeline,True,True,True,True,249,11.337700008880347,0.000800006091594696,0.0014999968698248267,0.23459999647457153,11.574600008316338
Full Pipeline,True,True,True,True,250,10.337300001992844,0.0009999930625781417,0.0012999953469261527,0.22529999841935933,10.564899988821708
Full Pipeline,True,True,True,True,251,9.996199994930066,0.000800006091594696,0.0014999968698248267,0.21949999791104347,10.21799999580253
Full Pipeline,True,True,True,True,252,10.701999999582767,0.0008999923011288047,0.0010999938240274787,0.2082999999402091,10.912299985648133
Full Pipeline,True,True,True,True,253,12.067000003298745,0.000700005330145359,0.001200009137392044,0.22119999630376697,12.290100014070049
Full Pipeline,True,True,True,True,254,13.913100003264844,0.0008999923011288047,0.0011999945854768157,0.24480000138282776,14.159999991534278
Full Pipeline,True,True,True,True,255,10.513699991861358,0.00100000761449337,0.0013999961083754897,0.287600007141009,10.803700002725236
Full Pipeline,True,True,True,True,256,10.59569999051746,0.000700005330145359,0.0013999961083754897,0.22030000400263816,10.818099995958619
Full Pipeline,True,True,True,True,257,9.942099990439601,0.0010999938240274787,0.0013999961083754897,0.29400001221802086,10.238599992590025
Full Pipeline,True,True,True,True,258,10.047699994174764,0.0007999915396794677,0.001100008375942707,0.2677000011317432,10.317299995222129
Full Pipeline,True,True,True,True,259,9.574800002155825,0.0006999907782301307,0.0010999938240274787,0.21980000019539148,9.796399986953475
Full Pipeline,True,True,True,True,260,9.910200009471737,0.0006999907782301307,0.001100008375942707,0.2204999909736216,10.132499999599531
Full Pipeline,True,True,True,True,261,9.533500007819384,0.000800006091594696,0.0010999938240274787,0.21830000332556665,9.753700011060573
Full Pipeline,True,True,True,True,262,9.289499997976236,0.000800006091594696,0.0009999930625781417,0.2162000018870458,9.507499999017455
Full Pipeline,True,True,True,True,263,9.91490000160411,0.000700005330145359,0.001200009137392044,0.24670000129844993,10.163500017370097
Full Pipeline,True,True,True,True,264,9.99559999036137,0.000700005330145359,0.001200009137392044,0.2221999893663451,10.219699994195253
Full Pipeline,True,True,True,True,265,9.524300010525621,0.000800006091594696,0.0013999961083754897,0.26339999749325216,9.789900010218844
Full Pipeline,True,True,True,True,266,9.76529999752529,0.0008999923011288047,0.0012999953469261527,0.2674999996088445,10.03499998478219
Full Pipeline,True,True,True,True,267,9.479900007136166,0.000700005330145359,0.001100008375942707,0.25320000713691115,9.734900027979165
Full Pipeline,True,True,True,True,268,9.258100006263703,0.000800006091594696,0.0014999968698248267,0.21189999824855477,9.472300007473677
Full Pipeline,True,True,True,True,269,9.326599989435636,0.0006999907782301307,0.0010999938240274787,0.22149999858811498,9.549899972626008
Full Pipeline,True,True,True,True,270,9.66530000732746,0.000800006091594696,0.001100008375942707,0.24029999622143805,9.907500018016435
Full Pipeline,True,True,True,True,271,9.325699997134507,0.000800006091594696,0.0016999983927235007,0.22509999689646065,9.553299998515286
Full Pipeline,True,True,True,True,272,9.470699995290488,0.0021000014385208488,0.0013999961083754897,0.2680000034160912,9.742199996253476
Full Pipeline,True,True,True,True,273,9.376899994094856,0.0017999991541728377,0.0009999930625781417,0.2736999886110425,9.65339997492265
Full Pipeline,True,True,True,True,274,12.815599999157712,0.0021999876480549574,0.0025000044843181968,0.29889999132137746,13.119199982611462
Full Pipeline,True,True,True,True,275,9.797499995329417,0.0017999991541728377,0.0012999953469261527,0.26720001187641174,10.067800001706928
Full Pipeline,True,True,True,True,276,9.350399996037595,0.0018999999156221747,0.001300009898841381,0.2519999979995191,9.605600003851578
Full Pipeline,True,True,True,True,277,10.862299997825176,0.0022000021999701858,0.0014999968698248267,0.28839999868068844,11.154399995575659
Full Pipeline,True,True,True,True,278,10.40610000200104,0.0018999999156221747,0.0025000044843181968,0.29799999902024865,10.708500005421229
Full Pipeline,True,True,True,True,279,11.39869999315124,0.001700012944638729,0.0012999953469261527,0.3096000000368804,11.711300001479685
Full Pipeline,True,True,True,True,280,9.965599994757213,0.0006999907782301307,0.0010999938240274787,0.2989000058732927,10.266299985232763
Full Pipeline,True,True,True,True,281,10.471400004462339,0.0021000014385208488,0.0017999991541728377,0.2744999947026372,10.74979999975767
Full Pipeline,True,True,True,True,282,10.920100001385435,0.0016999983927235007,0.0012999953469261527,0.2739000046858564,11.196999999810942
Full Pipeline,True,True,True,True,283,9.971500010578893,0.0023000029614195228,0.0016999983927235007,0.2767000114545226,10.252200023387559
Full Pipeline,True,True,True,True,284,10.069099997053854,0.0019999861251562834,0.002900007530115545,0.2813000028254464,10.355299993534572
Full Pipeline,True,True,True,True,285,10.121500003151596,0.000700005330145359,0.001100008375942707,0.25549999554641545,10.378800012404099
Full Pipeline,True,True,True,True,286,10.732499998994172,0.0020000006770715117,0.001100008375942707,0.2789999998640269,11.014600007911213
Full Pipeline,True,True,True,True,287,10.751699999673292,0.001700012944638729,0.0016999983927235007,0.27540000155568123,11.030500012566335
Full Pipeline,True,True,True,True,288,11.024699997506104,0.0020000006770715117,0.0014999968698248267,0.31740000122226775,11.345599996275268
Full Pipeline,True,True,True,True,289,11.867799999890849,0.0021000014385208488,0.0018999999156221747,0.2855000057024881,12.15730000694748
Full Pipeline,True,True,True,True,290,10.567999997874722,0.0017999991541728377,0.0014999968698248267,0.28160000510979444,10.852899999008514
Full Pipeline,True,True,True,True,291,11.267399997450411,0.0021000014385208488,0.001700012944638729,0.27910000062547624,11.550300012459047
Full Pipeline,True,True,True,True,292,10.317300009774044,0.0020000006770715117,0.0014999968698248267,0.3591999993659556,10.680000006686896
Full Pipeline,True,True,True,True,293,10.228300001472235,0.0008999923011288047,0.0033999967854470015,0.28639999800361693,10.518999988562427
Full Pipeline,True,True,True,True,294,10.574300002190284,0.0010999938240274787,0.0010999938240274787,0.23469999723602086,10.81119998707436
Full Pipeline,True,True,True,True,295,10.340000008000061,0.0017999991541728377,0.0016999983927235007,0.2634999982547015,10.607000003801659
Full Pipeline,True,True,True,True,296,12.352499994449317,0.0017999991541728377,0.0013999961083754897,0.2758000046014786,12.631499994313344
Full Pipeline,True,True,True,True,297,10.97499999741558,0.0016999983927235007,0.001500011421740055,0.265499998931773,11.243700006161816
Full Pipeline,True,True,True,True,298,9.149099991191179,0.001500011421740055,0.0025000044843181968,0.23440000950358808,9.387500016600825
Full Pipeline,True,True,True,True,299,9.360600000945851,0.0015999976312741637,0.0009999930625781417,0.31180000223685056,9.674999993876554
No YOLO,False,True,True,True,0,0.000400003045797348,0.0005999900167807937,0.000900006853044033,0.08959999831859022,0.0914999982342124
No YOLO,False,True,True,True,1,0.000600004568696022,0.0006999907782301307,0.000900006853044033,0.09119999594986439,0.09339999814983457
No YOLO,False,True,True,True,2,0.000500003807246685,0.000600004568696022,0.0007999915396794677,0.08039998647291213,0.08229998638853431
No YOLO,False,True,True,True,3,0.000400003045797348,0.0004999892553314567,0.000900006853044033,0.07940000796224922,0.08120000711642206
No YOLO,False,True,True,True,4,0.000500003807246685,0.000400003045797348,0.000700005330145359,0.07490000280085951,0.0765000149840489
No YOLO,False,True,True,True,5,0.000400003045797348,0.000400003045797348,0.000500003807246685,0.07449999975506216,0.07580000965390354
No YOLO,False,True,True,True,6,0.000500003807246685,0.00029998773243278265,0.000800006091594696,0.07789999654050916,0.07949999417178333
No YOLO,False,True,True,True,7,0.000500003807246685,0.00029998773243278265,0.000600004568696022,0.07389999518636614,0.07529999129474163
No YOLO,False,True,True,True,8,0.000500003807246685,0.00029998773243278265,0.000600004568696022,0.07420001202262938,0.07560000813100487
No YOLO,False,True,True,True,9,0.000400003045797348,0.000200001522898674,0.000500003807246685,0.07280000136233866,0.07390000973828137
No YOLO,False,True,True,True,10,0.00039998849388211966,0.000200001522898674,0.0004999892553314567,0.07599999662488699,0.07709997589699924
No YOLO,False,True,True,True,11,0.000700005330145359,0.000500003807246685,0.000900006853044033,0.07750000804662704,0.07960002403706312
No YOLO,False,True,True,True,12,0.0005999900167807937,0.0006999907782301307,0.00100000761449337,0.08030000026337802,0.08259998867288232
No YOLO,False,True,True,True,13,0.000400003045797348,0.000400003045797348,0.0007999915396794677,0.07490000280085951,0.07650000043213367
No YOLO,False,True,True,True,14,0.000400003045797348,0.000300002284348011,0.000500003807246685,0.08489999163430184,0.08610000077169389
No YOLO,False,True,True,True,15,0.000500003807246685,0.000400003045797348,0.0008999923011288047,0.07619999814778566,0.0779999973019585
No YOLO,False,True,True,True,16,0.000400003045797348,0.00029998773243278265,0.000800006091594696,0.07910000567790121,0.08060000254772604
No YOLO,False,True,True,True,17,0.000400003045797348,0.000300002284348011,0.000400003045797348,0.12040000001434237,0.12150000839028507
No YOLO,False,True,True,True,18,0.000400003045797348,0.000200001522898674,0.000600004568696022,0.07270000060088933,0.07390000973828137
No YOLO,False,True,True,True,19,0.000300002284348011,0.00029998773243278265,0.000500003807246685,0.07440001354552805,0.07550000736955553
No YOLO,False,True,True,True,20,0.000400003045797348,0.00029998773243278265,0.000600004568696022,0.07300000288523734,0.07429999823216349
No YOLO,False,True,True,True,21,0.000500003807246685,0.000300002284348011,0.0005999900167807937,0.07389999518636614,0.07529999129474163
No YOLO,False,True,True,True,22,0.00039998849388211966,0.000400003045797348,0.0005999900167807937,0.07130000449251384,0.0726999860489741
No YOLO,False,True,True,True,23,0.000300002284348011,0.000200001522898674,0.0005999900167807937,0.07670000195503235,0.07779999577905983
No YOLO,False,True,True,True,24,0.000400003045797348,0.00039998849388211966,0.000600004568696022,0.07029999687802047,0.07169999298639596
No YOLO,False,True,True,True,25,0.000400003045797348,0.000200001522898674,0.000500003807246685,0.07320000440813601,0.07430001278407872
No YOLO,False,True,True,True,26,0.000400003045797348,0.000300002284348011,0.000700005330145359,0.07189999450929463,0.07330000516958535
No YOLO,False,True,True,True,27,0.000500003807246685,0.00029998773243278265,0.000700005330145359,0.07470000127796084,0.07619999814778566
No YOLO,False,True,True,True,28,0.000600004568696022,0.0007999915396794677,0.000800006091594696,0.07950000872369856,0.08170001092366874
No YOLO,False,True,True,True,29,0.000600004568696022,0.000500003807246685,0.000800006091594696,0.07679998816456646,0.07870000263210386
No YOLO,False,True,True,True,30,0.0005999900167807937,0.000300002284348011,0.000600004568696022,0.07749999349471182,0.07899999036453664
No YOLO,False,True,True,True,31,0.000600004568696022,0.000300002284348011,0.000800006091594696,0.09050000517163426,0.09220001811627299
No YOLO,False,True,True,True,32,0.000400003045797348,0.000300002284348011,0.000800006091594696,0.07650000043213367,0.07800001185387373
No YOLO,False,True,True,True,33,0.000500003807246685,0.000300002284348011,0.0006999907782301307,0.07739999273326248,0.0788999896030873
No YOLO,False,True,True,True,34,0.000400003045797348,0.000200001522898674,0.000600004568696022,0.07449999975506216,0.07570000889245421
No YOLO,False,True,True,True,35,0.000500003807246685,0.00029998773243278265,0.000700005330145359,0.08710000838618726,0.08860000525601208
No YOLO,False,True,True,True,36,0.000600004568696022,0.000400003045797348,0.0007999915396794677,0.07499998901039362,0.07679998816456646
No YOLO,False,True,True,True,37,0.00029998773243278265,0.000300002284348011,0.0005999900167807937,0.07520000508520752,0.07639998511876911
No YOLO,False,True,True,True,38,0.000300002284348011,0.00029998773243278265,0.000600004568696022,0.0754000066081062,0.07660000119358301
No YOLO,False,True,True,True,39,0.000400003045797348,0.000300002284348011,0.000500003807246685,0.07289998757187277,0.07409999670926481
No YOLO,False,True,True,True,40,0.000400003045797348,0.00029998773243278265,0.000500003807246685,0.07599999662488699,0.0771999912103638
No YOLO,False,True,True,True,41,0.000500003807246685,0.000300002284348011,0.000700005330145359,0.07199999527074397,0.07350000669248402
No YOLO,False,True,True,True,42,0.000400003045797348,0.000300002284348011,0.000600004568696022,0.08369999704882503,0.0850000069476664
No YOLO,False,True,True,True,43,0.000400003045797348,0.000200001522898674,0.0005999900167807937,0.07239999831654131,0.07359999290201813
No YOLO,False,True,True,True,44,0.000500003807246685,0.000300002284348011,0.0007999915396794677,0.07680000271648169,0.07840000034775585
No YOLO,False,True,True,True,45,0.000600004568696022,0.000400003045797348,0.000700005330145359,0.07299998833332211,0.07470000127796084
No YOLO,False,True,True,True,46,0.000600004568696022,0.000400003045797348,0.0006999907782301307,0.07690000347793102,0.07860000187065452
No YOLO,False,True,True,True,47,0.000500003807246685,0.000300002284348011,0.000500003807246685,0.07569999434053898,0.07700000423938036
No YOLO,False,True,True,True,48,0.000500003807246685,0.000300002284348011,0.000600004568696022,0.0754000066081062,0.07680001726839691
No YOLO,False,True,True,True,49,0.000400003045797348,0.000300002284348011,0.000500003807246685,0.07140000525396317,0.07260001439135522
No YOLO,False,True,True,True,50,0.000600004568696022,0.000500003807246685,0.0008999923011288047,0.08990000060293823,0.09190000128000975
No YOLO,False,True,True,True,51,0.000600004568696022,0.000400003045797348,0.0007999915396794677,0.08369999704882503,0.08549999620299786
No YOLO,False,True,True,True,52,0.000600004568696022,0.000300002284348011,0.0007999915396794677,0.07890000415500253,0.08060000254772604
No YOLO,False,True,True,True,53,0.0005999900167807937,0.00039998849388211966,0.0009999930625781417,0.07789999654050916,0.07989996811375022
No YOLO,False,True,True,True,54,0.000400003045797348,0.000400003045797348,0.0005999900167807937,0.07539999205619097,0.07679998816456646
No YOLO,False,True,True,True,55,0.000500003807246685,0.00039998849388211966,0.000600004568696022,0.07420001202262938,0.07570000889245421
No YOLO,False,True,True,True,56,0.000600004568696022,0.000300002284348011,0.000600004568696022,0.07819999882485718,0.07970001024659723
No YOLO,False,True,True,True,57,0.000500003807246685,0.000200001522898674,0.000600004568696022,0.07999999797903001,0.0813000078778714
No YOLO,False,True,True,True,58,0.000700005330145359,0.000700005330145359,0.0011999945854768157,0.0864000030560419,0.08900000830180943
No YOLO,False,True,True,True,59,0.0007999915396794677,0.000200001522898674,0.0006999907782301307,0.0822000001790002,0.08389998401980847
No YOLO,False,True,True,True,60,0.0004999892553314567,0.000200001522898674,0.0005999900167807937,0.07829999958630651,0.07959998038131744
No YOLO,False,True,True,True,61,0.000400003045797348,0.000300002284348011,0.0007999915396794677,0.07939999341033399,0.08089999028015882
No YOLO,False,True,True,True,62,0.000500003807246685,0.000400003045797348,0.0006999907782301307,0.07369999366346747,0.07529999129474163
No YOLO,False,True,True,True,63,0.000400003045797348,0.000300002284348011,0.000600004568696022,0.08019999950192869,0.08150000940077007
No YOLO,False,True,True,True,64,0.000500003807246685,0.00029998773243278265,0.000500003807246685,0.07320000440813601,0.07449999975506216
No YOLO,False,True,True,True,65,0.00039998849388211966,0.000300002284348011,0.0004999892553314567,0.07110000296961516,0.07229998300317675
No YOLO,False,True,True,True,66,0.000400003045797348,0.000300002284348011,0.0006999907782301307,0.07449999975506216,0.07589999586343765
No YOLO,False,True,True,True,67,0.000500003807246685,0.000300002284348011,0.000600004568696022,0.07590001041535288,0.0773000210756436
No YOLO,False,True,True,True,68,0.000400003045797348,0.00029998773243278265,0.000500003807246685,0.07449999975506216,0.07569999434053898
No YOLO,False,True,True,True,69,0.000400003045797348,0.000300002284348011,0.000500003807246685,0.07989999721758068,0.08110000635497272
No YOLO,False,True,True,True,70,0.0004999892553314567,0.000400003045797348,0.000500003807246685,0.07819999882485718,0.07959999493323267
No YOLO,False,True,True,True,71,0.000600004568696022,0.00039998849388211966,0.000600004568696022,0.076299998909235,0.07789999654050916
No YOLO,False,True,True,True,72,0.000500003807246685,0.000300002284348011,0.000500003807246685,0.07670000195503235,0.07800001185387373
No YOLO,False,True,True,True,73,0.000300002284348011,0.000300002284348011,0.0005999900167807937,0.07510000432375818,0.076299998909235
No YOLO,False,True,True,True,74,0.000400003045797348,0.000300002284348011,0.000500003807246685,0.07850000110920519,0.07970001024659723
No YOLO,False,True,True,True,75,0.0004999892553314567,0.000300002284348011,0.0005999900167807937,0.07569999434053898,0.07709997589699924
No YOLO,False,True,True,True,76,0.000500003807246685,0.000400003045797348,0.000600004568696022,0.07520000508520752,0.07670001650694758
No YOLO,False,True,True,True,77,0.00039998849388211966,0.000300002284348011,0.0005999900167807937,0.07910000567790121,0.08039998647291213
No YOLO,False,True,True,True,78,0.0004999892553314567,0.000300002284348011,0.0005999900167807937,0.07700000423938036,0.07839998579584062
No YOLO,False,True,True,True,79,0.000500003807246685,0.00029998773243278265,0.000600004568696022,0.07750000804662704,0.07890000415500253
No YOLO,False,True,True,True,80,0.000700005330145359,0.000400003045797348,0.000800006091594696,0.079699995694682,0.0816000101622194
No YOLO,False,True,True,True,81,0.0004999892553314567,0.000300002284348011,0.0004999892553314567,0.07680000271648169,0.07809998351149261
No YOLO,False,True,True,True,82,0.000400003045797348,0.000300002284348011,0.000700005330145359,0.07469998672604561,0.07609999738633633
No YOLO,False,True,True,True,83,0.000400003045797348,0.00029998773243278265,0.000500003807246685,0.08289999095723033,0.08409998554270715
No YOLO,False,True,True,True,84,0.000400003045797348,0.000300002284348011,0.000500003807246685,0.07490000280085951,0.07610001193825155
No YOLO,False,True,True,True,85,0.000500003807246685,0.000300002284348011,0.0005999900167807937,0.08070000330917537,0.08209999941755086
No YOLO,False,True,True,True,86,0.000400003045797348,0.000300002284348011,0.000600004568696022,0.0754999928176403,0.07680000271648169
No YOLO,False,True,True,True,87,0.000400003045797348,0.000300002284348011,0.000500003807246685,0.07749999349471182,0.07870000263210386
No YOLO,False,True,True,True,88,0.000400003045797348,0.000300002284348011,0.000500003807246685,0.07429999823216349,0.07550000736955553
No YOLO,False,True,True,True,89,0.0006999907782301307,0.000300002284348011,0.000700005330145359,0.09950000094249845,0.10119999933522195
No YOLO,False,True,True,True,90,0.0009999930625781417,0.0004999892553314567,0.0011999945854768157,0.11420001101214439,0.1168999879155308
No YOLO,False,True,True,True,91,0.000400003045797348,0.000400003045797348,0.0008999923011288047,0.08189999789465219,0.08359999628737569
No YOLO,False,True,True,True,92,0.000500003807246685,0.000400003045797348,0.0006999907782301307,0.0751999905332923,0.07679998816456646
No YOLO,False,True,True,True,93,0.000500003807246685,0.000300002284348011,0.0005999900167807937,0.08420000085607171,0.0855999969644472
No YOLO,False,True,True,True,94,0.000500003807246685,0.000300002284348011,0.0006999907782301307,0.07729999197181314,0.07879998884163797
No YOLO,False,True,True,True,95,0.0005999900167807937,0.00039998849388211966,0.000900006853044033,0.08179999713320285,0.0836999824969098
No YOLO,False,True,True,True,96,0.000500003807246685,0.000400003045797348,0.000700005330145359,0.07900000491645187,0.08060001709964126
No YOLO,False,True,True,True,97,0.0004999892553314567,0.000300002284348011,0.000800006091594696,0.08209999941755086,0.08369999704882503
No YOLO,False,True,True,True,98,0.000400003045797348,0.000400003045797348,0.000600004568696022,0.07929999264888465,0.08070000330917537
No YOLO,False,True,True,True,99,0.000500003807246685,0.000300002284348011,0.0006999907782301307,0.09199998748954386,0.09349998435936868
No YOLO,False,True,True,True,100,0.000600004568696022,0.0004999892553314567,0.000900006853044033,0.08879999222699553,0.09079999290406704
No YOLO,False,True,True,True,101,0.0004999892553314567,0.00039998849388211966,0.000900006853044033,0.08159999561030418,0.08339998021256179
No YOLO,False,True,True,True,102,0.000500003807246685,0.000400003045797348,0.000700005330145359,0.07800001185387373,0.07960002403706312
No YOLO,False,True,True,True,103,0.0004999892553314567,0.000300002284348011,0.000700005330145359,0.08030000026337802,0.08179999713320285
No YOLO,False,True,True,True,104,0.000600004568696022,0.0005999900167807937,0.0008999923011288047,0.08279999019578099,0.08489997708238661
No YOLO,False,True,True,True,105,0.000500003807246685,0.000600004568696022,0.000700005330145359,0.07759999425616115,0.07940000796224922
No YOLO,False,True,True,True,106,0.000400003045797348,0.000400003045797348,0.000800006091594696,0.07590001041535288,0.07750002259854227
No YOLO,False,True,True,True,107,0.000400003045797348,0.000300002284348011,0.0005999900167807937,0.07639999967068434,0.07769999501761049
No YOLO,False,True,True,True,108,0.000300002284348011,0.00029998773243278265,0.000400003045797348,0.07439999899361283,0.07539999205619097
No YOLO,False,True,True,True,109,0.000500003807246685,0.00029998773243278265,0.000600004568696022,0.08600000001024455,0.08739999611862004
No YOLO,False,True,True,True,110,0.00039998849388211966,0.000300002284348011,0.0005999900167807937,0.0779999973019585,0.07929997809696943
No YOLO,False,True,True,True,111,0.000400003045797348,0.000300002284348011,0.000500003807246685,0.0737999944249168,0.07500000356230885
No YOLO,False,True,True,True,112,0.0004999892553314567,0.000300002284348011,0.0004999892553314567,0.07949999417178333,0.08079997496679425
No YOLO,False,True,True,True,113,0.0005999900167807937,0.000200001522898674,0.0005999900167807937,0.07349999214056879,0.07489997369702905
No YOLO,False,True,True,True,114,0.0004999892553314567,0.00029998773243278265,0.000700005330145359,0.0822000001790002,0.0836999824969098
No YOLO,False,True,True,True,115,0.000400003045797348,0.000300002284348011,0.000600004568696022,0.07720000576227903,0.07850001566112041
No YOLO,False,True,True,True,116,0.00039998849388211966,0.000300002284348011,0.0005999900167807937,0.07609999738633633,0.07739997818134725
No YOLO,False,True,True,True,117,0.000300002284348011,0.000300002284348011,0.000500003807246685,0.07619999814778566,0.07730000652372837
No YOLO,False,True,True,True,118,0.000400003045797348,0.000300002284348011,0.0004999892553314567,0.07480000203941017,0.07599999662488699
No YOLO,False,True,True,True,119,0.0005999900167807937,0.000400003045797348,0.000500003807246685,0.07929999264888465,0.08079998951870948
No YOLO,False,True,True,True,120,0.0004999892553314567,0.000300002284348011,0.0004999892553314567,0.07680000271648169,0.07809998351149261
No YOLO,False,True,True,True,121,0.000500003807246685,0.000300002284348011,0.000500003807246685,0.07049999840091914,0.07180000829976052
No YOLO,False,True,True,True,122,0.00039998849388211966,0.000300002284348011,0.000500003807246685,0.07270000060088933,0.07389999518636614
No YOLO,False,True,True,True,123,0.000400003045797348,0.00029998773243278265,0.000500003807246685,0.07580000965390354,0.07700000423938036
No YOLO,False,True,True,True,124,0.000500003807246685,0.000300002284348011,0.000600004568696022,0.07310000364668667,0.07450001430697739
No YOLO,False,True,True,True,125,0.000400003045797348,0.000200001522898674,0.000500003807246685,0.07129998994059861,0.07239999831654131
No YOLO,False,True,True,True,126,0.000300002284348011,0.000300002284348011,0.000500003807246685,0.07699998968746513,0.07809999806340784
No YOLO,False,True,True,True,127,0.000200001522898674,0.000300002284348011,0.000400003045797348,0.07419999747071415,0.07510000432375818
No YOLO,False,True,True,True,128,0.000400003045797348,0.00029998773243278265,0.000500003807246685,0.09349999891128391,0.09469999349676073
No YOLO,False,True,True,True,129,0.00039998849388211966,0.000300002284348011,0.0005999900167807937,0.07399999594781548,0.0752999767428264
No YOLO,False,True,True,True,130,0.000300002284348011,0.000300002284348011,0.0004999892553314567,0.07769999501761049,0.07879998884163797
No YOLO,False,True,True,True,131,0.000400003045797348,0.00029998773243278265,0.000400003045797348,0.07140000525396317,0.07249999907799065
No YOLO,False,True,True,True,132,0.000400003045797348,0.000200001522898674,0.000600004568696022,0.07249999907799065,0.0737000082153827
No YOLO,False,True,True,True,133,0.000500003807246685,0.000300002284348011,0.0006999907782301307,0.079699995694682,0.08119999256450683
No YOLO,False,True,True,True,134,0.000400003045797348,0.000200001522898674,0.000500003807246685,0.08289999095723033,0.08399999933317304
No YOLO,False,True,True,True,135,0.000400003045797348,0.000200001522898674,0.0004999892553314567,0.07280000136233866,0.07389999518636614
No YOLO,False,True,True,True,136,0.000300002284348011,0.000200001522898674,0.0004999892553314567,0.0751999905332923,0.07619998359587044
No YOLO,False,True,True,True,137,0.000400003045797348,0.000300002284348011,0.000600004568696022,0.07579999510198832,0.0771000050008297
No YOLO,False,True,True,True,138,0.000600004568696022,0.000400003045797348,0.000800006091594696,0.08010001329239458,0.08190002699848264
No YOLO,False,True,True,True,139,0.000300002284348011,0.000300002284348011,0.0004999892553314567,0.07769999501761049,0.07879998884163797
No YOLO,False,True,True,True,140,0.000400003045797348,0.000300002284348011,0.000600004568696022,0.0830000062705949,0.08430001616943628
No YOLO,False,True,True,True,141,0.000400003045797348,0.000300002284348011,0.0005999900167807937,0.07249999907799065,0.0737999944249168
No YOLO,False,True,True,True,142,0.000400003045797348,0.000300002284348011,0.00039998849388211966,0.07449999975506216,0.07559999357908964
No YOLO,False,True,True,True,143,0.000500003807246685,0.000300002284348011,0.0006999907782301307,0.07399999594781548,0.0754999928176403
No YOLO,False,True,True,True,144,0.00039998849388211966,0.000200001522898674,0.0006999907782301307,0.07759999425616115,0.07889997505117208
No YOLO,False,True,True,True,145,0.00039998849388211966,0.000300002284348011,0.0005999900167807937,0.07650000043213367,0.0777999812271446
No YOLO,False,True,True,True,146,0.00039998849388211966,0.000300002284348011,0.0004999892553314567,0.07769999501761049,0.07889997505117208
No YOLO,False,True,True,True,147,0.000300002284348011,0.000300002284348011,0.000500003807246685,0.08519999391864985,0.08630000229459256
No YOLO,False,True,True,True,148,0.000600004568696022,0.000300002284348011,0.0005999900167807937,0.07809999806340784,0.07959999493323267
No YOLO,False,True,True,True,149,0.000400003045797348,0.00039998849388211966,0.000600004568696022,0.07380000897683203,0.07520000508520752
No YOLO,False,True,True,True,150,0.0005999900167807937,0.000500003807246685,0.0008999923011288047,0.09500001033302397,0.09699999645818025
No YOLO,False,True,True,True,151,0.0004999892553314567,0.000400003045797348,0.00100000761449337,0.07700000423938036,0.07890000415500253
No YOLO,False,True,True,True,152,0.0005999900167807937,0.000300002284348011,0.000800006091594696,0.07769999501761049,0.07939999341033399
No YOLO,False,True,True,True,153,0.000600004568696022,0.000400003045797348,0.0007999915396794677,0.08839998918119818,0.09019998833537102
No YOLO,False,True,True,True,154,0.000400003045797348,0.000200001522898674,0.0008999923011288047,0.08149999484885484,0.08299999171867967
No YOLO,False,True,True,True,155,0.0004999892553314567,0.000400003045797348,0.000800006091594696,0.0768999889260158,0.0785999873187393
No YOLO,False,True,True,True,156,0.000400003045797348,0.000200001522898674,0.000600004568696022,0.07989999721758068,0.08110000635497272
No YOLO,False,True,True,True,157,0.000400003045797348,0.00029998773243278265,0.000500003807246685,0.07590001041535288,0.0771000050008297
No YOLO,False,True,True,True,158,0.000400003045797348,0.000400003045797348,0.0004999892553314567,0.07890000415500253,0.08019999950192869
No YOLO,False,True,True,True,159,0.0005999900167807937,0.000300002284348011,0.0005999900167807937,0.07389999518636614,0.07539997750427574
No YOLO,False,True,True,True,160,0.00029998773243278265,0.000300002284348011,0.000500003807246685,0.07750000804662704,0.07860000187065452
No YOLO,False,True,True,True,161,0.000500003807246685,0.000300002284348011,0.0004999892553314567,0.07789999654050916,0.07919999188743532
No YOLO,False,True,True,True,162,0.0005999900167807937,0.000400003045797348,0.000800006091594696,0.08140000863932073,0.08320000779349357
No YOLO,False,True,True,True,163,0.000500003807246685,0.0007999915396794677,0.0009999930625781417,0.09269999281968921,0.09499998122919351
No YOLO,False,True,True,True,164,0.000400003045797348,0.000500003807246685,0.000600004568696022,0.07939999341033399,0.08090000483207405
No YOLO,False,True,True,True,165,0.000400003045797348,0.000300002284348011,0.000700005330145359,0.07940000796224922,0.08080001862253994
No YOLO,False,True,True,True,166,0.000400003045797348,0.000300002284348011,0.0006999907782301307,0.07690000347793102,0.07829999958630651
No YOLO,False,True,True,True,167,0.000600004568696022,0.000300002284348011,0.0006999907782301307,0.08099999104160815,0.08259998867288232
No YOLO,False,True,True,True,168,0.0007999915396794677,0.00039998849388211966,0.000800006091594696,0.09159999899566174,0.09359998512081802
No YOLO,False,True,True,True,169,0.0005999900167807937,0.000300002284348011,0.000900006853044033,0.08340000931639224,0.08520000847056508
No YOLO,False,True,True,True,170,0.0005999900167807937,0.000300002284348011,0.000800006091594696,0.08590001380071044,0.08760001219343394
No YOLO,False,True,True,True,171,0.0008999923011288047,0.000300002284348011,0.000700005330145359,0.08379999781027436,0.08569999772589654
No YOLO,False,True,True,True,172,0.000700005330145359,0.000300002284348011,0.0006999907782301307,0.08040000102482736,0.08209999941755086
No YOLO,False,True,True,True,173,0.000400003045797348,0.000300002284348011,0.000700005330145359,0.07790001109242439,0.07930002175271511
No YOLO,False,True,True,True,174,0.0005999900167807937,0.000300002284348011,0.000600004568696022,0.07939999341033399,0.08089999028015882
No YOLO,False,True,True,True,175,0.000500003807246685,0.000300002284348011,0.0006999907782301307,0.08149999484885484,0.08299999171867967
No YOLO,False,True,True,True,176,0.000500003807246685,0.000300002284348011,0.000600004568696022,0.08040000102482736,0.08180001168511808
No YOLO,False,True,True,True,177,0.000500003807246685,0.00029998773243278265,0.000700005330145359,0.08009999874047935,0.08159999561030418
No YOLO,False,True,True,True,178,0.000500003807246685,0.000400003045797348,0.0004999892553314567,0.0805000017862767,0.08189999789465219
No YOLO,False,True,True,True,179,0.00039998849388211966,0.000400003045797348,0.000500003807246685,0.07929999264888465,0.0805999879958108
No YOLO,False,True,True,True,180,0.000700005330145359,0.000300002284348011,0.0006999907782301307,0.07429999823216349,0.07599999662488699
No YOLO,False,True,True,True,181,0.000500003807246685,0.000400003045797348,0.000500003807246685,0.07840000034775585,0.07980001100804657
No YOLO,False,True,True,True,182,0.000400003045797348,0.000300002284348011,0.0004999892553314567,0.07779999577905983,0.07899999036453664
No YOLO,False,True,True,True,183,0.0004999892553314567,0.000300002284348011,0.000500003807246685,0.08179999713320285,0.083099992480129
No YOLO,False,True,True,True,184,0.000500003807246685,0.000300002284348011,0.0005999900167807937,0.07949999417178333,0.08089999028015882
No YOLO,False,True,True,True,185,0.000400003045797348,0.000400003045797348,0.000500003807246685,0.08199999865610152,0.0833000085549429
No YOLO,False,True,True,True,186,0.0005999900167807937,0.00039998849388211966,0.000900006853044033,0.07989999721758068,0.08179998258128762
No YOLO,False,True,True,True,187,0.000300002284348011,0.000400003045797348,0.0005999900167807937,0.07850000110920519,0.07979999645613134
No YOLO,False,True,True,True,188,0.000500003807246685,0.000300002284348011,0.000600004568696022,0.07940000796224922,0.08080001862253994
No YOLO,False,True,True,True,189,0.000400003045797348,0.000300002284348011,0.000500003807246685,0.07860000187065452,0.07980001100804657
No YOLO,False,True,True,True,190,0.0006999907782301307,0.000500003807246685,0.001100008375942707,0.09669999417383224,0.09899999713525176
No YOLO,False,True,True,True,191,0.000600004568696022,0.000400003045797348,0.0006999907782301307,0.08699999307282269,0.08869999146554619
No YOLO,False,True,True,True,192,0.000400003045797348,0.000400003045797348,0.000600004568696022,0.0926000066101551,0.09400001727044582
No YOLO,False,True,True,True,193,0.000400003045797348,0.000300002284348011,0.000600004568696022,0.0771000050008297,0.07840001489967108
No YOLO,False,True,True,True,194,0.000600004568696022,0.000400003045797348,0.0007999915396794677,0.08179999713320285,0.08359999628737569
No YOLO,False,True,True,True,195,0.000700005330145359,0.0004999892553314567,0.0015999976312741637,0.12850000348407775,0.13129999570082873
No YOLO,False,True,True,True,196,0.000600004568696022,0.000600004568696022,0.0011999945854768157,0.11829999857582152,0.12070000229869038
No YOLO,False,True,True,True,197,0.0006999907782301307,0.000600004568696022,0.0012999953469261527,0.11680000170599669,0.119399992399849
No YOLO,False,True,True,True,198,0.000800006091594696,0.0004999892553314567,0.0010999938240274787,0.09349999891128391,0.09589998808223754
No YOLO,False,True,True,True,199,0.0005999900167807937,0.000400003045797348,0.0008999923011288047,0.11629999789875001,0.11819998326245695
No YOLO,False,True,True,True,200,0.000900006853044033,0.000500003807246685,0.0010999938240274787,0.11130000348202884,0.11380000796634704
No YOLO,False,True,True,True,201,0.0005999900167807937,0.00039998849388211966,0.0008999923011288047,0.10849999671336263,0.11039996752515435
No YOLO,False,True,True,True,202,0.0007999915396794677,0.000400003045797348,0.001200009137392044,0.09919999865815043,0.1016000023810193
No YOLO,False,True,True,True,203,0.000700005330145359,0.000500003807246685,0.001100008375942707,0.11959999392274767,0.12190001143608242
No YOLO,False,True,True,True,204,0.00100000761449337,0.000500003807246685,0.0013999961083754897,0.12660000356845558,0.12950001109857112
No YOLO,False,True,True,True,205,0.000700005330145359,0.000600004568696022,0.0012999953469261527,0.19190000602975488,0.1945000112755224
No YOLO,False,True,True,True,206,0.000700005330145359,0.000500003807246685,0.001100008375942707,0.09420000424142927,0.09650002175476402
No YOLO,False,True,True,True,207,0.000700005330145359,0.000600004568696022,0.001300009898841381,0.12479998986236751,0.12740000966005027
No YOLO,False,True,True,True,208,0.000600004568696022,0.000500003807246685,0.0012999953469261527,0.08749999688006938,0.08990000060293823
No YOLO,False,True,True,True,209,0.000700005330145359,0.000400003045797348,0.001200009137392044,0.0931999966269359,0.09550001414027065
No YOLO,False,True,True,True,210,0.0006999907782301307,0.000400003045797348,0.0011999945854768157,0.0864000030560419,0.08869999146554619
No YOLO,False,True,True,True,211,0.0008999923011288047,0.000500003807246685,0.0012999953469261527,0.12099999003112316,0.1236999814864248
No YOLO,False,True,True,True,212,0.0008999923011288047,0.000500003807246685,0.0012999953469261527,0.13000000035390258,0.13269999180920422
No YOLO,False,True,True,True,213,0.000600004568696022,0.000600004568696022,0.0012999953469261527,0.12989999959245324,0.13240000407677144
No YOLO,False,True,True,True,214,0.000700005330145359,0.0005999900167807937,0.0012999953469261527,0.12599999899975955,0.12859998969361186
No YOLO,False,True,True,True,215,0.000600004568696022,0.000500003807246685,0.0012999953469261527,0.09119999594986439,0.09359999967273325
No YOLO,False,True,True,True,216,0.000600004568696022,0.000500003807246685,0.001100008375942707,0.08660000457894057,0.08880002133082598
No YOLO,False,True,True,True,217,0.000600004568696022,0.000300002284348011,0.000900006853044033,0.08450000314041972,0.08630001684650779
No YOLO,False,True,True,True,218,0.0008999923011288047,0.00039998849388211966,0.0008999923011288047,0.08739999611862004,0.08959996921475977
No YOLO,False,True,True,True,219,0.0004999892553314567,0.000400003045797348,0.0004999892553314567,0.07959999493323267,0.08099997648969293
No YOLO,False,True,True,True,220,0.000700005330145359,0.000300002284348011,0.0007999915396794677,0.08379999781027436,0.0855999969644472
No YOLO,False,True,True,True,221,0.0004999892553314567,0.000400003045797348,0.000700005330145359,0.08179999713320285,0.08339999476447701
No YOLO,False,True,True,True,222,0.000700005330145359,0.000400003045797348,0.000800006091594696,0.08280000474769622,0.08470001921523362
No YOLO,False,True,True,True,223,0.0005999900167807937,0.000400003045797348,0.000800006091594696,0.0805000017862767,0.08230000094044954
No YOLO,False,True,True,True,224,0.000600004568696022,0.000300002284348011,0.000800006091594696,0.08209999941755086,0.08380001236218959
No YOLO,False,True,True,True,225,0.00029998773243278265,0.000400003045797348,0.000700005330145359,0.0788000033935532,0.08019999950192869
No YOLO,False,True,True,True,226,0.000500003807246685,0.000300002284348011,0.000800006091594696,0.08430000161752105,0.08590001380071044
No YOLO,False,True,True,True,227,0.000700005330145359,0.000400003045797348,0.0008999923011288047,0.08620000153314322,0.08820000221021473
No YOLO,False,True,True,True,228,0.0005999900167807937,0.00039998849388211966,0.000900006853044033,0.0838999985717237,0.08579998393543065
No YOLO,False,True,True,True,229,0.0007999915396794677,0.000300002284348011,0.000800006091594696,0.08490000618621707,0.08680000610183924
No YOLO,False,True,True,True,230,0.000400003045797348,0.000300002284348011,0.000800006091594696,0.07989999721758068,0.08140000863932073
No YOLO,False,True,True,True,231,0.000600004568696022,0.000300002284348011,0.0007999915396794677,0.09219998901244253,0.09389998740516603
No YOLO,False,True,True,True,232,0.000500003807246685,0.000400003045797348,0.000700005330145359,0.08149999484885484,0.08310000703204423
No YOLO,False,True,True,True,233,0.0004999892553314567,0.000400003045797348,0.0006999907782301307,0.08149999484885484,0.08309997792821378
No YOLO,False,True,True,True,234,0.000600004568696022,0.000300002284348011,0.0006999907782301307,0.08069998875726014,0.08229998638853431
No YOLO,False,True,True,True,235,0.000300002284348011,0.00029998773243278265,0.000700005330145359,0.08040000102482736,0.08169999637175351
No YOLO,False,True,True,True,236,0.0006999907782301307,0.000300002284348011,0.000900006853044033,0.08450000314041972,0.0864000030560419
No YOLO,False,True,True,True,237,0.000400003045797348,0.000500003807246685,0.0005999900167807937,0.07530000584665686,0.07680000271648169
No YOLO,False,True,True,True,238,0.000500003807246685,0.00039998849388211966,0.000600004568696022,0.08369999704882503,0.08519999391864985
No YOLO,False,True,True,True,239,0.000500003807246685,0.0004999892553314567,0.000700005330145359,0.0816000101622194,0.0833000085549429
No YOLO,False,True,True,True,240,0.000600004568696022,0.000500003807246685,0.0008999923011288047,0.08100000559352338,0.0830000062705949
No YOLO,False,True,True,True,241,0.000500003807246685,0.00029998773243278265,0.000600004568696022,0.07970001024659723,0.08110000635497272
No YOLO,False,True,True,True,242,0.0004999892553314567,0.000500003807246685,0.000700005330145359,0.08240000170189887,0.08410000009462237
No YOLO,False,True,True,True,243,0.00039998849388211966,0.000400003045797348,0.000800006091594696,0.08190001244656742,0.08350001007784158
No YOLO,False,True,True,True,244,0.0006999907782301307,0.00029998773243278265,0.00100000761449337,0.08129999332595617,0.08329997945111245
No YOLO,False,True,True,True,245,0.000500003807246685,0.000300002284348011,0.0007999915396794677,0.08179999713320285,0.08339999476447701
No YOLO,False,True,True,True,246,0.000400003045797348,0.000400003045797348,0.0005999900167807937,0.08019999950192869,0.08159999561030418
No YOLO,False,True,True,True,247,0.0005999900167807937,0.000200001522898674,0.0005999900167807937,0.09129999671131372,0.09269997826777399
No YOLO,False,True,True,True,248,0.000500003807246685,0.000300002284348011,0.000600004568696022,0.0788999896030873,0.08030000026337802
No YOLO,False,True,True,True,249,0.00039998849388211966,0.000400003045797348,0.0006999907782301307,0.07720000576227903,0.07869998808018863
No YOLO,False,True,True,True,250,0.0006999907782301307,0.000400003045797348,0.0009999930625781417,0.09450000652577728,0.0965999934123829
No YOLO,False,True,True,True,251,0.000400003045797348,0.000400003045797348,0.000800006091594696,0.08230000094044954,0.08390001312363893
No YOLO,False,True,True,True,252,0.000700005330145359,0.000400003045797348,0.0008999923011288047,0.08289999095723033,0.08489999163430184
No YOLO,False,True,True,True,253,0.000500003807246685,0.00029998773243278265,0.000800006091594696,0.08440000237897038,0.08600000001024455
No YOLO,False,True,True,True,254,0.000600004568696022,0.000300002284348011,0.0008999923011288047,0.08669999078847468,0.08849998994264752
No YOLO,False,True,True,True,255,0.000700005330145359,0.000400003045797348,0.000900006853044033,0.08730000990908593,0.08930002513807267
No YOLO,False,True,True,True,256,0.000400003045797348,0.000300002284348011,0.000600004568696022,0.08690000686328858,0.08820001676212996
No YOLO,False,True,True,True,257,0.00039998849388211966,0.000400003045797348,0.0005999900167807937,0.08420000085607171,0.08559998241253197
No YOLO,False,True,True,True,258,0.0005999900167807937,0.000400003045797348,0.0008999923011288047,0.09329999738838524,0.09519998275209218
No YOLO,False,True,True,True,259,0.000600004568696022,0.000400003045797348,0.0007999915396794677,0.08369999704882503,0.08549999620299786
No YOLO,False,True,True,True,260,0.000400003045797348,0.000400003045797348,0.0005999900167807937,0.08849998994264752,0.089899986051023
No YOLO,False,True,True,True,261,0.0004999892553314567,0.000300002284348011,0.000500003807246685,0.07989999721758068,0.08119999256450683
No YOLO,False,True,True,True,262,0.0007999915396794677,0.000500003807246685,0.00100000761449337,0.10380000458098948,0.106100007542409
No YOLO,False,True,True,True,263,0.0008999923011288047,0.000400003045797348,0.000700005330145359,0.08110000635497272,0.08310000703204423
No YOLO,False,True,True,True,264,0.000400003045797348,0.00029998773243278265,0.000600004568696022,0.0833000085549429,0.08460000390186906
No YOLO,False,True,True,True,265,0.000500003807246685,0.00029998773243278265,0.000600004568696022,0.08760001219343394,0.08900000830180943
No YOLO,False,True,True,True,266,0.0005999900167807937,0.00039998849388211966,0.000700005330145359,0.08690000686328858,0.08859999070409685
No YOLO,False,True,True,True,267,0.000600004568696022,0.000400003045797348,0.0007999915396794677,0.08629998774267733,0.08809998689685017
No YOLO,False,True,True,True,268,0.000900006853044033,0.000700005330145359,0.001300009898841381,0.13190000026952475,0.13480002235155553
No YOLO,False,True,True,True,269,0.000500003807246685,0.000400003045797348,0.00100000761449337,0.09080000745598227,0.09270002192351967
No YOLO,False,True,True,True,270,0.00039998849388211966,0.000400003045797348,0.000600004568696022,0.08930001058615744,0.09070000669453293
No YOLO,False,True,True,True,271,0.0005999900167807937,0.000400003045797348,0.0007999915396794677,0.08660000457894057,0.08839998918119818
No YOLO,False,True,True,True,272,0.0004999892553314567,0.000400003045797348,0.000800006091594696,0.08720000914763659,0.0889000075403601
No YOLO,False,True,True,True,273,0.0005999900167807937,0.000300002284348011,0.000800006091594696,0.08060000254772604,0.08230000094044954
No YOLO,False,True,True,True,274,0.000500003807246685,0.000400003045797348,0.0005999900167807937,0.08199999865610152,0.08349999552592635
No YOLO,False,True,True,True,275,0.000300002284348011,0.000300002284348011,0.000600004568696022,0.07770000956952572,0.07890001870691776
No YOLO,False,True,True,True,276,0.000600004568696022,0.000300002284348011,0.0007999915396794677,0.08589999924879521,0.08759999764151871
No YOLO,False,True,True,True,277,0.000300002284348011,0.000300002284348011,0.000600004568696022,0.07940000796224922,0.08060001709964126
No YOLO,False,True,True,True,278,0.000400003045797348,0.000300002284348011,0.000500003807246685,0.07789999654050916,0.07910000567790121
No YOLO,False,True,True,True,279,0.000600004568696022,0.000500003807246685,0.0009999930625781417,0.10680001287255436,0.10890001431107521
No YOLO,False,True,True,True,280,0.0007999915396794677,0.000400003045797348,0.0008999923011288047,0.08259998867288232,0.08469997555948794
No YOLO,False,True,True,True,281,0.000500003807246685,0.000300002284348011,0.0007999915396794677,0.07789999654050916,0.07949999417178333
No YOLO,False,True,True,True,282,0.00039998849388211966,0.000400003045797348,0.0006999907782301307,0.08179999713320285,0.08329997945111245
No YOLO,False,True,True,True,283,0.000400003045797348,0.000300002284348011,0.000500003807246685,0.07490000280085951,0.07610001193825155
No YOLO,False,True,True,True,284,0.00039998849388211966,0.000400003045797348,0.000700005330145359,0.08119999256450683,0.08269998943433166
No YOLO,False,True,True,True,285,0.0006999907782301307,0.000400003045797348,0.000700005330145359,0.08199999865610152,0.08379999781027436
No YOLO,False,True,True,True,286,0.000400003045797348,0.00029998773243278265,0.000600004568696022,0.07640001422259957,0.07770000956952572
No YOLO,False,True,True,True,287,0.000500003807246685,0.000300002284348011,0.000500003807246685,0.08169999637175351,0.0830000062705949
No YOLO,False,True,True,True,288,0.000300002284348011,0.000300002284348011,0.000500003807246685,0.0833000085549429,0.08440001693088561
No YOLO,False,True,True,True,289,0.000400003045797348,0.000200001522898674,0.0004999892553314567,0.07759999425616115,0.07869998808018863
No YOLO,False,True,True,True,290,0.0006999907782301307,0.0005999900167807937,0.0011999945854768157,0.11530000483617187,0.1177999802166596
No YOLO,False,True,True,True,291,0.000500003807246685,0.000500003807246685,0.00100000761449337,0.09390000195708126,0.095900017186068
No YOLO,False,True,True,True,292,0.000600004568696022,0.000400003045797348,0.00100000761449337,0.09960000170394778,0.10160001693293452
No YOLO,False,True,True,True,293,0.000700005330145359,0.000500003807246685,0.000800006091594696,0.09620000491850078,0.09820002014748752
No YOLO,False,True,True,True,294,0.000600004568696022,0.000400003045797348,0.0010999938240274787,0.09799998952075839,0.10009999095927924
No YOLO,False,True,True,True,295,0.0004999892553314567,0.000400003045797348,0.000900006853044033,0.09679999493528157,0.09859999408945441
No YOLO,False,True,True,True,296,0.0004999892553314567,0.000300002284348011,0.000700005330145359,0.09719999798107892,0.09869999485090375
No YOLO,False,True,True,True,297,0.000600004568696022,0.000400003045797348,0.0006999907782301307,0.10019999172072858,0.10189999011345208
No YOLO,False,True,True,True,298,0.000800006091594696,0.0004999892553314567,0.0009999930625781417,0.10059999476652592,0.10289998317603022
No YOLO,False,True,True,True,299,0.000300002284348011,0.000400003045797348,0.0006999907782301307,0.09769998723641038,0.09909998334478587
No Hit Detection,True,False,True,True,0,10.980400009430014,0.000300002284348011,0.0009999930625781417,0.33150000672321767,11.313200011500157
No Hit Detection,True,False,True,True,1,10.157299999264069,0.000300002284348011,0.0008999923011288047,0.279399988357909,10.437899982207455
No Hit Detection,True,False,True,True,2,10.04540000576526,0.000200001522898674,0.0010999938240274787,0.2680999896256253,10.31479999073781
No Hit Detection,True,False,True,True,3,9.735400002682582,0.000200001522898674,0.0008999923011288047,0.2669000095920637,10.003400006098673
No Hit Detection,True,False,True,True,4,9.493899997323751,0.000200001522898674,0.00100000761449337,0.265199996647425,9.760300003108568
No Hit Detection,True,False,True,True,5,9.465399998589419,0.000200001522898674,0.0014999968698248267,0.39089999336283654,9.857999990344979
No Hit Detection,True,False,True,True,6,9.713699997519143,0.000400003045797348,0.0010999938240274787,0.2747000107774511,9.989900005166419
No Hit Detection,True,False,True,True,7,9.71850000496488,0.000300002284348011,0.0009999930625781417,0.2229000092484057,9.942700009560212
No Hit Detection,True,False,True,True,8,9.662900003604591,0.000200001522898674,0.0009999930625781417,0.22270000772550702,9.886800005915575
No Hit Detection,True,False,True,True,9,9.633800000301562,0.000100000761449337,0.0009999930625781417,0.2234999992651865,9.858399993390776
No Hit Detection,True,False,True,True,10,9.683399999630637,0.000100000761449337,0.0009999930625781417,0.23049999435897917,9.914999987813644
No Hit Detection,True,False,True,True,11,12.340600005700253,0.000400003045797348,0.001300009898841381,0.34499999310355633,12.687300011748448
No Hit Detection,True,False,True,True,12,14.925699986633845,0.000500003807246685,0.0017999991541728377,0.4825999931199476,15.410599982715212
No Hit Detection,True,False,True,True,13,11.344900005497038,0.000200001522898674,0.000900006853044033,0.2854000049410388,11.63140001881402
No Hit Detection,True,False,True,True,14,10.949400006211363,0.000300002284348011,0.0013999961083754897,0.3063000040128827,11.257400008616969
No Hit Detection,True,False,True,True,15,10.886799995205365,0.000400003045797348,0.0013999961083754897,0.34550001146271825,11.234100005822256
No Hit Detection,True,False,True,True,16,11.292900002445094,0.000200001522898674,0.0011999945854768157,0.3133999998681247,11.607699998421595
No Hit Detection,True,False,True,True,17,11.130700004287064,0.000200001522898674,0.0010999938240274787,0.3119000029982999,11.44390000263229
No Hit Detection,True,False,True,True,18,11.85720000648871,0.000400003045797348,0.0012999953469261527,0.2778000052785501,12.136700010159984
No Hit Detection,True,False,True,True,19,15.420900002936833,0.000400003045797348,0.0017999991541728377,0.35060000664088875,15.773700011777692
No Hit Detection,True,False,True,True,20,16.061300004366785,0.000400003045797348,0.0020000006770715117,0.3868999920086935,16.450600000098348
No Hit Detection,True,False,True,True,21,17.51630000944715,0.000400003045797348,0.0018999999156221747,0.4700999998021871,17.988700012210757
No Hit Detection,True,False,True,True,22,12.879000001703389,0.000300002284348011,0.0013999961083754897,0.33009999606292695,13.21079999615904
No Hit Detection,True,False,True,True,23,11.091799999121577,0.000400003045797348,0.0041000021155923605,0.3421999863348901,11.438499990617856
No Hit Detection,True,False,True,True,24,11.265900000580586,0.000300002284348011,0.001200009137392044,0.3657999914139509,11.633200003416277
No Hit Detection,True,False,True,True,25,18.257400006405078,0.000300002284348011,0.0020000006770715117,0.5849000008311123,18.84460001019761
No Hit Detection,True,False,True,True,26,18.475900011253543,0.0004999892553314567,0.0031999952625483274,0.593100005062297,19.07270000083372
No Hit Detection,True,False,True,True,27,18.448600007104687,0.000400003045797348,0.0012999953469261527,0.483600000734441,18.933900006231852
No Hit Detection,True,False,True,True,28,15.364799997769296,0.000300002284348011,0.0013999961083754897,0.30450000485870987,15.67100000102073
No Hit Detection,True,False,True,True,29,12.605000010807998,0.000300002284348011,0.0012999953469261527,0.35539999953471124,12.962000007973984
No Hit Detection,True,False,True,True,30,12.12699999450706,0.000200001522898674,0.0012999953469261527,0.27469999622553587,12.40319998760242
No Hit Detection,True,False,True,True,31,13.336199990590103,0.00019998697098344564,0.0013999961083754897,0.27520000003278255,13.612999973702244
No Hit Detection,True,False,True,True,32,12.182899998151697,0.00019998697098344564,0.0013999961083754897,0.3769000031752512,12.561399984406307
No Hit Detection,True,False,True,True,33,13.47949999035336,0.000400003045797348,0.0018999999156221747,0.4143000114709139,13.896100004785694
No Hit Detection,True,False,True,True,34,11.49579999037087,0.000300002284348011,0.001200009137392044,0.3129999968223274,11.810299998614937
No Hit Detection,True,False,True,True,35,15.450099992449395,0.000300002284348011,0.0015999976312741637,0.3583000070648268,15.810299999429844
No Hit Detection,True,False,True,True,36,12.655600003199652,0.000200001522898674,0.0014999968698248267,0.35319999733474106,13.010499998927116
No Hit Detection,True,False,True,True,37,12.37280000350438,0.000300002284348011,0.0012999953469261527,0.33239999902434647,12.706800000160001
No Hit Detection,True,False,True,True,38,11.556799989193678,0.000300002284348011,0.001100008375942707,0.3206999972462654,11.878899997100234
No Hit Detection,True,False,True,True,39,11.512700002640486,0.000100000761449337,0.0012999953469261527,0.3142000059597194,11.82830000470858
No Hit Detection,True,False,True,True,40,11.959700001170859,0.000300002284348011,0.0012999953469261527,0.32079999800771475,12.282099996809848
No Hit Detection,True,False,True,True,41,23.14059999480378,0.000300002284348011,0.0015999976312741637,0.45029999455437064,23.59279998927377
No Hit Detection,True,False,True,True,42,15.813500009244308,0.000300002284348011,0.0018999999156221747,0.38070000300649554,16.196400014450774
No Hit Detection,True,False,True,True,43,13.174500010791235,0.000400003045797348,0.0016999983927235007,0.4381000035209581,13.614700015750714
No Hit Detection,True,False,True,True,44,18.019000010099262,0.000200001522898674,0.001600012183189392,0.37910000537522137,18.39990002918057
No Hit Detection,True,False,True,True,45,17.05549999314826,0.000300002284348011,0.0020000006770715117,0.41199999395757914,17.46979999006726
No Hit Detection,True,False,True,True,46,16.663200003677048,0.000300002284348011,0.0016999983927235007,0.35509999725036323,17.020300001604483
No Hit Detection,True,False,True,True,47,20.37289999134373,0.000700005330145359,0.002800006768666208,0.5915999936405569,20.967999997083098
No Hit Detection,True,False,True,True,48,20.775500001036562,0.000400003045797348,0.001800013706088066,0.48689999675843865,21.264600014546886
No Hit Detection,True,False,True,True,49,20.117299995035864,0.000300002284348011,0.001700012944638729,0.3876999981002882,20.50700000836514
No Hit Detection,True,False,True,True,50,22.33890000206884,0.0007999915396794677,0.0028999929782003164,0.6175000016810372,22.960099988267757
No Hit Detection,True,False,True,True,51,26.884899998549372,0.0005999900167807937,0.0027999922167509794,0.629400004982017,27.51769998576492
No Hit Detection,True,False,True,True,52,19.878399994922802,0.000400003045797348,0.0022000021999701858,0.4709000058937818,20.35190000606235
No Hit Detection,True,False,True,True,53,20.44490000116639,0.0005999900167807937,0.0020000006770715117,0.8722000056877732,21.319699997548014
No Hit Detection,True,False,True,True,54,21.66840000427328,0.000400003045797348,0.0021000014385208488,0.5161000008229166,22.187000009580515
No Hit Detection,True,False,True,True,55,19.705099999555387,0.0007999915396794677,0.0029999937396496534,0.7811999967088923,20.490099981543608
No Hit Detection,True,False,True,True,56,20.27930000622291,0.000300002284348011,0.0012999953469261527,0.5166000046301633,20.79750000848435
No Hit Detection,True,False,True,True,57,15.101700002560392,0.000300002284348011,0.0015999976312741637,0.39600000309292227,15.499600005568936
No Hit Detection,True,False,True,True,58,14.964500005589798,0.000300002284348011,0.0017999991541728377,0.40970000554807484,15.376300012576394
No Hit Detection,True,False,True,True,59,16.52530000137631,0.000300002284348011,0.0015999976312741637,0.36589999217540026,16.89309999346733
No Hit Detection,True,False,True,True,60,21.614100012811832,0.000300002284348011,0.0017999991541728377,0.4040000058012083,22.02020002005156
No Hit Detection,True,False,True,True,61,15.185800002655014,0.000200001522898674,0.0015999976312741637,0.4247999895596877,15.612399991368875
No Hit Detection,True,False,True,True,62,13.664300000527874,0.000300002284348011,0.0014999968698248267,0.3392000071471557,14.005300006829202
No Hit Detection,True,False,True,True,63,15.842399996472523,0.000300002284348011,0.0017999991541728377,0.44579998939298093,16.290299987304024
No Hit Detection,True,False,True,True,64,14.076199993724003,0.000300002284348011,0.0012999953469261527,0.34759999834932387,14.425399989704601
No Hit Detection,True,False,True,True,65,29.856900000595488,0.0005999900167807937,0.0025000044843181968,0.6064999906811863,30.466499985777773
No Hit Detection,True,False,True,True,66,28.72620000562165,0.000300002284348011,0.0018999999156221747,0.40080001053866,29.12920001836028
No Hit Detection,True,False,True,True,67,20.26220000698231,0.000400003045797348,0.0021000014385208488,0.6104999920353293,20.87520000350196
No Hit Detection,True,False,True,True,68,22.912199987331405,0.0008999923011288047,0.0027999922167509794,0.6068999937269837,23.52279996557627
No Hit Detection,True,False,True,True,69,16.723299995646812,0.000400003045797348,0.0020000006770715117,0.4560000088531524,17.181700008222833
No Hit Detection,True,False,True,True,70,21.766599995316938,0.000400003045797348,0.001400010660290718,0.4436999879544601,22.212099996977486
No Hit Detection,True,False,True,True,71,14.090799988480285,0.000300002284348011,0.0011999945854768157,0.35289999505039304,14.445199980400503
No Hit Detection,True,False,True,True,72,15.930699999444187,0.000300002284348011,0.0021000014385208488,0.4273000085959211,16.360400011762977
No Hit Detection,True,False,True,True,73,15.81159999477677,0.000400003045797348,0.001800013706088066,0.35960000241175294,16.17340001394041
No Hit Detection,True,False,True,True,74,15.046100001200102,0.000300002284348011,0.0013999961083754897,0.40100001206155866,15.448800011654384
No Hit Detection,True,False,True,True,75,17.929800000274554,0.000400003045797348,0.0018999999156221747,0.3623999946285039,18.294499997864477
No Hit Detection,True,False,True,True,76,18.86480000393931,0.00019998697098344564,0.0015999976312741637,0.46070000098552555,19.32729998952709
No Hit Detection,True,False,True,True,77,14.43969999672845,0.000300002284348011,0.001500011421740055,0.4014000005554408,14.842900010989979
No Hit Detection,True,False,True,True,78,16.7111000046134,0.0004999892553314567,0.0026000052457675338,0.4731999943032861,17.187399993417785
No Hit Detection,True,False,True,True,79,15.874999997322448,0.000400003045797348,0.0023000029614195228,0.46100000326987356,16.338700006599538
No Hit Detection,True,False,True,True,80,15.320999998948537,0.000400003045797348,0.0021000014385208488,0.41939999209716916,15.742899995530024
No Hit Detection,True,False,True,True,81,21.715200011385605,0.000500003807246685,0.0021000014385208488,0.6214000022737309,22.339200018905103
No Hit Detection,True,False,True,True,82,19.262300003902055,0.000300002284348011,0.0018999999156221747,0.3991000121459365,19.663600018247962
No Hit Detection,True,False,True,True,83,15.571800002362579,0.000200001522898674,0.0012999953469261527,0.3605999954743311,15.933899994706735
No Hit Detection,True,False,True,True,84,17.482600000221282,0.00029998773243278265,0.0015999976312741637,0.3875999973388389,17.872099982923828
No Hit Detection,True,False,True,True,85,20.05809999536723,0.00029998773243278265,0.0015999976312741637,0.39679999463260174,20.456799975363538
No Hit Detection,True,False,True,True,86,14.545400001225062,0.000200001522898674,0.001500011421740055,0.39670000842306763,14.943800022592768
No Hit Detection,True,False,True,True,87,12.350500008324161,0.000200001522898674,0.0013999961083754897,0.34339999547228217,12.695500001427718
No Hit Detection,True,False,True,True,88,14.067800002521835,0.000300002284348011,0.0015999976312741637,0.3716999926837161,14.441399995121174
No Hit Detection,True,False,True,True,89,13.80790000257548,0.00029998773243278265,0.0014999968698248267,0.41110000165645033,14.220799988834187
No Hit Detection,True,False,True,True,90,13.997500005643815,0.000200001522898674,0.0014999968698248267,0.3285999991931021,14.32780000322964
No Hit Detection,True,False,True,True,91,13.740000009420328,0.000200001522898674,0.0011999945854768157,0.3243999963160604,14.065800001844764
No Hit Detection,True,False,True,True,92,17.719600000418723,0.000400003045797348,0.004299989086575806,0.5209999944781885,18.245299987029284
No Hit Detection,True,False,True,True,93,17.518100008601323,0.000400003045797348,0.0015999976312741637,0.45700000191573054,17.977100011194125
No Hit Detection,True,False,True,True,94,15.157999994698912,0.0004999892553314567,0.0018999999156221747,0.42070000199601054,15.581099985865876
No Hit Detection,True,False,True,True,95,13.723599986406043,0.000300002284348011,0.001700012944638729,0.3668999997898936,14.092500001424924
No Hit Detection,True,False,True,True,96,13.584200001787394,0.000400003045797348,0.0015999976312741637,0.37029999657534063,13.956499999039806
No Hit Detection,True,False,True,True,97,15.398000003187917,0.000300002284348011,0.001100008375942707,0.3330999898025766,15.732500003650784
No Hit Detection,True,False,True,True,98,14.163800005917437,0.000200001522898674,0.001100008375942707,0.34929999674204737,14.514400012558326
No Hit Detection,True,False,True,True,99,17.103700010920875,0.000300002284348011,0.0012999953469261527,0.3789999900618568,17.484299998614006
No Hit Detection,True,False,True,True,100,18.752799995127134,0.000300002284348011,0.001600012183189392,0.39149999793153256,19.146200007526204
No Hit Detection,True,False,True,True,101,13.056700001470745,0.000200001522898674,0.001400010660290718,0.3327000013086945,13.391000014962628
No Hit Detection,True,False,True,True,102,13.326800006325357,0.00029998773243278265,0.001200009137392044,0.3395000094315037,13.667800012626685
No Hit Detection,True,False,True,True,103,13.121399999363348,0.000300002284348011,0.0013999961083754897,0.3939000016544014,13.516999999410473
No Hit Detection,True,False,True,True,104,14.181400008965284,0.000300002284348011,0.0014999968698248267,0.31119999766815454,14.494400005787611
No Hit Detection,True,False,True,True,105,12.980700004845858,0.000200001522898674,0.001200009137392044,0.5303000070853159,13.512400022591464
No Hit Detection,True,False,True,True,106,16.308999998727813,0.000500003807246685,0.0021000014385208488,0.454099994385615,16.765699998359196
No Hit Detection,True,False,True,True,107,15.891199989710003,0.00019998697098344564,0.0018999999156221747,0.3220000071451068,16.215299983741716
No Hit Detection,True,False,True,True,108,15.18880001094658,0.000300002284348011,0.0013999961083754897,0.3394999948795885,15.530000004218891
No Hit Detection,True,False,True,True,109,12.213399997563101,0.000200001522898674,0.001400010660290718,0.32950000604614615,12.544500015792437
No Hit Detection,True,False,True,True,110,12.723299994831905,0.000200001522898674,0.0013999961083754897,0.3361999988555908,13.06109999131877
No Hit Detection,True,False,True,True,111,12.637699997867458,0.000300002284348011,0.001600012183189392,0.3918000002158806,13.031400012550876
No Hit Detection,True,False,True,True,112,14.00629999989178,0.000200001522898674,0.001600012183189392,0.3569000109564513,14.36500002455432
No Hit Detection,True,False,True,True,113,13.72419999097474,0.000200001522898674,0.0015999976312741637,0.37480000173673034,14.100799991865642
No Hit Detection,True,False,True,True,114,12.203499994939193,0.000300002284348011,0.0012999953469261527,0.3789000038523227,12.58399999642279
No Hit Detection,True,False,True,True,115,12.42479999200441,0.000300002284348011,0.0013999961083754897,0.38150000909809023,12.807999999495223
No Hit Detection,True,False,True,True,116,14.757299999473616,0.00019998697098344564,0.0014999968698248267,0.3738000086741522,15.132799991988577
No Hit Detection,True,False,True,True,117,13.82700000249315,0.00029998773243278265,0.0017999991541728377,0.4295999970054254,14.258699986385182
No Hit Detection,True,False,True,True,118,13.698000009753741,0.00029998773243278265,0.0016999983927235007,0.3981000045314431,14.09810000041034
No Hit Detection,True,False,True,True,119,20.077100009075366,0.00019998697098344564,0.003500012098811567,0.48160000005736947,20.56240000820253
No Hit Detection,True,False,True,True,120,12.690999996266328,0.00029998773243278265,0.0021000014385208488,0.3934999986086041,13.086899984045886
No Hit Detection,True,False,True,True,121,11.821499996585771,0.000300002284348011,0.0014999968698248267,0.37179999344516546,12.19509998918511
No Hit Detection,True,False,True,True,122,11.804900001152419,0.000200001522898674,0.0018999999156221747,0.3598000039346516,12.166800006525591
No Hit Detection,True,False,True,True,123,11.59880000341218,0.000300002284348011,0.0012999953469261527,0.37689998862333596,11.97729998966679
No Hit Detection,True,False,True,True,124,12.64919999812264,0.000200001522898674,0.0011999945854768157,0.33120000443886966,12.981799998669885
No Hit Detection,True,False,True,True,125,12.421299994457513,0.000200001522898674,0.0010999938240274787,0.3294000052846968,12.751999995089136
No Hit Detection,True,False,True,True,126,14.258399998652749,0.000100000761449337,0.0016999983927235007,0.3269000008003786,14.5870999986073
No Hit Detection,True,False,True,True,127,12.82389998959843,0.000400003045797348,0.0020000006770715117,0.3862000012304634,13.212499994551763
No Hit Detection,True,False,True,True,128,12.618399996426888,0.000200001522898674,0.001500011421740055,0.34139999479521066,12.961500004166737
No Hit Detection,True,False,True,True,129,14.714799995999783,0.000300002284348011,0.0013999961083754897,0.34610000147949904,15.062599995872006
No Hit Detection,True,False,True,True,130,13.75440000265371,0.000300002284348011,0.0016999983927235007,0.37400001019705087,14.130400013527833
No Hit Detection,True,False,True,True,131,13.66200001211837,0.000600004568696022,0.0018999999156221747,0.42559999565128237,14.09010001225397
No Hit Detection,True,False,True,True,132,17.98170000256505,0.000300002284348011,0.001700012944638729,0.3618000046117231,18.34550002240576
No Hit Detection,True,False,True,True,133,13.987400001497008,0.000300002284348011,0.0013999961083754897,0.3652000013971701,14.354300001286902
No Hit Detection,True,False,True,True,134,14.995700010331348,0.000300002284348011,0.0016999983927235007,0.3595000016503036,15.357200012658723
No Hit Detection,True,False,True,True,135,14.100700005656108,0.00019998697098344564,0.0014999968698248267,0.3525000065565109,14.454899996053427
No Hit Detection,True,False,True,True,136,13.306699998793192,0.000300002284348011,0.0012999953469261527,0.35489999572746456,13.663199992151931
No Hit Detection,True,False,True,True,137,16.402399996877648,0.00029998773243278265,0.0013999961083754897,0.34929999674204737,16.753399977460504
No Hit Detection,True,False,True,True,138,13.46709999779705,0.00019998697098344564,0.0013999961083754897,0.3406000032555312,13.80929998413194
No Hit Detection,True,False,True,True,139,17.697200004477054,0.000700005330145359,0.0022999884095042944,0.5711999983759597,18.271399996592663
No Hit Detection,True,False,True,True,140,12.220599994179793,0.000200001522898674,0.0017999991541728377,0.30470000638160855,12.527300001238473
No Hit Detection,True,False,True,True,141,12.921600005938672,0.000200001522898674,0.0015999976312741637,0.3293999907327816,13.252799995825626
No Hit Detection,True,False,True,True,142,14.953100006096065,0.000300002284348011,0.0021000014385208488,0.33379999513272196,15.289300004951656
No Hit Detection,True,False,True,True,143,14.555000001564622,0.000200001522898674,0.0014999968698248267,0.3423000016482547,14.8990000016056
No Hit Detection,True,False,True,True,144,20.428699994226918,0.00039998849388211966,0.0021000014385208488,0.8023000118555501,21.23349999601487
No Hit Detection,True,False,True,True,145,20.50339999550488,0.000500003807246685,0.0020000006770715117,0.5606999911833555,21.066599991172552
No Hit Detection,True,False,True,True,146,13.89309999649413,0.000400003045797348,0.0020000006770715117,0.4788999940501526,14.37439999426715
No Hit Detection,True,False,True,True,147,13.407500009634532,0.00029998773243278265,0.0015999976312741637,0.42490000487305224,13.834299999871291
No Hit Detection,True,False,True,True,148,12.37369999580551,0.000300002284348011,0.0016999983927235007,0.34329999471083283,12.718999991193414
No Hit Detection,True,False,True,True,149,13.037500000791624,0.000300002284348011,0.001300009898841381,0.3349999897181988,13.374100002693012
No Hit Detection,True,False,True,True,150,12.121499996283092,0.00019998697098344564,0.0012999953469261527,0.3259999939473346,12.448999972548336
No Hit Detection,True,False,True,True,151,12.430100003257394,0.000300002284348011,0.0012999953469261527,0.31230000604409724,12.744000006932765
No Hit Detection,True,False,True,True,152,18.622600007802248,0.000200001522898674,0.001500011421740055,0.2855000057024881,18.909800026449375
No Hit Detection,True,False,True,True,153,13.876199998776428,0.000500003807246685,0.0020000006770715117,0.5687999946530908,14.447499997913837
No Hit Detection,True,False,True,True,154,17.580600004293956,0.000300002284348011,0.001200009137392044,0.3404000017326325,17.92250001744833
No Hit Detection,True,False,True,True,155,13.742699986323714,0.000200001522898674,0.001300009898841381,0.3794999938691035,14.123699991614558
No Hit Detection,True,False,True,True,156,13.457599998218939,0.00029998773243278265,0.0013999961083754897,0.4377000004751608,13.896999982534908
No Hit Detection,True,False,True,True,157,14.027499986696057,0.000300002284348011,0.0015999976312741637,0.33149999217130244,14.360899978782982
No Hit Detection,True,False,True,True,158,16.41379999637138,0.000200001522898674,0.0012999953469261527,0.304599991068244,16.71989998430945
No Hit Detection,True,False,True,True,159,12.83799999509938,0.000300002284348011,0.001400010660290718,0.3133999998681247,13.153100007912144
No Hit Detection,True,False,True,True,160,13.949300002423115,0.000200001522898674,0.001500011421740055,0.31579998903907835,14.266800004406832
No Hit Detection,True,False,True,True,161,14.531399996485561,0.000300002284348011,0.0015999976312741637,0.3463999892119318,14.879699985613115
No Hit Detection,True,False,True,True,162,13.676599992322735,0.000200001522898674,0.0013999961083754897,0.33290000283159316,14.011099992785603
No Hit Detection,True,False,True,True,163,20.614599998225458,0.000600004568696022,0.0024999899324029684,0.7191000040620565,21.336799996788613
No Hit Detection,True,False,True,True,164,21.163700002944097,0.000600004568696022,0.0025000044843181968,0.48800000513438135,21.654800017131492
No Hit Detection,True,False,True,True,165,23.119999998016283,0.000600004568696022,0.0025000044843181968,0.6102999905124307,23.733399997581728
No Hit Detection,True,False,True,True,166,21.167899991269223,0.000300002284348011,0.001200009137392044,0.34339999547228217,21.512799998163246
No Hit Detection,True,False,True,True,167,12.924199996632524,0.000300002284348011,0.0014999968698248267,0.33989999792538583,13.265899993712083
No Hit Detection,True,False,True,True,168,14.234600006602705,0.000500003807246685,0.0020000006770715117,0.5929000035393983,14.830000014626421
No Hit Detection,True,False,True,True,169,21.036999998614192,0.000600004568696022,0.0020999868866056204,0.6754999922122806,21.715199982281774
No Hit Detection,True,False,True,True,170,19.415200004004873,0.000300002284348011,0.0018999999156221747,0.6378999969456345,20.055300003150478
No Hit Detection,True,False,True,True,171,15.174900006968528,0.00029998773243278265,0.0013999961083754897,0.371000001905486,15.547599992714822
No Hit Detection,True,False,True,True,172,16.15959999617189,0.000300002284348011,0.001600012183189392,0.39700001070741564,16.558500021346845
No Hit Detection,True,False,True,True,173,13.925100007327273,0.00039998849388211966,0.0017999991541728377,0.520200002938509,14.447499997913837
No Hit Detection,True,False,True,True,174,13.840100000379607,0.00029998773243278265,0.0016999983927235007,0.4369999951450154,14.279099981649779
No Hit Detection,True,False,True,True,175,12.56479999574367,0.000300002284348011,0.0018999999156221747,0.4417000018293038,13.008699999772944
No Hit Detection,True,False,True,True,176,13.78419999673497,0.00039998849388211966,0.0022000021999701858,0.46100000326987356,14.247799990698695
No Hit Detection,True,False,True,True,177,15.654299990274012,0.000300002284348011,0.001200009137392044,0.3242999955546111,15.980099997250363
No Hit Detection,True,False,True,True,178,11.482499990961514,0.000200001522898674,0.0008999923011288047,0.375000003259629,11.858599988045171
No Hit Detection,True,False,True,True,179,11.851600007503293,0.000300002284348011,0.0011999945854768157,0.43929999810643494,12.292400002479553
No Hit Detection,True,False,True,True,180,12.394799996400252,0.00029998773243278265,0.0013999961083754897,0.40190000436268747,12.798399984603748
No Hit Detection,True,False,True,True,181,14.46709998708684,0.00019998697098344564,0.0011999945854768157,0.48129999777302146,14.949799966416322
No Hit Detection,True,False,True,True,182,11.894800001755357,0.000200001522898674,0.0010999938240274787,0.3367000026628375,12.23279999976512
No Hit Detection,True,False,True,True,183,12.688200004049577,0.000600004568696022,0.03360000846441835,0.5935999943176284,13.31600001140032
No Hit Detection,True,False,True,True,184,21.5433999983361,0.000300002284348011,0.001600012183189392,0.5394000036176294,22.084700016421266
No Hit Detection,True,False,True,True,185,21.856300008948892,0.000200001522898674,0.001400010660290718,0.35940000088885427,22.217300022020936
No Hit Detection,True,False,True,True,186,13.60190000559669,0.000200001522898674,0.001500011421740055,0.41710000368766487,14.020700022228993
No Hit Detection,True,False,True,True,187,14.980000007199124,0.000300002284348011,0.0013999961083754897,0.38309999217744917,15.364799997769296
No Hit Detection,True,False,True,True,188,13.294799995492212,0.000200001522898674,0.0012999953469261527,0.34149999555666,13.637799987918697
No Hit Detection,True,False,True,True,189,12.645499999052845,0.00029998773243278265,0.0013999961083754897,0.3311000036774203,12.978299986571074
No Hit Detection,True,False,True,True,190,12.604799994733185,0.000200001522898674,0.001400010660290718,0.32890000147745013,12.935300008393824
No Hit Detection,True,False,True,True,191,13.086499995552003,0.000200001522898674,0.0016999983927235007,0.3448000061325729,13.433200001600198
No Hit Detection,True,False,True,True,192,13.22779999463819,0.000400003045797348,0.0021000014385208488,0.6512000109069049,13.881500010029413
No Hit Detection,True,False,True,True,193,14.293599990196526,0.000200001522898674,0.0014999968698248267,0.35740000021178275,14.652699988801032
No Hit Detection,True,False,True,True,194,13.889299996662885,0.000300002284348011,0.001200009137392044,0.4096000047866255,14.30040001287125
No Hit Detection,True,False,True,True,195,10.862199997063726,0.000200001522898674,0.001100008375942707,0.3198999911546707,11.183399998117238
No Hit Detection,True,False,True,True,196,13.554800010751933,0.000600004568696022,0.0016999983927235007,0.40380000427830964,13.960900017991662
No Hit Detection,True,False,True,True,197,12.78479999746196,0.000200001522898674,0.00100000761449337,0.3183000080753118,13.104300014674664
No Hit Detection,True,False,True,True,198,13.485100003890693,0.00029998773243278265,0.0014999968698248267,0.33799999800976366,13.824899986502714
No Hit Detection,True,False,True,True,199,15.165200005867518,0.000200001522898674,0.0017999991541728377,0.3538000019034371,15.521000008448027
No Hit Detection,True,False,True,True,200,18.533099995693192,0.000200001522898674,0.0015999976312741637,0.40689999877940863,18.941799993626773
No Hit Detection,True,False,True,True,201,15.801199988345616,0.000200001522898674,0.0013999961083754897,0.32479999936185777,16.127599985338748
No Hit Detection,True,False,True,True,202,12.599900001077913,0.000400003045797348,0.0020000006770715117,0.4301000008126721,13.032400005613454
No Hit Detection,True,False,True,True,203,17.42089999606833,0.00039998849388211966,0.0021000014385208488,0.4526999982772395,17.87609998427797
No Hit Detection,True,False,True,True,204,15.285499990568496,0.000300002284348011,0.0015999976312741637,0.5165999900782481,15.803999980562367
No Hit Detection,True,False,True,True,205,13.986099991598167,0.000400003045797348,0.0016999983927235007,0.45989999489393085,14.448099987930618
No Hit Detection,True,False,True,True,206,13.330600006156601,0.000200001522898674,0.0014999968698248267,0.3345000004628673,13.666800005012192
No Hit Detection,True,False,True,True,207,14.219099990441464,0.000300002284348011,0.0023999891709536314,0.4813999985344708,14.703199980431236
No Hit Detection,True,False,True,True,208,13.491799996700138,0.000400003045797348,0.0020000006770715117,0.45730000420007855,13.951500004623085
No Hit Detection,True,False,True,True,209,20.81519999774173,0.0004999892553314567,0.0025000044843181968,0.6303999980445951,21.448599989525974
No Hit Detection,True,False,True,True,210,20.15209999808576,0.000300002284348011,0.0016999983927235007,0.4746999911731109,20.628799989935942
No Hit Detection,True,False,True,True,211,17.99839999875985,0.000500003807246685,0.0021000014385208488,0.6092999974498525,18.61030000145547
No Hit Detection,True,False,True,True,212,19.38680000603199,0.000200001522898674,0.0016999983927235007,0.3600999916670844,19.748799997614697
No Hit Detection,True,False,True,True,213,14.64500000292901,0.00039998849388211966,0.0021000014385208488,0.41789999522734433,15.065399988088757
No Hit Detection,True,False,True,True,214,18.62729999993462,0.000600004568696022,0.0021000014385208488,0.7231999916257337,19.35319999756757
No Hit Detection,True,False,True,True,215,21.55289999791421,0.000500003807246685,0.0023999891709536314,0.5919999966863543,22.147799987578765
No Hit Detection,True,False,True,True,216,14.068899996345863,0.000300002284348011,0.0017999991541728377,0.2978999982587993,14.368899996043183
No Hit Detection,True,False,True,True,217,14.895100001012906,0.000300002284348011,0.0018999999156221747,0.4233000072417781,15.320600010454655
No Hit Detection,True,False,True,True,218,20.549100008793175,0.000200001522898674,0.001600012183189392,0.3904000041075051,20.94130002660677
No Hit Detection,True,False,True,True,219,14.65450000250712,0.000200001522898674,0.0012999953469261527,0.37199999496806413,15.02799999434501
No Hit Detection,True,False,True,True,220,13.254199991934001,0.000500003807246685,0.0020000006770715117,0.4290999931981787,13.685799989616498
No Hit Detection,True,False,True,True,221,18.49930000025779,0.000400003045797348,0.0021000014385208488,0.43819998973049223,18.9399999944726
No Hit Detection,True,False,True,True,222,21.611999996821396,0.0004999892553314567,0.0023000029614195228,0.6802999996580184,22.295099988696165
No Hit Detection,True,False,True,True,223,21.168300008866936,0.000500003807246685,0.0020000006770715117,0.6037999992258847,21.77460001257714
No Hit Detection,True,False,True,True,224,16.605000011622906,0.000300002284348011,0.0012999953469261527,0.4903000080958009,17.09690001734998
No Hit Detection,True,False,True,True,225,14.07449999533128,0.00039998849388211966,0.0016999983927235007,0.3605999954743311,14.437199977692217
No Hit Detection,True,False,True,True,226,21.569700009422377,0.00019998697098344564,0.0016999983927235007,0.3470999945420772,21.91869998932816
No Hit Detection,True,False,True,True,227,15.137700000195764,0.00039998849388211966,0.0023000029614195228,0.5651999963447452,15.70559998799581
No Hit Detection,True,False,True,True,228,16.90489999600686,0.000300002284348011,0.001500011421740055,0.3767000016523525,17.283400011365302
No Hit Detection,True,False,True,True,229,17.450500003178604,0.000300002284348011,0.001400010660290718,0.3144000074826181,17.76660002360586
No Hit Detection,True,False,True,True,230,16.943299997365102,0.000300002284348011,0.0016999983927235007,0.3471000090939924,17.292400007136166
No Hit Detection,True,False,True,True,231,14.567399994120933,0.000300002284348011,0.0016999983927235007,0.4478000046219677,15.017199999419972
No Hit Detection,True,False,True,True,232,14.398400002392009,0.00029998773243278265,0.0013999961083754897,0.3539000026648864,14.753999988897704
No Hit Detection,True,False,True,True,233,14.48569999774918,0.00029998773243278265,0.0015999976312741637,0.3597000031732023,14.847299986286089
No Hit Detection,True,False,True,True,234,19.74230000632815,0.00039998849388211966,0.0020000006770715117,0.519900000654161,20.264599996153265
No Hit Detection,True,False,True,True,235,22.148900010506622,0.000300002284348011,0.0016999983927235007,0.26139999681618065,22.412300007999875
No Hit Detection,True,False,True,True,236,15.082099998835474,0.000300002284348011,0.0014999968698248267,0.32360000477638096,15.407500002766028
No Hit Detection,True,False,True,True,237,13.961700009531341,0.000200001522898674,0.0016999983927235007,0.2800999936880544,14.243700003135018
No Hit Detection,True,False,True,True,238,19.472800006042235,0.000400003045797348,0.0019999861251562834,0.6138000026112422,20.08899999782443
No Hit Detection,True,False,True,True,239,17.680699995253235,0.000300002284348011,0.0016999983927235007,0.32219999411609024,18.004899990046397
No Hit Detection,True,False,True,True,240,16.198099998291582,0.0005999900167807937,0.0028999929782003164,0.5651999963447452,16.766799977631308
No Hit Detection,True,False,True,True,241,16.833100002259016,0.000400003045797348,0.0022000021999701858,0.4461000062292442,17.281800013734028
No Hit Detection,True,False,True,True,242,22.089099991717376,0.000300002284348011,0.0015999976312741637,0.4327000060584396,22.523699997691438
No Hit Detection,True,False,True,True,243,21.347999994759448,0.000500003807246685,0.0021000014385208488,0.6178000039653853,21.9684000039706
No Hit Detection,True,False,True,True,244,18.902199997683056,0.000300002284348011,0.0015999976312741637,0.4115000047022477,19.315600002300926
No Hit Detection,True,False,True,True,245,16.296799993142486,0.000400003045797348,0.0018999999156221747,0.43139999615959823,16.730499992263503
No Hit Detection,True,False,True,True,246,13.741599992499687,0.000300002284348011,0.0012999953469261527,0.2888000017264858,14.031999991857447
No Hit Detection,True,False,True,True,247,16.1694999987958,0.000500003807246685,0.0024000037228688598,0.5811000009998679,16.753500007325783
No Hit Detection,True,False,True,True,248,16.347400000086054,0.000200001522898674,0.0013999961083754897,0.37199999496806413,16.720999992685392
No Hit Detection,True,False,True,True,249,16.441500003566034,0.000200001522898674,0.0014999968698248267,0.3186000103596598,16.761800012318417
No Hit Detection,True,False,True,True,250,22.843099999590777,0.000300002284348011,0.0018999999156221747,0.34830000367946923,23.193600005470216
No Hit Detection,True,False,True,True,251,15.779300010763109,0.000400003045797348,0.0018999999156221747,0.48260000767186284,16.26420002139639
No Hit Detection,True,False,True,True,252,16.112199999042787,0.000300002284348011,0.0016999983927235007,0.3124000068055466,16.426600006525405
No Hit Detection,True,False,True,True,253,17.285900001297705,0.000500003807246685,0.0024000037228688598,0.484500007587485,17.773300016415305
No Hit Detection,True,False,True,True,254,24.546899992856197,0.0006999907782301307,0.0026999914553016424,0.6202000076882541,25.170499982777983
No Hit Detection,True,False,True,True,255,25.344599998788908,0.0005999900167807937,0.0030999945010989904,0.5634999979520217,25.91179998125881
No Hit Detection,True,False,True,True,256,21.566499999607913,0.000300002284348011,0.0017999991541728377,0.40430000808555633,21.97290000913199
No Hit Detection,True,False,True,True,257,18.815000003087334,0.000300002284348011,0.0014999968698248267,0.40499999886378646,19.221800001105294
No Hit Detection,True,False,True,True,258,23.271900005056523,0.000700005330145359,0.0030999945010989904,0.6632000004174188,23.938900005305186
No Hit Detection,True,False,True,True,259,24.05659999931231,0.00019998697098344564,0.0016999983927235007,0.2727999963099137,24.331299980985932
No Hit Detection,True,False,True,True,260,15.038400000776164,0.000300002284348011,0.0014999968698248267,0.28449999808799475,15.324699998018332
No Hit Detection,True,False,True,True,261,14.569599996320903,0.000300002284348011,0.0015999976312741637,0.3034999972442165,14.874999993480742
No Hit Detection,True,False,True,True,262,14.465999993262812,0.00029998773243278265,0.0015999976312741637,0.3735999925993383,14.841499971225858
No Hit Detection,True,False,True,True,263,15.122900003916584,0.000300002284348011,0.0018999999156221747,0.39450000622309744,15.519600012339652
No Hit Detection,True,False,True,True,264,15.56210000126157,0.0004999892553314567,0.0021000014385208488,0.4737999988719821,16.038499990827404
No Hit Detection,True,False,True,True,265,16.47699999739416,0.000200001522898674,0.0012999953469261527,0.32449999707750976,16.802999991341494
No Hit Detection,True,False,True,True,266,13.199300010455772,0.00019998697098344564,0.0016999983927235007,0.33239999902434647,13.533599994843826
No Hit Detection,True,False,True,True,267,12.214400005177595,0.000300002284348011,0.0016999983927235007,0.4048999981023371,12.621300003957003
No Hit Detection,True,False,True,True,268,20.62179999484215,0.000400003045797348,0.0021000014385208488,0.48660000902600586,21.110900008352473
No Hit Detection,True,False,True,True,269,21.31950001057703,0.000600004568696022,0.0021000014385208488,0.46710000606253743,21.789300022646785
No Hit Detection,True,False,True,True,270,15.478999994229525,0.000200001522898674,0.0014999968698248267,0.2786999975796789,15.759399990201928
No Hit Detection,True,False,True,True,271,11.675999994622543,0.000200001522898674,0.0013999961083754897,0.29090000316500664,11.968499995418824
No Hit Detection,True,False,True,True,272,12.357100000372157,0.000300002284348011,0.001400010660290718,0.37259999953676015,12.731400012853555
No Hit Detection,True,False,True,True,273,14.625399999204092,0.000300002284348011,0.0015999976312741637,0.44260000868234783,15.069900007802062
No Hit Detection,True,False,True,True,274,23.84929999243468,0.000600004568696022,0.0026000052457675338,0.6141000048955902,24.466600007144734
No Hit Detection,True,False,True,True,275,17.503900002338924,0.000300002284348011,0.0021000014385208488,0.4014000005554408,17.907700006617233
No Hit Detection,True,False,True,True,276,22.270000001299195,0.0005999900167807937,0.0025999906938523054,0.7354999979725108,23.00869997998234
No Hit Detection,True,False,True,True,277,26.07049999642186,0.000400003045797348,0.0021000014385208488,0.5469000025186688,26.619900003424846
No Hit Detection,True,False,True,True,278,16.55159999791067,0.000300002284348011,0.0017999991541728377,0.37179999344516546,16.925499992794357
No Hit Detection,True,False,True,True,279,16.839399992022663,0.000300002284348011,0.0017999991541728377,0.37739999243058264,17.218899985891767
No Hit Detection,True,False,True,True,280,15.812400000868365,0.000400003045797348,0.0020000006770715117,0.4690000059781596,16.283800010569394
No Hit Detection,True,False,True,True,281,18.061900002066977,0.00029998773243278265,0.0016999983927235007,0.3865000035148114,18.450399991706945
No Hit Detection,True,False,True,True,282,18.055599997751415,0.000400003045797348,0.0016999983927235007,0.43559999903663993,18.493299998226576
No Hit Detection,True,False,True,True,283,22.935999993933365,0.0004999892553314567,0.0025000044843181968,0.6265999982133508,23.565599985886365
No Hit Detection,True,False,True,True,284,24.1461999976309,0.000300002284348011,0.001700012944638729,0.4140000091865659,24.562200022046454
No Hit Detection,True,False,True,True,285,20.731099997647107,0.000400003045797348,0.0018999999156221747,0.3603999939514324,21.09379999455996
No Hit Detection,True,False,True,True,286,24.59689999523107,0.000400003045797348,0.0021000014385208488,0.6500000017695129,25.2494000014849
No Hit Detection,True,False,True,True,287,24.05239999643527,0.00039998849388211966,0.0024000037228688598,0.5623000033665448,24.617499992018566
No Hit Detection,True,False,True,True,288,19.85279998916667,0.000500003807246685,0.0023000029614195228,0.410699998610653,20.26629999454599
No Hit Detection,True,False,True,True,289,15.341699996497482,0.00029998773243278265,0.0016999983927235007,0.4099999932805076,15.753699975903146
No Hit Detection,True,False,True,True,290,14.690599986352026,0.000400003045797348,0.0020000006770715117,0.43849999201484025,15.131499982089736
No Hit Detection,True,False,True,True,291,15.614599993568845,0.000300002284348011,0.0016999983927235007,0.40269999590236694,16.019299990148284
No Hit Detection,True,False,True,True,292,20.09649999672547,0.000800006091594696,0.002700006007216871,0.6867000047350302,20.78670001355931
No Hit Detection,True,False,True,True,293,24.13689999957569,0.0004999892553314567,0.0030999945010989904,0.7252000068547204,24.86569999018684
No Hit Detection,True,False,True,True,294,19.922699997550808,0.0006999907782301307,0.0029999937396496534,0.6364000000758097,20.562799982144497
No Hit Detection,True,False,True,True,295,21.731100001488812,0.0005999900167807937,0.0024999899324029684,0.7368999940808862,22.471099975518882
No Hit Detection,True,False,True,True,296,23.561800000607036,0.000400003045797348,0.0018999999156221747,0.60450000455603,24.168600008124486
No Hit Detection,True,False,True,True,297,21.819300003699027,0.000400003045797348,0.0022000021999701858,0.6121000042185187,22.434000013163313
No Hit Detection,True,False,True,True,298,24.259400001028553,0.00039998849388211966,0.0017999991541728377,0.3647999983513728,24.62639998702798
No Hit Detection,True,False,True,True,299,14.683200002764352,0.000200001522898674,0.0014999968698248267,0.40610000723972917,15.091000008396804
No Temporal,True,True,False,True,0,23.0091999983415,0.0016999983927235007,0.000300002284348011,0.7874000002630055,23.798599999281578
No Temporal,True,True,False,True,1,23.70849999715574,0.0014999968698248267,0.000300002284348011,0.5759999912697822,24.286299987579696
No Temporal,True,True,False,True,2,22.012600005837157,0.001400010660290718,0.000300002284348011,0.7893000001786277,22.803600018960424
No Temporal,True,True,False,True,3,21.68109999911394,0.000900006853044033,0.000100000761449337,0.381799996830523,22.063900003558956
No Temporal,True,True,False,True,4,15.536799997789785,0.0018999999156221747,0.000400003045797348,0.7089999999152496,16.248100000666454
No Temporal,True,True,False,True,5,15.037100005429238,0.000800006091594696,0.000100000761449337,0.3370000049471855,15.375000017229468
No Temporal,True,True,False,True,6,14.247599989175797,0.0009999930625781417,0.000200001522898674,0.35879999632015824,14.607599980081432
No Temporal,True,True,False,True,7,14.591099999961443,0.001300009898841381,0.000200001522898674,0.4295999970054254,15.022200008388609
No Temporal,True,True,False,True,8,14.507900006719865,0.0010999938240274787,0.000200001522898674,0.4165999998804182,14.92580000194721
No Temporal,True,True,False,True,9,15.431300009367988,0.00100000761449337,0.000200001522898674,0.3293000045232475,15.761800023028627
No Temporal,True,True,False,True,10,15.220799992675893,0.0011999945854768157,0.000200001522898674,0.30109999352134764,15.523299982305616
No Temporal,True,True,False,True,11,15.114899986656383,0.001100008375942707,0.000200001522898674,0.3262999962316826,15.442499992786907
No Temporal,True,True,False,True,12,21.38179999019485,0.0016999983927235007,0.000400003045797348,0.5070000042906031,21.890899995923974
No Temporal,True,True,False,True,13,17.976399991312064,0.000900006853044033,0.000200001522898674,0.38889999268576503,18.366399992373772
No Temporal,True,True,False,True,14,23.586700001033023,0.0015999976312741637,0.000300002284348011,0.5929000035393983,24.181500004488043
No Temporal,True,True,False,True,15,27.092699994682334,0.0019999861251562834,0.000400003045797348,0.7260999991558492,27.821199983009137
No Temporal,True,True,False,True,16,23.509100006776862,0.0009999930625781417,0.000200001522898674,0.5551000067498535,24.065400008112192
No Temporal,True,True,False,True,17,23.218100002850406,0.000900006853044033,0.00019998697098344564,0.3559000033419579,23.57510000001639
No Temporal,True,True,False,True,18,15.226699993945658,0.0012999953469261527,0.000200001522898674,0.48659999447409064,15.714799985289574
No Temporal,True,True,False,True,19,20.939099995302968,0.001300009898841381,0.000200001522898674,0.4186999867670238,21.35929999349173
No Temporal,True,True,False,True,20,24.875799994333647,0.0009999930625781417,0.000200001522898674,0.38920000952202827,25.266199998441152
No Temporal,True,True,False,True,21,15.181499999016523,0.0009999930625781417,0.000200001522898674,0.3958000015700236,15.578499995172024
No Temporal,True,True,False,True,22,19.120199998724274,0.0014999968698248267,0.000400003045797348,0.5671999970218167,19.689299995661713
No Temporal,True,True,False,True,23,21.13880000251811,0.0010999938240274787,0.000200001522898674,0.4562999965855852,21.59639999445062
No Temporal,True,True,False,True,24,14.945700007956475,0.0009999930625781417,0.000100000761449337,0.36020000698044896,15.307000008760951
No Temporal,True,True,False,True,25,14.507500003674068,0.0011999945854768157,0.000200001522898674,0.45449999743141234,14.963399997213855
No Temporal,True,True,False,True,26,15.040199999930337,0.00100000761449337,0.000100000761449337,0.3733999910764396,15.41469999938272
No Temporal,True,True,False,True,27,15.007699999841861,0.00100000761449337,0.000200001522898674,0.46579999616369605,15.47470000514295
No Temporal,True,True,False,True,28,15.433600012329407,0.00100000761449337,0.00019998697098344564,0.451600004453212,15.886400011368096
No Temporal,True,True,False,True,29,15.116999988094904,0.0008999923011288047,0.000200001522898674,0.4591999895637855,15.577299971482717
No Temporal,True,True,False,True,30,20.743799992487766,0.0014999968698248267,0.00019998697098344564,0.5531999922823161,21.29869996861089
No Temporal,True,True,False,True,31,22.855999995954335,0.0014999968698248267,0.000300002284348011,0.4820000031031668,23.339799998211674
No Temporal,True,True,False,True,32,19.176900008460507,0.00100000761449337,0.000200001522898674,0.48400000378023833,19.662100021378137
No Temporal,True,True,False,True,33,14.185400010319427,0.0009999930625781417,0.000100000761449337,0.3732999903149903,14.559799994458444
No Temporal,True,True,False,True,34,14.612300001317635,0.0009999930625781417,0.000200001522898674,0.375300005543977,14.988800001447089
No Temporal,True,True,False,True,35,15.117799994186498,0.0011999945854768157,0.000300002284348011,0.407300001825206,15.526599992881529
No Temporal,True,True,False,True,36,15.350300003774464,0.001400010660290718,0.000300002284348011,0.559899999643676,15.911900016362779
No Temporal,True,True,False,True,37,22.39370001188945,0.001200009137392044,0.000200001522898674,0.48210000386461616,22.877200026414357
No Temporal,True,True,False,True,38,20.124599992414005,0.0009999930625781417,0.000200001522898674,0.4776999994646758,20.603499986464158
No Temporal,True,True,False,True,39,23.209699997096322,0.0013999961083754897,0.000300002284348011,0.5539999983739108,23.765399993862957
No Temporal,True,True,False,True,40,16.92009999533184,0.0013999961083754897,0.000300002284348011,0.5245999927865341,17.446399986511096
No Temporal,True,True,False,True,41,16.21389998763334,0.0011999945854768157,0.000200001522898674,0.3819999983534217,16.597299982095137
No Temporal,True,True,False,True,42,14.243600002373569,0.0018999999156221747,0.000300002284348011,0.6920000014360994,14.937800006009638
No Temporal,True,True,False,True,43,20.312599997851066,0.0009999930625781417,0.000200001522898674,0.378099997760728,20.69189999019727
No Temporal,True,True,False,True,44,15.346899992437102,0.000900006853044033,0.000200001522898674,0.3730000025825575,15.721000003395602
No Temporal,True,True,False,True,45,14.504299993859604,0.0010999938240274787,0.000200001522898674,0.5092000064905733,15.014799995697103
No Temporal,True,True,False,True,46,22.49219999066554,0.0013999961083754897,0.000300002284348011,0.6147000094642863,23.10859999852255
No Temporal,True,True,False,True,47,16.248300002189353,0.0012999953469261527,0.00019998697098344564,0.40520000038668513,16.654999984893948
No Temporal,True,True,False,True,48,14.48129999334924,0.0011999945854768157,0.000100000761449337,0.31659999513067305,14.799199983826838
No Temporal,True,True,False,True,49,21.045600005891174,0.001300009898841381,0.000300002284348011,0.4606000002240762,21.50780001829844
No Temporal,True,True,False,True,50,14.655000006314367,0.001100008375942707,0.000300002284348011,0.32920000376179814,14.985600020736456
No Temporal,True,True,False,True,51,21.539399996981956,0.004399989848025143,0.000400003045797348,0.7218999962788075,22.266099986154586
No Temporal,True,True,False,True,52,23.503699994762428,0.0046000059228390455,0.0017999991541728377,0.5970000056549907,24.10710000549443
No Temporal,True,True,False,True,53,19.710299995495006,0.0036999990697950125,0.0015999976312741637,0.6085999921197072,20.324199984315783
No Temporal,True,True,False,True,54,31.442100007552654,0.0025000044843181968,0.001300009898841381,0.5170000076759607,31.962900029611774
No Temporal,True,True,False,True,55,25.652199998148717,0.0026999914553016424,0.000200001522898674,0.734399989596568,26.389499980723485
No Temporal,True,True,False,True,56,21.294300007866696,0.0045000051613897085,0.000300002284348011,0.9043000027304515,22.203400018042885
No Temporal,True,True,False,True,57,29.27730001101736,0.0024000037228688598,0.000200001522898674,0.4003999929409474,29.680300009204075
No Temporal,True,True,False,True,58,15.657099997042678,0.0031999952625483274,0.0012999953469261527,0.3588999970816076,16.02049998473376
No Temporal,True,True,False,True,59,24.722700007259846,0.0035999983083456755,0.0015999976312741637,0.5070999905001372,25.234999993699603
No Temporal,True,True,False,True,60,27.5889000040479,0.0040000013541430235,0.0018999999156221747,0.6934999983059242,28.28830000362359
No Temporal,True,True,False,True,61,26.86100000573788,0.0024000037228688598,0.0011999945854768157,0.4107999993721023,27.275400003418326
No Temporal,True,True,False,True,62,16.31959999212995,0.003100009053014219,0.000200001522898674,0.47389999963343143,16.796800002339296
No Temporal,True,True,False,True,63,19.513100007316098,0.0023000029614195228,0.000100000761449337,0.4932000010740012,20.008700012112968
No Temporal,True,True,False,True,64,23.377400008030236,0.0015999976312741637,0.000300002284348011,0.7806000066921115,24.15990001463797
No Temporal,True,True,False,True,65,27.890099998330697,0.0017999991541728377,0.000400003045797348,0.592800002777949,28.485100003308617
No Temporal,True,True,False,True,66,23.786999998264946,0.0043000036384910345,0.000400003045797348,0.5859999946551397,24.377699999604374
No Temporal,True,True,False,True,67,16.17689999693539,0.0033999967854470015,0.0013999961083754897,0.5492999916896224,16.730999981518835
No Temporal,True,True,False,True,68,15.702599994256161,0.0026000052457675338,0.0011999945854768157,0.3369000041857362,16.04329999827314
No Temporal,True,True,False,True,69,16.26409999153111,0.0025000044843181968,0.0011999945854768157,0.37629999860655516,16.64409998920746
No Temporal,True,True,False,True,70,21.918600003118627,0.0043000036384910345,0.000300002284348011,0.6178000039653853,22.54100001300685
No Temporal,True,True,False,True,71,23.799000002327375,0.0035999983083456755,0.000200001522898674,0.5478000093717128,24.350600011530332
No Temporal,True,True,False,True,72,22.95579999918118,0.0016999983927235007,0.000300002284348011,0.4948999994667247,23.452699999324977
No Temporal,True,True,False,True,73,23.713500006124377,0.0014999968698248267,0.000200001522898674,0.5655999993905425,24.280800003907643
No Temporal,True,True,False,True,74,22.69199999864213,0.001300009898841381,0.000300002284348011,0.48990000505000353,23.183500015875325
No Temporal,True,True,False,True,75,20.45429999998305,0.0015999976312741637,0.000300002284348011,0.490999998874031,20.947199998772703
No Temporal,True,True,False,True,76,23.697199998423457,0.001600012183189392,0.000300002284348011,0.8277000015368685,24.526800014427863
No Temporal,True,True,False,True,77,20.859399999608286,0.0014999968698248267,0.000200001522898674,0.4565999988699332,21.317699996870942
No Temporal,True,True,False,True,78,14.479200006462634,0.000900006853044033,0.000100000761449337,0.49259999650530517,14.972800010582432
No Temporal,True,True,False,True,79,14.757700002519414,0.00100000761449337,0.000200001522898674,0.36890000046696514,15.127800012123771
No Temporal,True,True,False,True,80,14.046099997358397,0.0011999945854768157,0.00029998773243278265,0.42890000622719526,14.476499985903502
No Temporal,True,True,False,True,81,31.452499999431893,0.0012999953469261527,0.000300002284348011,0.6221999938134104,32.07629999087658
No Temporal,True,True,False,True,82,25.082800013478845,0.0013999961083754897,0.000200001522898674,0.6311000033747405,25.71550001448486
No Temporal,True,True,False,True,83,22.118199995020404,0.000900006853044033,0.000100000761449337,0.3733000048669055,22.492500007501803
No Temporal,True,True,False,True,84,14.278700007707812,0.00100000761449337,0.000200001522898674,0.34980000054929405,14.629700017394498
No Temporal,True,True,False,True,85,13.65300000179559,0.0009999930625781417,0.000200001522898674,0.39319999632425606,14.047399992705323
No Temporal,True,True,False,True,86,14.055300009204075,0.00100000761449337,0.000200001522898674,0.36469999758992344,14.42120001593139
No Temporal,True,True,False,True,87,13.99449999735225,0.0008999923011288047,0.000200001522898674,0.493799991090782,14.48939998226706
No Temporal,True,True,False,True,88,18.294400011654943,0.00100000761449337,0.000200001522898674,0.35790000401902944,18.653500024811365
No Temporal,True,True,False,True,89,22.73280000372324,0.0013999961083754897,0.000300002284348011,0.5782000080216676,23.312700010137632
No Temporal,True,True,False,True,90,23.32770000793971,0.0014999968698248267,0.000300002284348011,0.6734999915352091,24.002999998629093
No Temporal,True,True,False,True,91,22.162299996125512,0.0018999999156221747,0.000300002284348011,0.7704999879933894,22.93499998631887
No Temporal,True,True,False,True,92,21.65419999801088,0.0010999938240274787,0.000300002284348011,0.6624000088777393,22.318000002996996
No Temporal,True,True,False,True,93,14.369500000611879,0.0010999938240274787,0.000100000761449337,0.45110000064596534,14.821799995843321
No Temporal,True,True,False,True,94,15.29830000072252,0.0018999999156221747,0.00029998773243278265,0.8209000079659745,16.12139999633655
No Temporal,True,True,False,True,95,16.626799988443963,0.00100000761449337,9.998620953410864e-05,0.32210000790655613,16.949999990174547
No Temporal,True,True,False,True,96,14.831799999228679,0.001100008375942707,0.000100000761449337,0.3254000039305538,15.158400012296624
No Temporal,True,True,False,True,97,20.076499989954755,0.0020000006770715117,0.00029998773243278265,0.6670000002486631,20.745799978612922
No Temporal,True,True,False,True,98,15.734200002043508,0.0009999930625781417,0.000200001522898674,0.3521000035107136,16.0875000001397
No Temporal,True,True,False,True,99,16.799499993794598,0.0013999961083754897,0.000300002284348011,0.5979999987175688,17.39919999090489
No Temporal,True,True,False,True,100,16.00569998845458,0.0011999945854768157,0.000200001522898674,0.4541000089375302,16.461199993500486
No Temporal,True,True,False,True,101,24.13900000101421,0.001200009137392044,0.000300002284348011,0.6667999987257645,24.807300011161715
No Temporal,True,True,False,True,102,23.440900011337362,0.001100008375942707,0.000100000761449337,0.3490999952191487,23.791200015693903
No Temporal,True,True,False,True,103,23.459099989850074,0.001400010660290718,0.000200001522898674,0.5671999970218167,24.02789999905508
No Temporal,True,True,False,True,104,22.855799994431436,0.0020000006770715117,0.000400003045797348,0.5063999997219071,23.364599997876212
No Temporal,True,True,False,True,105,21.942999999737367,0.0013999961083754897,0.000300002284348011,0.5650999955832958,22.509799993713386
No Temporal,True,True,False,True,106,23.6814000090817,0.0012999953469261527,0.000400003045797348,0.5738000036217272,24.25690001109615
No Temporal,True,True,False,True,107,24.184599998989142,0.00829999044071883,0.00039998849388211966,0.6278999935602769,24.82119997148402
No Temporal,True,True,False,True,108,22.506100009195507,0.0012999953469261527,0.00019998697098344564,0.39090000791475177,22.898499999428168
No Temporal,True,True,False,True,109,14.53159999800846,0.0011999945854768157,0.000100000761449337,0.3406000032555312,14.873499996610917
No Temporal,True,True,False,True,110,14.309700010926463,0.0011999945854768157,0.000200001522898674,0.5970000056549907,14.908100012689829
No Temporal,True,True,False,True,111,23.14420000766404,0.0015999976312741637,0.000200001522898674,0.5876000068383291,23.73360001365654
No Temporal,True,True,False,True,112,22.142000001622364,0.0017999991541728377,0.000400003045797348,0.6868000054964796,22.831000009318814
No Temporal,True,True,False,True,113,13.611200003651902,0.0022000021999701858,0.000200001522898674,0.3657999914139509,13.979399998788722
No Temporal,True,True,False,True,114,22.105200012447312,0.0023000029614195228,0.000100000761449337,0.44659999548457563,22.554200011654757
No Temporal,True,True,False,True,115,14.286200006608851,0.0022000021999701858,0.0008999923011288047,0.3612000000430271,14.650500001152977
No Temporal,True,True,False,True,116,12.510100001236424,0.0021999876480549574,0.000800006091594696,0.4113999893888831,12.924499984364957
No Temporal,True,True,False,True,117,20.12319999630563,0.0026999914553016424,0.0011999945854768157,0.5051000043749809,20.63219998672139
No Temporal,True,True,False,True,118,17.108600004576147,0.0022000021999701858,0.0008999923011288047,0.40249999437946826,17.514199993456714
No Temporal,True,True,False,True,119,12.373300007311627,0.0018999999156221747,0.000900006853044033,0.37560000782832503,12.751700021908619
No Temporal,True,True,False,True,120,12.21060000534635,0.001800013706088066,0.000600004568696022,0.3527999942889437,12.565800017910078
No Temporal,True,True,False,True,121,17.172000007121824,0.0026999914553016424,0.0009999930625781417,0.48689999675843865,17.662599988398142
No Temporal,True,True,False,True,122,17.03629999246914,0.0020000006770715117,0.000100000761449337,0.3428999916650355,17.381299985572696
No Temporal,True,True,False,True,123,13.746500000706874,0.0022000021999701858,0.000200001522898674,0.4535000043688342,14.202400008798577
No Temporal,True,True,False,True,124,13.507499999832362,0.00100000761449337,0.000100000761449337,0.34330000926274806,13.851900017471053
No Temporal,True,True,False,True,125,12.907200012705289,0.0007999915396794677,0.000200001522898674,0.29719999292865396,13.205399998696521
No Temporal,True,True,False,True,126,13.04629999503959,0.000900006853044033,0.000200001522898674,0.31210000452119857,13.359500007936731
No Temporal,True,True,False,True,127,13.518699997803196,0.0007999915396794677,0.000100000761449337,0.31380000291392207,13.833399993018247
No Temporal,True,True,False,True,128,14.88950000202749,0.00100000761449337,0.000100000761449337,0.45369999133981764,15.34430000174325
No Temporal,True,True,False,True,129,14.709099996252917,0.0008999923011288047,0.000100000761449337,0.3576000017346814,15.067699991050176
No Temporal,True,True,False,True,130,12.363100002403371,0.00100000761449337,0.000100000761449337,0.287600007141009,12.651800017920323
No Temporal,True,True,False,True,131,13.826700000208803,0.0009999930625781417,0.000300002284348011,0.4140000091865659,14.242000004742295
No Temporal,True,True,False,True,132,14.952600002288818,0.000800006091594696,0.000100000761449337,0.5240000027697533,15.477500011911616
No Temporal,True,True,False,True,133,15.438399990671314,0.0008999923011288047,0.000200001522898674,0.37680000241380185,15.816299986909144
No Temporal,True,True,False,True,134,13.565499990363605,0.0009999930625781417,0.000100000761449337,0.3544000064721331,13.920999990659766
No Temporal,True,True,False,True,135,11.806499998783693,0.000700005330145359,0.000100000761449337,0.32879998616408557,12.136099991039373
No Temporal,True,True,False,True,136,12.4713000113843,0.000800006091594696,0.000100000761449337,0.29630000062752515,12.76850001886487
No Temporal,True,True,False,True,137,13.358399999560788,0.000900006853044033,0.000200001522898674,0.38100000529084355,13.740500013227575
No Temporal,True,True,False,True,138,11.927399988053367,0.0007999915396794677,0.000100000761449337,0.2921999985119328,12.220499978866428
No Temporal,True,True,False,True,139,11.401299998397008,0.000800006091594696,0.000100000761449337,0.288200011709705,11.690400016959757
No Temporal,True,True,False,True,140,12.956600010511465,0.000900006853044033,0.000200001522898674,0.32869999995455146,13.28640001884196
No Temporal,True,True,False,True,141,13.087700004689395,0.0008999923011288047,0.000200001522898674,0.29969999741297215,13.388499995926395
No Temporal,True,True,False,True,142,15.329600006225519,0.00100000761449337,0.000100000761449337,0.2643999905558303,15.595100005157292
No Temporal,True,True,False,True,143,11.960599993471988,0.000700005330145359,0.000100000761449337,0.2584999892860651,12.219899988849647
No Temporal,True,True,False,True,144,10.293300001649186,0.0006999907782301307,0.000100000761449337,0.26080000679939985,10.554899999988265
No Temporal,True,True,False,True,145,10.372300006565638,0.00100000761449337,0.000200001522898674,0.33009999606292695,10.703600011765957
No Temporal,True,True,False,True,146,10.32830000622198,0.000900006853044033,0.000200001522898674,0.3358999965712428,10.665300011169165
No Temporal,True,True,False,True,147,12.75510000414215,0.001300009898841381,0.000200001522898674,0.35930000012740493,13.115900015691295
No Temporal,True,True,False,True,148,13.955600006738678,0.000900006853044033,0.000100000761449337,0.37170000723563135,14.328300021588802
No Temporal,True,True,False,True,149,11.300600002869032,0.0006999907782301307,0.000100000761449337,0.31879999733064324,11.620199991739355
No Temporal,True,True,False,True,150,12.30030000442639,0.000800006091594696,0.000100000761449337,0.334399999701418,12.635600010980852
No Temporal,True,True,False,True,151,13.37509999575559,0.0008999923011288047,0.000200001522898674,0.34899999445769936,13.725199984037317
No Temporal,True,True,False,True,152,15.908400004263967,0.001100008375942707,0.000200001522898674,0.3490999952191487,16.258800009381957
No Temporal,True,True,False,True,153,14.718499995069578,0.0024000037228688598,0.000100000761449337,0.2958999975817278,15.016899997135624
No Temporal,True,True,False,True,154,10.384799999883398,0.0020000006770715117,0.000200001522898674,0.2707999956328422,10.65779999771621
No Temporal,True,True,False,True,155,10.354600002756342,0.0021000014385208488,0.000700005330145359,0.2995999966515228,10.657000006176531
No Temporal,True,True,False,True,156,10.601499991025776,0.002700006007216871,0.000800006091594696,0.3892999957315624,10.99429999885615
No Temporal,True,True,False,True,157,15.235200000461191,0.002900007530115545,0.0008999923011288047,0.3983000060543418,15.637300006346777
No Temporal,True,True,False,True,158,14.73390001046937,0.0029999937396496534,0.00100000761449337,0.3893000102834776,15.12720002210699
No Temporal,True,True,False,True,159,14.626700009102933,0.0024000037228688598,0.0008999923011288047,0.4202999989502132,15.050300004077144
No Temporal,True,True,False,True,160,14.786999992793426,0.0025000044843181968,0.0010999938240274787,0.2970999921672046,15.087699983268976
No Temporal,True,True,False,True,161,9.729100012918934,0.0021000014385208488,0.000100000761449337,0.2830000012181699,10.014300016337074
No Temporal,True,True,False,True,162,10.015699997893535,0.0023999891709536314,0.000100000761449337,0.37779999547638,10.395999983302318
No Temporal,True,True,False,True,163,10.259199989377521,0.0018999999156221747,0.000200001522898674,0.28839999868068844,10.54969998949673
No Temporal,True,True,False,True,164,10.041999994427897,0.000800006091594696,0.000200001522898674,0.26220000290777534,10.305200004950166
No Temporal,True,True,False,True,165,11.203000001842156,0.0011999945854768157,0.000200001522898674,0.25379999715369195,11.458199995104223
No Temporal,True,True,False,True,166,16.01969999319408,0.00100000761449337,0.00019998697098344564,0.3479000006336719,16.36879998841323
No Temporal,True,True,False,True,167,12.392599994200282,0.0016999983927235007,0.00039998849388211966,0.45169999066274613,12.846399971749634
No Temporal,True,True,False,True,168,14.8168000014266,0.0012999953469261527,0.000200001522898674,0.4558000073302537,15.274100005626678
No Temporal,True,True,False,True,169,13.257600003271364,0.0008999923011288047,0.000100000761449337,0.3269000008003786,13.58549999713432
No Temporal,True,True,False,True,170,15.340800004196353,0.000900006853044033,0.000100000761449337,0.4490999999688938,15.79090001177974
No Temporal,True,True,False,True,171,19.68460000352934,0.0010999938240274787,0.000100000761449337,0.3797999961534515,20.06559999426827
No Temporal,True,True,False,True,172,20.946999997249804,0.0024999899324029684,0.000200001522898674,0.4735000111395493,21.423199999844655
No Temporal,True,True,False,True,173,18.635400003404357,0.002900007530115545,0.001400010660290718,0.39770000148564577,19.03740002308041
No Temporal,True,True,False,True,174,21.37439999205526,0.0035999983083456755,0.0015999976312741637,0.8895000064512715,22.26909999444615
No Temporal,True,True,False,True,175,20.28029999928549,0.003000008291564882,0.001400010660290718,0.644200001261197,20.928900019498542
No Temporal,True,True,False,True,176,18.307299993466586,0.0025000044843181968,0.001300009898841381,0.4140999953961,18.725200003245845
No Temporal,True,True,False,True,177,16.141100000822917,0.002700006007216871,0.0014999968698248267,0.4521000082604587,16.597400011960417
No Temporal,True,True,False,True,178,19.666799998958595,0.0027999922167509794,0.000200001522898674,0.5794999888166785,20.249299981514923
No Temporal,True,True,False,True,179,22.562400001334026,0.0026000052457675338,0.000200001522898674,0.4434000002220273,23.00860000832472
No Temporal,True,True,False,True,180,14.635100000305101,0.0023999891709536314,0.000200001522898674,0.48439999227412045,15.122099983273074
No Temporal,True,True,False,True,181,17.619700010982342,0.0035999983083456755,0.000300002284348011,0.863500012201257,18.487100023776293
No Temporal,True,True,False,True,182,25.132700000540353,0.0010999938240274787,0.000200001522898674,0.4656000091927126,25.599600005079992
No Temporal,True,True,False,True,183,21.114699993631802,0.001100008375942707,0.000200001522898674,0.3687999997055158,21.48480000323616
No Temporal,True,True,False,True,184,16.150499999639578,0.0009999930625781417,0.000200001522898674,0.42070000199601054,16.572399996221066
No Temporal,True,True,False,True,185,16.275299989501946,0.0011999945854768157,0.000200001522898674,0.45939999108668417,16.736099976697005
No Temporal,True,True,False,True,186,22.49570000276435,0.0013999961083754897,0.000200001522898674,0.491300001158379,22.988600001554005
No Temporal,True,True,False,True,187,22.38690000376664,0.0009999930625781417,0.000100000761449337,0.3902999887941405,22.77829998638481
No Temporal,True,True,False,True,188,18.819100005202927,0.0011999945854768157,0.000300002284348011,0.687899999320507,19.50850000139326
No Temporal,True,True,False,True,189,22.142100002383813,0.0015999976312741637,0.000300002284348011,0.7273000082932413,22.871300010592677
No Temporal,True,True,False,True,190,20.168399991234764,0.0013999961083754897,0.00029998773243278265,0.519299996085465,20.689399971161038
No Temporal,True,True,False,True,191,22.22030000120867,0.001700012944638729,0.000300002284348011,0.7432999991578981,22.965600015595555
No Temporal,True,True,False,True,192,20.666999989771284,0.0013999961083754897,0.00029998773243278265,0.5627999926218763,21.23149996623397
No Temporal,True,True,False,True,193,21.91789999778848,0.001500011421740055,0.000200001522898674,0.4233999934513122,22.343000004184432
No Temporal,True,True,False,True,194,23.84100000199396,0.0015999976312741637,0.000300002284348011,0.6876999977976084,24.530599999707192
No Temporal,True,True,False,True,195,16.709199990145862,0.000800006091594696,0.000100000761449337,0.37820001307409257,17.088300010073
No Temporal,True,True,False,True,196,16.413499994087033,0.0010999938240274787,0.000100000761449337,0.3288999869255349,16.743599975598045
No Temporal,True,True,False,True,197,16.092700010631233,0.000900006853044033,0.00019998697098344564,0.4278999986127019,16.521700003067963
No Temporal,True,True,False,True,198,13.722000003326684,0.000900006853044033,0.000100000761449337,0.3291000030003488,14.052100013941526
No Temporal,True,True,False,True,199,15.593700009048916,0.0018999999156221747,0.00029998773243278265,0.5160000000614673,16.11189999675844
No Temporal,True,True,False,True,200,15.387799998279661,0.0009999930625781417,0.000100000761449337,0.4225000011501834,15.811399993253872
No Temporal,True,True,False,True,201,16.684799993527122,0.0010999938240274787,0.000300002284348011,0.3766000008909032,17.0627999905264
No Temporal,True,True,False,True,202,14.292799998656847,0.0012999953469261527,0.00019998697098344564,0.40330000047106296,14.69759998144582
No Temporal,True,True,False,True,203,25.325200011138804,0.0013999961083754897,0.000300002284348011,0.6024000031175092,25.929300012649037
No Temporal,True,True,False,True,204,19.376299998839386,0.0007999915396794677,0.000200001522898674,0.4337999998824671,19.81109999178443
No Temporal,True,True,False,True,205,20.721399996546097,0.0013999961083754897,0.000300002284348011,0.7702000002609566,21.493299995199777
No Temporal,True,True,False,True,206,28.25279999524355,0.0012999953469261527,0.000300002284348011,0.7056000031298026,28.959999996004626
No Temporal,True,True,False,True,207,22.070299994084053,0.0009999930625781417,0.000200001522898674,0.4692999937105924,22.540799982380122
No Temporal,True,True,False,True,208,16.546900005778298,0.001100008375942707,0.000200001522898674,0.407300001825206,16.955500017502345
No Temporal,True,True,False,True,209,16.358900000341237,0.0012999953469261527,0.000100000761449337,0.43119999463669956,16.79149999108631
No Temporal,True,True,False,True,210,17.230299999937415,0.001500011421740055,0.000200001522898674,0.45649999810848385,17.688500010990538
No Temporal,True,True,False,True,211,16.13750000251457,0.0013999961083754897,0.000200001522898674,0.487900004372932,16.627000004518777
No Temporal,True,True,False,True,212,19.88839999830816,0.001100008375942707,0.000200001522898674,0.4123999970033765,20.302100005210377
No Temporal,True,True,False,True,213,15.473899999051355,0.000800006091594696,0.000200001522898674,0.45599999430123717,15.930900000967085
No Temporal,True,True,False,True,214,24.73769999051001,0.0009999930625781417,0.000200001522898674,0.3308999876026064,25.069799972698092
No Temporal,True,True,False,True,215,17.74219999788329,0.0008999923011288047,0.000200001522898674,0.4174000059720129,18.16069999767933
No Temporal,True,True,False,True,216,12.169099994935095,0.000900006853044033,0.000100000761449337,0.3043000033358112,12.4744000058854
No Temporal,True,True,False,True,217,12.072899990016595,0.0010999938240274787,0.000100000761449337,0.34270000469405204,12.416799989296123
No Temporal,True,True,False,True,218,19.048599991947412,0.0013999961083754897,0.000300002284348011,0.7302000012714416,19.780499991611578
No Temporal,True,True,False,True,219,22.75470001040958,0.0015999976312741637,0.000300002284348011,0.6794000073568895,23.43600001768209
No Temporal,True,True,False,True,220,24.49749999505002,0.001600012183189392,0.000300002284348011,0.6431000074371696,25.142500016954727
No Temporal,True,True,False,True,221,24.777799990260974,0.0010999938240274787,0.000100000761449337,0.3806000022450462,25.159599987091497
No Temporal,True,True,False,True,222,21.06080000521615,0.0010999938240274787,0.000200001522898674,0.35680001019500196,21.41890001075808
No Temporal,True,True,False,True,223,13.022900006035343,0.0006999907782301307,0.000500003807246685,0.2814999897964299,13.30559999041725
No Temporal,True,True,False,True,224,13.652499997988343,0.0023000029614195228,0.000200001522898674,0.3918000002158806,14.046800002688542
No Temporal,True,True,False,True,225,23.251500009791926,0.003200009814463556,0.000300002284348011,0.6872000085422769,23.942200030433014
No Temporal,True,True,False,True,226,17.498200002592057,0.003100009053014219,0.0012999953469261527,0.48669999523554,17.989300002227537
No Temporal,True,True,False,True,227,22.78200000000652,0.0029999937396496534,0.0014999968698248267,0.4712999943876639,23.257799985003658
No Temporal,True,True,False,True,228,21.99389999441337,0.0034999975468963385,0.001600012183189392,0.5711999983759597,22.570200002519414
No Temporal,True,True,False,True,229,21.47300000069663,0.0026000052457675338,0.0009999930625781417,0.3463000030023977,21.822900002007373
No Temporal,True,True,False,True,230,12.499100004788488,0.0023000029614195228,0.0012999953469261527,0.3986999945482239,12.901399997645058
No Temporal,True,True,False,True,231,12.21139999688603,0.0024000037228688598,0.001100008375942707,0.3799999976763502,12.594900006661192
No Temporal,True,True,False,True,232,11.951000007684343,0.0020000006770715117,0.000100000761449337,0.33179999445565045,12.284900003578514
No Temporal,True,True,False,True,233,13.67680000839755,0.0024000037228688598,0.000200001522898674,0.36580000596586615,14.045200019609183
No Temporal,True,True,False,True,234,13.243699999293312,0.000800006091594696,0.000200001522898674,0.29260000155773014,13.537300008465536
No Temporal,True,True,False,True,235,13.341700003365986,0.0009999930625781417,0.000200001522898674,0.2607999922474846,13.603699990198947
No Temporal,True,True,False,True,236,12.466800006222911,0.000800006091594696,0.000200001522898674,0.28980000934097916,12.757600023178384
No Temporal,True,True,False,True,237,17.01619999948889,0.0018999999156221747,0.000400003045797348,0.4639999970095232,17.482499999459833
No Temporal,True,True,False,True,238,21.130599998286925,0.0012999953469261527,0.00029998773243278265,0.5754000012530014,21.707599982619286
No Temporal,True,True,False,True,239,20.45860000362154,0.0012999953469261527,0.000300002284348011,0.477100009447895,20.93730001070071
No Temporal,True,True,False,True,240,20.344200005638413,0.0013999961083754897,0.000300002284348011,0.4670000053010881,20.812900009332225
No Temporal,True,True,False,True,241,20.827700005611405,0.0016999983927235007,0.000300002284348011,0.607599999057129,21.437300005345605
No Temporal,True,True,False,True,242,24.89229998900555,0.0013999961083754897,0.000300002284348011,0.5833000031998381,25.477299990598112
No Temporal,True,True,False,True,243,19.019800005480647,0.000900006853044033,0.000200001522898674,0.31519999902229756,19.336100012878887
No Temporal,True,True,False,True,244,23.6698999942746,0.0009999930625781417,0.000200001522898674,0.4078999918419868,24.078999980702065
No Temporal,True,True,False,True,245,22.928499995032325,0.0014999968698248267,0.000300002284348011,0.6451000081142411,23.57540000230074
No Temporal,True,True,False,True,246,25.465900005656295,0.0018999999156221747,0.000400003045797348,0.6219999922905117,26.090200000908226
No Temporal,True,True,False,True,247,18.404200003715232,0.001500011421740055,0.00029998773243278265,0.5167999916011468,18.92279999447055
No Temporal,True,True,False,True,248,18.689699994865805,0.0008999923011288047,0.000100000761449337,0.29399999766610563,18.98469998559449
No Temporal,True,True,False,True,249,20.19260000088252,0.0012999953469261527,0.00039998849388211966,0.5327999970177189,20.72709998174105
No Temporal,True,True,False,True,250,11.514099998748861,0.0013999961083754897,0.000200001522898674,0.3387999895494431,11.854499985929579
No Temporal,True,True,False,True,251,11.49720000103116,0.0009999930625781417,0.000200001522898674,0.32310000096913427,11.821499996585771
No Temporal,True,True,False,True,252,11.345700011588633,0.000700005330145359,0.000100000761449337,0.24950000806711614,11.596000025747344
No Temporal,True,True,False,True,253,11.341000004904345,0.0007999915396794677,0.000200001522898674,0.2564000023994595,11.598400000366382
No Temporal,True,True,False,True,254,11.710900012985803,0.0006999907782301307,0.000200001522898674,0.26610000350046903,11.977900008787401
No Temporal,True,True,False,True,255,12.848999991547316,0.0008999923011288047,0.000100000761449337,0.27999999292660505,13.1299999775365
No Temporal,True,True,False,True,256,15.05820000602398,0.00100000761449337,9.998620953410864e-05,0.27609999233391136,15.33539999218192
No Temporal,True,True,False,True,257,13.751499995123595,0.00100000761449337,0.00019998697098344564,0.35509999725036323,14.107799986959435
No Temporal,True,True,False,True,258,12.84260000102222,0.0009999930625781417,0.000200001522898674,0.424899990321137,13.268699985928833
No Temporal,True,True,False,True,259,14.862299998640083,0.0006999907782301307,0.000100000761449337,0.2657000004546717,15.128799990634434
No Temporal,True,True,False,True,260,15.736499990453012,0.000800006091594696,0.00019998697098344564,0.2823999966494739,16.019899980165064
No Temporal,True,True,False,True,261,24.328300001798198,0.0016999983927235007,0.000300002284348011,0.5359000060707331,24.866200008546002
No Temporal,True,True,False,True,262,15.581900006509386,0.0008999923011288047,0.000200001522898674,0.33660000190138817,15.919600002234802
No Temporal,True,True,False,True,263,17.597999991266988,0.001100008375942707,0.000200001522898674,0.32130000181496143,17.92060000298079
No Temporal,True,True,False,True,264,13.789300006465055,0.0010999938240274787,0.000200001522898674,0.30390000029001385,14.094500002101995
No Temporal,True,True,False,True,265,12.958999999682419,0.00100000761449337,0.000100000761449337,0.3715000057127327,13.331600013771094
No Temporal,True,True,False,True,266,12.410800001816824,0.0007999915396794677,0.000100000761449337,0.34640000376384705,12.7580999978818
No Temporal,True,True,False,True,267,12.332800004514866,0.000900006853044033,0.000200001522898674,0.3425999893806875,12.676500002271496
No Temporal,True,True,False,True,268,13.078600008157082,0.000900006853044033,0.000200001522898674,0.31480001052841544,13.39450002706144
No Temporal,True,True,False,True,269,12.12620000296738,0.000800006091594696,0.000100000761449337,0.2933000068878755,12.4204000167083
No Temporal,True,True,False,True,270,11.102100004791282,0.000700005330145359,0.000200001522898674,0.265499998931773,11.3685000105761
No Temporal,True,True,False,True,271,10.857499990379438,0.000800006091594696,0.000100000761449337,0.28020000900141895,11.1386000062339
No Temporal,True,True,False,True,272,15.816600003745407,0.003100009053014219,0.000300002284348011,0.5326999962562695,16.35270001133904
No Temporal,True,True,False,True,273,22.824500003480352,0.0042000028770416975,0.00039998849388211966,0.7179000094765797,23.547000004327856
No Temporal,True,True,False,True,274,21.9263999897521,0.0034999975468963385,0.0014999968698248267,0.759599992306903,22.690999976475723
No Temporal,True,True,False,True,275,21.430699998745695,0.0032999960239976645,0.001500011421740055,0.6715000054100528,22.107000011601485
No Temporal,True,True,False,True,276,13.200200002756901,0.0025000044843181968,0.001100008375942707,0.334399999701418,13.53820001531858
No Temporal,True,True,False,True,277,12.120699990191497,0.0023000029614195228,0.000900006853044033,0.32500000088475645,12.448900000890717
No Temporal,True,True,False,True,278,21.205700002610683,0.002900007530115545,0.000200001522898674,0.5048000020906329,21.71360001375433
No Temporal,True,True,False,True,279,19.06510000117123,0.0021000014385208488,0.00019998697098344564,0.3708000003825873,19.438199989963323
No Temporal,True,True,False,True,280,11.924300008104183,0.0008999923011288047,0.000200001522898674,0.34840000444091856,12.273800006369129
No Temporal,True,True,False,True,281,15.187700002570637,0.0036999990697950125,0.0013999961083754897,0.6698000070173293,15.862600004766136
No Temporal,True,True,False,True,282,19.0392999938922,0.0047000066842883825,0.0016999983927235007,0.7034000009298325,19.749099999899045
No Temporal,True,True,False,True,283,21.98320000024978,0.0040000013541430235,0.0015999976312741637,0.6890000076964498,22.677800006931648
No Temporal,True,True,False,True,284,19.11330000439193,0.0031999952625483274,0.000200001522898674,0.5759000050602481,19.692600006237626
No Temporal,True,True,False,True,285,21.293300000252202,0.0021000014385208488,0.000500003807246685,0.6295999919530004,21.92549999745097
No Temporal,True,True,False,True,286,23.73729999817442,0.0041000021155923605,0.00029998773243278265,0.727299993741326,24.468999981763773
No Temporal,True,True,False,True,287,20.174500008579344,0.0023000029614195228,0.0009999930625781417,0.3723999980138615,20.550200002617203
No Temporal,True,True,False,True,288,13.145200005965307,0.0023000029614195228,0.001200009137392044,0.4326999915065244,13.581400009570643
No Temporal,True,True,False,True,289,22.340499999700114,0.0028999929782003164,0.0016999983927235007,0.6766000005882233,23.02169999165926
No Temporal,True,True,False,True,290,30.44310001132544,0.0037999998312443495,0.0018999999156221747,0.7674999942537397,31.216300005326048
No Temporal,True,True,False,True,291,29.407299996819347,0.0036999990697950125,0.0018999999156221747,0.7224000000860542,30.13529999589082
No Temporal,True,True,False,True,292,23.12920000986196,0.0031999952625483274,0.0016999983927235007,0.49839999701362103,23.632500000530854
No Temporal,True,True,False,True,293,20.3211000043666,0.0016999983927235007,0.000200001522898674,0.6725999992340803,20.9956000035163
No Temporal,True,True,False,True,294,19.821800000499934,0.00100000761449337,0.000200001522898674,0.3792999923462048,20.20230000198353
No Temporal,True,True,False,True,295,16.850899992277846,0.0040000013541430235,0.0014999968698248267,0.606699992204085,17.4630999827059
No Temporal,True,True,False,True,296,21.789299993542954,0.0036999990697950125,0.0015999976312741637,0.654699993901886,22.44929998414591
No Temporal,True,True,False,True,297,21.189599996432662,0.003500012098811567,0.0014999968698248267,0.5579999997280538,21.752600005129352
No Temporal,True,True,False,True,298,21.678700009942986,0.0029999937396496534,0.000200001522898674,0.454399996669963,22.136300001875497
No Temporal,True,True,False,True,299,17.4401999975089,0.0024999899324029684,0.000200001522898674,0.4256999964127317,17.86859998537693
No Overlay,True,True,True,False,0,21.04789999430068,0.0018999999156221747,0.002700006007216871,0.000400003045797348,21.052900003269315
No Overlay,True,True,True,False,1,21.718899995903485,0.001200009137392044,0.0020000006770715117,0.00019998697098344564,21.72229999268893
No Overlay,True,True,True,False,2,18.53240000491496,0.000900006853044033,0.001300009898841381,0.000100000761449337,18.534700022428297
No Overlay,True,True,True,False,3,19.769399994402193,0.0007999915396794677,0.0011999945854768157,0.000300002284348011,19.771699982811697
No Overlay,True,True,True,False,4,13.920600002165884,0.0017999991541728377,0.0023999891709536314,0.000200001522898674,13.924999992013909
No Overlay,True,True,True,False,5,19.272200006525964,0.0008999923011288047,0.0016999983927235007,0.000100000761449337,19.274899997981265
No Overlay,True,True,True,False,6,12.195000002975576,0.000900006853044033,0.0014999968698248267,0.000100000761449337,12.197500007459894
No Overlay,True,True,True,False,7,19.506399999954738,0.001300009898841381,0.0021000014385208488,0.000200001522898674,19.510000012815
No Overlay,True,True,True,False,8,22.21430001372937,0.001400010660290718,0.0018999999156221747,0.000200001522898674,22.217800025828183
No Overlay,True,True,True,False,9,12.637700012419373,0.0009999930625781417,0.0013999961083754897,0.000100000761449337,12.640200002351776
No Overlay,True,True,True,False,10,16.59549999749288,0.0009999930625781417,0.0011999945854768157,0.000200001522898674,16.597899986663833
No Overlay,True,True,True,False,11,11.800699998275377,0.000800006091594696,0.0011999945854768157,0.000100000761449337,11.802799999713898
No Overlay,True,True,True,False,12,11.977800008025952,0.000800006091594696,0.0014999968698248267,0.000200001522898674,11.98030001251027
No Overlay,True,True,True,False,13,12.309300000197254,0.00100000761449337,0.001300009898841381,0.000100000761449337,12.311700018472038
No Overlay,True,True,True,False,14,17.830500000854954,0.0010999938240274787,0.0024000037228688598,0.000300002284348011,17.8343000006862
No Overlay,True,True,True,False,15,17.89049999206327,0.0009999930625781417,0.0015999976312741637,0.00029998773243278265,17.893399970489554
No Overlay,True,True,True,False,16,22.47470000293106,0.0014999968698248267,0.0031999952625483274,0.0004999892553314567,22.479899984318763
No Overlay,True,True,True,False,17,23.8145000039367,0.001200009137392044,0.0024000037228688598,0.00029998773243278265,23.818400004529394
No Overlay,True,True,True,False,18,20.080999995116144,0.0017999991541728377,0.0023999891709536314,0.000400003045797348,20.08559998648707
No Overlay,True,True,True,False,19,15.112099994439632,0.0009999930625781417,0.0013999961083754897,0.000200001522898674,15.114699985133484
No Overlay,True,True,True,False,20,13.392799999564886,0.0010999938240274787,0.0013999961083754897,0.00019998697098344564,13.395499976468273
No Overlay,True,True,True,False,21,12.729499998386018,0.000900006853044033,0.0014999968698248267,0.000100000761449337,12.732000002870336
No Overlay,True,True,True,False,22,12.966800000867806,0.000800006091594696,0.0010999938240274787,0.000100000761449337,12.968800001544878
No Overlay,True,True,True,False,23,13.00690000061877,0.00100000761449337,0.0015999976312741637,0.000300002284348011,13.009800008148886
No Overlay,True,True,True,False,24,22.42350000597071,0.000800006091594696,0.0015999976312741637,0.000200001522898674,22.426100011216477
No Overlay,True,True,True,False,25,12.93440000154078,0.000800006091594696,0.001700012944638729,0.000200001522898674,12.937100022099912
No Overlay,True,True,True,False,26,19.374399998923764,0.001300009898841381,0.0018999999156221747,0.00029998773243278265,19.37789999647066
No Overlay,True,True,True,False,27,16.344500007107854,0.000900006853044033,0.0013999961083754897,0.000200001522898674,16.347000011592172
No Overlay,True,True,True,False,28,11.943899997277185,0.0006999907782301307,0.0011999945854768157,0.000100000761449337,11.945899983402342
No Overlay,True,True,True,False,29,15.31680001062341,0.0011999945854768157,0.0021000014385208488,0.000100000761449337,15.320200007408857
No Overlay,True,True,True,False,30,15.575700002955273,0.000900006853044033,0.0017999991541728377,0.000200001522898674,15.578600010485388
No Overlay,True,True,True,False,31,13.163600000552833,0.0009999930625781417,0.0014999968698248267,0.000100000761449337,13.166199991246685
No Overlay,True,True,True,False,32,13.354000009712763,0.000800006091594696,0.001100008375942707,0.000100000761449337,13.35600002494175
No Overlay,True,True,True,False,33,13.168700010282919,0.0007999915396794677,0.0012999953469261527,0.000100000761449337,13.170899997930974
No Overlay,True,True,True,False,34,17.91909999155905,0.0015999976312741637,0.0020000006770715117,0.000200001522898674,17.922899991390295
No Overlay,True,True,True,False,35,23.97769999515731,0.0010999938240274787,0.0020999868866056204,0.000100000761449337,23.98099997662939
No Overlay,True,True,True,False,36,22.192600008565933,0.0018999999156221747,0.0025999906938523054,0.000300002284348011,22.197400001459755
No Overlay,True,True,True,False,37,14.717700003529899,0.0009999930625781417,0.0015999976312741637,0.000100000761449337,14.7203999949852
No Overlay,True,True,True,False,38,13.101999997161329,0.0012999953469261527,0.0015999976312741637,0.000200001522898674,13.105099991662428
No Overlay,True,True,True,False,39,17.007300004479475,0.00100000761449337,0.001200009137392044,0.000200001522898674,17.00970002275426
No Overlay,True,True,True,False,40,12.625600007595494,0.00100000761449337,0.001400010660290718,0.000100000761449337,12.628100026631728
No Overlay,True,True,True,False,41,12.377100007142872,0.0008999923011288047,0.0011999945854768157,0.000100000761449337,12.379299994790927
No Overlay,True,True,True,False,42,17.249500000616536,0.0025000044843181968,0.0027999922167509794,0.000200001522898674,17.254999998840503
No Overlay,True,True,True,False,43,16.250100001343526,0.000900006853044033,0.001400010660290718,0.00019998697098344564,16.252600005827844
No Overlay,True,True,True,False,44,13.798499989206903,0.001100008375942707,0.0016999983927235007,0.000300002284348011,13.801599998259917
No Overlay,True,True,True,False,45,23.418100012349896,0.0021000014385208488,0.003000008291564882,0.000400003045797348,23.42360002512578
No Overlay,True,True,True,False,46,28.461999987484887,0.0011999945854768157,0.0021000014385208488,0.000100000761449337,28.465399984270334
No Overlay,True,True,True,False,47,18.391799996607006,0.001200009137392044,0.0014999968698248267,0.000200001522898674,18.39470000413712
No Overlay,True,True,True,False,48,24.80650000507012,0.000900006853044033,0.0013999961083754897,0.000100000761449337,24.80890000879299
No Overlay,True,True,True,False,49,19.75289999973029,0.0009999930625781417,0.0014999968698248267,0.000200001522898674,19.75559999118559
No Overlay,True,True,True,False,50,21.19949999905657,0.00100000761449337,0.0016999983927235007,0.000100000761449337,21.202300005825236
No Overlay,True,True,True,False,51,15.332800001488067,0.002800006768666208,0.001400010660290718,0.000100000761449337,15.337100019678473
No Overlay,True,True,True,False,52,22.76799999526702,0.0037999998312443495,0.0031999952625483274,0.00019998697098344564,22.775199977331795
No Overlay,True,True,True,False,53,20.007500002975576,0.0023000029614195228,0.0023000029614195228,0.000200001522898674,20.012300010421313
No Overlay,True,True,True,False,54,14.72339998872485,0.0023000029614195228,0.0016999983927235007,0.00019998697098344564,14.727599977049977
No Overlay,True,True,True,False,55,14.45080000848975,0.0021000014385208488,0.0029999937396496534,0.000100000761449337,14.45600000442937
No Overlay,True,True,True,False,56,15.081100005772896,0.0022000021999701858,0.0014999968698248267,0.000100000761449337,15.08490000560414
No Overlay,True,True,True,False,57,13.939800002845004,0.0020000006770715117,0.0012999953469261527,0.000100000761449337,13.943199999630451
No Overlay,True,True,True,False,58,12.86410000466276,0.0020000006770715117,0.0021000014385208488,0.000200001522898674,12.86840000830125
No Overlay,True,True,True,False,59,12.645099996007048,0.0021000014385208488,0.001500011421740055,0.000100000761449337,12.648800009628758
No Overlay,True,True,True,False,60,13.028700006543659,0.0025000044843181968,0.0018999999156221747,0.000100000761449337,13.033200011705048
No Overlay,True,True,True,False,61,13.386600010562688,0.0020999868866056204,0.0017999991541728377,0.000100000761449337,13.390599997364916
No Overlay,True,True,True,False,62,13.210300006903708,0.0022000021999701858,0.005900001269765198,0.000100000761449337,13.218500011134893
No Overlay,True,True,True,False,63,12.537399990833364,0.0020000006770715117,0.001400010660290718,0.000100000761449337,12.540900002932176
No Overlay,True,True,True,False,64,12.41870000376366,0.001200009137392044,0.0022000021999701858,0.000100000761449337,12.422200015862472
No Overlay,True,True,True,False,65,12.834599998313934,0.0007999915396794677,0.0014999968698248267,0.000100000761449337,12.836999987484887
No Overlay,True,True,True,False,66,12.156199998571537,0.0026000052457675338,0.0013999961083754897,0.000100000761449337,12.16030000068713
No Overlay,True,True,True,False,67,12.634699989575893,0.0021000014385208488,0.0018999999156221747,0.000100000761449337,12.638799991691485
No Overlay,True,True,True,False,68,12.043099995935336,0.0022000021999701858,0.0016999983927235007,0.0,12.04699999652803
No Overlay,True,True,True,False,69,11.223599998629652,0.0022000021999701858,0.0016999983927235007,0.000100000761449337,11.227599999983795
No Overlay,True,True,True,False,70,11.20019999507349,0.0021000014385208488,0.0029999937396496534,0.000100000761449337,11.20539999101311
No Overlay,True,True,True,False,71,11.236300008022226,0.0020000006770715117,0.001300009898841381,0.00019998697098344564,11.239800005569123
No Overlay,True,True,True,False,72,11.159900008351542,0.001400010660290718,0.0017999991541728377,0.000300002284348011,11.163400020450354
No Overlay,True,True,True,False,73,11.293799994746223,0.0006999907782301307,0.0012999953469261527,0.000100000761449337,11.295899981632829
No Overlay,True,True,True,False,74,10.888699995120987,0.0008999923011288047,0.0014999968698248267,0.000100000761449337,10.89119998505339
No Overlay,True,True,True,False,75,11.189300013938919,0.0007999915396794677,0.0021000014385208488,0.0,11.192200006917119
No Overlay,True,True,True,False,76,11.21430000057444,0.0007999915396794677,0.0013999961083754897,0.000200001522898674,11.216699989745393
No Overlay,True,True,True,False,77,11.4876000006916,0.0012999953469261527,0.0030999945010989904,0.000100000761449337,11.492099991301075
No Overlay,True,True,True,False,78,11.0452999942936,0.000900006853044033,0.001300009898841381,0.00029998773243278265,11.047799998777919
No Overlay,True,True,True,False,79,10.815800007549115,0.000700005330145359,0.001500011421740055,0.000200001522898674,10.818200025823899
No Overlay,True,True,True,False,80,10.725600004661828,0.000800006091594696,0.0011999945854768157,0.000100000761449337,10.72770000610035
No Overlay,True,True,True,False,81,10.68610000947956,0.000800006091594696,0.0013999961083754897,0.000100000761449337,10.68840001244098
No Overlay,True,True,True,False,82,10.728200009907596,0.000800006091594696,0.001200009137392044,0.00019998697098344564,10.730400012107566
No Overlay,True,True,True,False,83,10.779300006106496,0.000700005330145359,0.0012999953469261527,0.000100000761449337,10.781400007545017
No Overlay,True,True,True,False,84,10.892600010265596,0.001100008375942707,0.001500011421740055,0.000100000761449337,10.895300030824728
No Overlay,True,True,True,False,85,10.77860000077635,0.000900006853044033,0.0010999938240274787,0.000100000761449337,10.780700002214871
No Overlay,True,True,True,False,86,10.620799992466345,0.000700005330145359,0.00100000761449337,0.000100000761449337,10.622600006172433
No Overlay,True,True,True,False,87,10.55560000531841,0.0008999923011288047,0.0011999945854768157,0.000200001522898674,10.557899993727915
No Overlay,True,True,True,False,88,10.473100002855062,0.0008999923011288047,0.0010999938240274787,0.000100000761449337,10.475199989741668
No Overlay,True,True,True,False,89,10.687000001780689,0.0007999915396794677,0.0010999938240274787,0.000200001522898674,10.689099988667294
No Overlay,True,True,True,False,90,9.980500006349757,0.001300009898841381,0.0012999953469261527,0.0,9.983100011595525
No Overlay,True,True,True,False,91,9.82020000810735,0.0007999915396794677,0.001100008375942707,0.000100000761449337,9.82220000878442
No Overlay,True,True,True,False,92,9.966900004656054,0.001100008375942707,0.0013999961083754897,0.000100000761449337,9.969500009901822
No Overlay,True,True,True,False,93,9.944999997969717,0.0006999907782301307,0.0009999930625781417,0.000100000761449337,9.946799982571974
No Overlay,True,True,True,False,94,10.232199987513013,0.0006999907782301307,0.001200009137392044,0.000100000761449337,10.234199988190085
No Overlay,True,True,True,False,95,10.0895999930799,0.000800006091594696,0.0012999953469261527,0.000100000761449337,10.091799995279871
No Overlay,True,True,True,False,96,10.920100001385435,0.0007999915396794677,0.0011999945854768157,0.000100000761449337,10.922199988272041
No Overlay,True,True,True,False,97,10.339200001908466,0.00100000761449337,0.001200009137392044,0.000100000761449337,10.341500019421801
No Overlay,True,True,True,False,98,10.238599992590025,0.0008999923011288047,0.0012999953469261527,0.000300002284348011,10.241099982522428
No Overlay,True,True,True,False,99,10.784500002046116,0.000800006091594696,0.0012999953469261527,0.000100000761449337,10.786700004246086
No Overlay,True,True,True,False,100,10.700200000428595,0.000900006853044033,0.0011999945854768157,0.000100000761449337,10.702400002628565
No Overlay,True,True,True,False,101,10.329700002330355,0.0008999923011288047,0.0012999953469261527,0.000100000761449337,10.33199999073986
No Overlay,True,True,True,False,102,10.446500004036352,0.0014999968698248267,0.0012999953469261527,0.0,10.449299996253103
No Overlay,True,True,True,False,103,10.134500000276603,0.000900006853044033,0.001300009898841381,0.000300002284348011,10.137000019312836
No Overlay,True,True,True,False,104,11.681600008159876,0.0006999907782301307,0.0012999953469261527,0.000200001522898674,11.68379999580793
No Overlay,True,True,True,False,105,11.133599997265264,0.000800006091594696,0.0014999968698248267,0.000100000761449337,11.136000000988133
No Overlay,True,True,True,False,106,10.532999993301928,0.000900006853044033,0.001400010660290718,0.00029998773243278265,10.535599998547696
No Overlay,True,True,True,False,107,10.305000003427267,0.000700005330145359,0.001300009898841381,0.0,10.307000018656254
No Overlay,True,True,True,False,108,10.489699998288415,0.000800006091594696,0.001400010660290718,0.000100000761449337,10.49200001580175
No Overlay,True,True,True,False,109,10.174499999266118,0.00100000761449337,0.0015999976312741637,0.000100000761449337,10.177200005273335
No Overlay,True,True,True,False,110,9.974700005841441,0.000900006853044033,0.001100008375942707,0.000100000761449337,9.976800021831878
No Overlay,True,True,True,False,111,10.091499992995523,0.000900006853044033,0.0012999953469261527,0.000100000761449337,10.093799995956942
No Overlay,True,True,True,False,112,11.40550000127405,0.000800006091594696,0.0012999953469261527,0.000100000761449337,11.40770000347402
No Overlay,True,True,True,False,113,10.223999997833744,0.0021000014385208488,0.001300009898841381,0.000100000761449337,10.227500009932555
No Overlay,True,True,True,False,114,11.79720000072848,0.0018999999156221747,0.0011999945854768157,0.000200001522898674,11.800499996752478
No Overlay,True,True,True,False,115,10.746399988420308,0.0020000006770715117,0.0021999876480549574,0.000100000761449337,10.750699977506883
No Overlay,True,True,True,False,116,10.792900007800199,0.0025999906938523054,0.0017999991541728377,0.000400003045797348,10.797700000694022
No Overlay,True,True,True,False,117,10.83929999731481,0.0021000014385208488,0.0018999999156221747,0.000100000761449337,10.843399999430403
No Overlay,True,True,True,False,118,10.423999992781319,0.0022000021999701858,0.0012999953469261527,0.000100000761449337,10.427599991089664
No Overlay,True,True,True,False,119,10.750300003564917,0.0029999937396496534,0.0040000013541430235,0.000200001522898674,10.757500000181608
No Overlay,True,True,True,False,120,10.40379999903962,0.0018999999156221747,0.0016999983927235007,0.00019998697098344564,10.40759998431895
No Overlay,True,True,True,False,121,10.129799993592314,0.0021000014385208488,0.0016999983927235007,0.00019998697098344564,10.133799980394542
No Overlay,True,True,True,False,122,10.201900004176423,0.0018999999156221747,0.0035999983083456755,0.000100000761449337,10.20750000316184
No Overlay,True,True,True,False,123,9.781299988389947,0.0018999999156221747,0.001300009898841381,9.998620953410864e-05,9.784599984413944
No Overlay,True,True,True,False,124,9.66609999886714,0.0009999930625781417,0.0011999945854768157,0.000100000761449337,9.668399987276644
No Overlay,True,True,True,False,125,9.857600001851097,0.0023000029614195228,0.0012999953469261527,0.000100000761449337,9.861300000920892
No Overlay,True,True,True,False,126,9.8683000105666,0.00100000761449337,0.00100000761449337,9.998620953410864e-05,9.87040001200512
No Overlay,True,True,True,False,127,10.516199996345676,0.000800006091594696,0.001200009137392044,0.000100000761449337,10.518300012336113
No Overlay,True,True,True,False,128,10.346000010031275,0.000700005330145359,0.001100008375942707,0.000100000761449337,10.347900024498813
No Overlay,True,True,True,False,129,10.086499998578802,0.0010999938240274787,0.001500011421740055,0.000200001522898674,10.089300005347468
No Overlay,True,True,True,False,130,16.800299999886192,0.0006999907782301307,0.0009999930625781417,0.0,16.801999983727
No Overlay,True,True,True,False,131,10.473900008946657,0.0007999915396794677,0.0012999953469261527,0.000100000761449337,10.476099996594712
No Overlay,True,True,True,False,132,10.657699996954761,0.001300009898841381,0.001100008375942707,0.000100000761449337,10.660200015990995
No Overlay,True,True,True,False,133,10.49429998965934,0.0010999938240274787,0.0014999968698248267,0.000100000761449337,10.49699998111464
No Overlay,True,True,True,False,134,10.464999999385327,0.0018999999156221747,0.0012999953469261527,0.000100000761449337,10.468299995409325
No Overlay,True,True,True,False,135,10.787499995785765,0.0007999915396794677,0.0012999953469261527,0.000300002284348011,10.789899984956719
No Overlay,True,True,True,False,136,10.790899992571212,0.000800006091594696,0.0011999945854768157,0.000300002284348011,10.793199995532632
No Overlay,True,True,True,False,137,10.861799994017929,0.000800006091594696,0.00100000761449337,0.000100000761449337,10.863700008485466
No Overlay,True,True,True,False,138,10.744899991550483,0.0007999915396794677,0.0014999968698248267,0.000200001522898674,10.747399981482886
No Overlay,True,True,True,False,139,10.626500006765127,0.0010999938240274787,0.0011999945854768157,0.000300002284348011,10.62909999745898
No Overlay,True,True,True,False,140,10.794699992402457,0.0008999923011288047,0.0009999930625781417,0.000200001522898674,10.796799979289062
No Overlay,True,True,True,False,141,10.746200001449324,0.0006999907782301307,0.0010999938240274787,0.000100000761449337,10.748099986813031
No Overlay,True,True,True,False,142,10.777799994684756,0.0009999930625781417,0.001500011421740055,0.000100000761449337,10.780399999930523
No Overlay,True,True,True,False,143,10.754000002634712,0.0007999915396794677,0.0013999961083754897,0.000100000761449337,10.756299991044216
No Overlay,True,True,True,False,144,10.813600005349144,0.0011999945854768157,0.0015999976312741637,0.000100000761449337,10.816499998327345
No Overlay,True,True,True,False,145,11.573399999178946,0.000900006853044033,0.001200009137392044,0.000100000761449337,11.575600015930831
No Overlay,True,True,True,False,146,10.64819999737665,0.00100000761449337,0.0015999976312741637,0.000200001522898674,10.651000004145317
No Overlay,True,True,True,False,147,15.106599996215664,0.0007999915396794677,0.0016999983927235007,0.000100000761449337,15.109199986909516
No Overlay,True,True,True,False,148,14.306099998066202,0.0008999923011288047,0.0016999983927235007,0.000100000761449337,14.308799989521503
No Overlay,True,True,True,False,149,11.034700000891462,0.001400010660290718,0.0017999991541728377,0.000200001522898674,11.038100012228824
No Overlay,True,True,True,False,150,15.174400003161281,0.0013999961083754897,0.0018999999156221747,0.000300002284348011,15.178000001469627
No Overlay,True,True,True,False,151,12.101400003302842,0.001300009898841381,0.001400010660290718,0.000100000761449337,12.104200024623424
No Overlay,True,True,True,False,152,10.748500004410744,0.0018999999156221747,0.0031999952625483274,0.00029998773243278265,10.753899987321347
No Overlay,True,True,True,False,153,10.361599997850135,0.0020000006770715117,0.0014999968698248267,0.000200001522898674,10.36529999691993
No Overlay,True,True,True,False,154,12.50689999142196,0.0016999983927235007,0.0011999945854768157,0.000200001522898674,12.50999998592306
No Overlay,True,True,True,False,155,10.12300000002142,0.0020000006770715117,0.0022000021999701858,0.000200001522898674,10.12740000442136
No Overlay,True,True,True,False,156,14.349499993841164,0.0028999929782003164,0.0018999999156221747,0.000100000761449337,14.354399987496436
No Overlay,True,True,True,False,157,14.259200004744343,0.0022000021999701858,0.0018999999156221747,0.000100000761449337,14.263400007621385
No Overlay,True,True,True,False,158,14.242799996281974,0.0023000029614195228,0.0017999991541728377,0.000400003045797348,14.247300001443364
No Overlay,True,True,True,False,159,13.811100012389943,0.0022000021999701858,0.0014999968698248267,0.000100000761449337,13.814900012221187
No Overlay,True,True,True,False,160,13.702700001886114,0.0021000014385208488,0.0018999999156221747,0.000100000761449337,13.706800004001707
No Overlay,True,True,True,False,161,13.78850000037346,0.0024999899324029684,0.005900001269765198,0.000100000761449337,13.796999992337078
No Overlay,True,True,True,False,162,13.448700003209524,0.0023000029614195228,0.0017999991541728377,0.000100000761449337,13.452900006086566
No Overlay,True,True,True,False,163,13.685900004929863,0.0024000037228688598,0.0026999914553016424,0.000100000761449337,13.691100000869483
No Overlay,True,True,True,False,164,13.785800008918159,0.0007999915396794677,0.0012999953469261527,0.000100000761449337,13.787999996566214
No Overlay,True,True,True,False,165,9.525100002065301,0.000800006091594696,0.001300009898841381,0.000100000761449337,9.527300018817186
No Overlay,True,True,True,False,166,9.548899994115345,0.0006999907782301307,0.0011999945854768157,0.0,9.550799979479052
No Overlay,True,True,True,False,167,9.271700007957406,0.000700005330145359,0.001200009137392044,0.000100000761449337,9.273700023186393
No Overlay,True,True,True,False,168,9.16739999956917,0.0006999907782301307,0.0011999945854768157,0.000100000761449337,9.169399985694326
No Overlay,True,True,True,False,169,9.106199999223463,0.000700005330145359,0.00100000761449337,0.000100000761449337,9.108000012929551
No Overlay,True,True,True,False,170,9.427500001038425,0.000900006853044033,0.001300009898841381,0.000100000761449337,9.42980001855176
No Overlay,True,True,True,False,171,9.368699989863671,0.0007999915396794677,0.0010999938240274787,0.000200001522898674,9.370799976750277
No Overlay,True,True,True,False,172,9.669599996414036,0.0018999999156221747,0.001400010660290718,0.0,9.672900006989948
No Overlay,True,True,True,False,173,9.950099993147887,0.011399999493733048,0.0025999906938523054,0.000100000761449337,9.964199984096922
No Overlay,True,True,True,False,174,9.89560000016354,0.0017999991541728377,0.0015999976312741637,0.000100000761449337,9.899099997710437
No Overlay,True,True,True,False,175,15.094100002897903,0.003000008291564882,0.0027999922167509794,0.000100000761449337,15.100000004167669
No Overlay,True,True,True,False,176,12.59070000378415,0.002700006007216871,0.0022000021999701858,0.000100000761449337,12.595700012752786
No Overlay,True,True,True,False,177,15.488200006075203,0.0020000006770715117,0.0021000014385208488,0.000100000761449337,15.492400008952245
No Overlay,True,True,True,False,178,10.242800010018982,0.0018999999156221747,0.003200009814463556,0.00019998697098344564,10.248100006720051
No Overlay,True,True,True,False,179,10.2824000059627,0.0017999991541728377,0.0011999945854768157,0.000100000761449337,10.285500000463799
No Overlay,True,True,True,False,180,9.83779999660328,0.0021000014385208488,0.0012999953469261527,0.000100000761449337,9.841299994150177
No Overlay,True,True,True,False,181,9.93769998603966,0.0023000029614195228,0.0014999968698248267,0.000100000761449337,9.941599986632355
No Overlay,True,True,True,False,182,10.221999997156672,0.001100008375942707,0.0012999953469261527,0.000300002284348011,10.224700003163889
No Overlay,True,True,True,False,183,9.92600001336541,0.0007999915396794677,0.0012999953469261527,0.0,9.928100000252016
No Overlay,True,True,True,False,184,10.14460000442341,0.00100000761449337,0.0014999968698248267,0.000100000761449337,10.147200009669177
No Overlay,True,True,True,False,185,9.396699999342673,0.000700005330145359,0.001100008375942707,0.0,9.39850001304876
No Overlay,True,True,True,False,186,9.473899990553036,0.0009999930625781417,0.0015999976312741637,0.00019998697098344564,9.476699968217872
No Overlay,True,True,True,False,187,9.321100005763583,0.000700005330145359,0.000900006853044033,0.000100000761449337,9.322800018708222
No Overlay,True,True,True,False,188,9.1963000013493,0.000800006091594696,0.00100000761449337,0.000100000761449337,9.198200015816838
No Overlay,True,True,True,False,189,9.242600004654378,0.000800006091594696,0.00100000761449337,0.000100000761449337,9.244500019121915
No Overlay,True,True,True,False,190,9.982099989429116,0.000900006853044033,0.000900006853044033,0.0,9.983900003135204
No Overlay,True,True,True,False,191,10.139100006199442,0.000700005330145359,0.001100008375942707,0.000100000761449337,10.14100002066698
No Overlay,True,True,True,False,192,10.667000009561889,0.0007999915396794677,0.0013999961083754897,0.000300002284348011,10.669499999494292
No Overlay,True,True,True,False,193,11.238099992624484,0.000700005330145359,0.001100008375942707,0.000100000761449337,11.240000007092021
No Overlay,True,True,True,False,194,15.348799992352724,0.000800006091594696,0.001200009137392044,9.998620953410864e-05,15.350899993791245
No Overlay,True,True,True,False,195,10.179800010519102,0.0009999930625781417,0.0013999961083754897,0.000200001522898674,10.182400001212955
No Overlay,True,True,True,False,196,10.082099994178861,0.0006999907782301307,0.0014999968698248267,0.000100000761449337,10.084399982588366
No Overlay,True,True,True,False,197,10.361199994804338,0.0008999923011288047,0.0012999953469261527,0.000100000761449337,10.363499983213842
No Overlay,True,True,True,False,198,10.062500005005859,0.000800006091594696,0.0025000044843181968,0.000200001522898674,10.06600001710467
No Overlay,True,True,True,False,199,10.720400008722208,0.001300009898841381,0.0011999945854768157,0.000200001522898674,10.723100014729425
No Overlay,True,True,True,False,200,16.281999996863306,0.000800006091594696,0.001300009898841381,0.00029998773243278265,16.284400000586174
No Overlay,True,True,True,False,201,10.624800008372404,0.0007999915396794677,0.0026000052457675338,0.0,10.62820000515785
No Overlay,True,True,True,False,202,11.347999999998137,0.000700005330145359,0.001200009137392044,0.000100000761449337,11.350000015227124
No Overlay,True,True,True,False,203,11.058199990657158,0.001300009898841381,0.0016999983927235007,0.000200001522898674,11.061400000471622
No Overlay,True,True,True,False,204,11.074800000642426,0.0006999907782301307,0.0010999938240274787,0.000100000761449337,11.076699986006133
No Overlay,True,True,True,False,205,12.06330000422895,0.000700005330145359,0.0014999968698248267,0.000100000761449337,12.065600007190369
No Overlay,True,True,True,False,206,17.443000004277565,0.0011999945854768157,0.0022000021999701858,0.000100000761449337,17.44650000182446
No Overlay,True,True,True,False,207,17.307100002653897,0.0008999923011288047,0.0014999968698248267,0.000200001522898674,17.30969999334775
No Overlay,True,True,True,False,208,10.49580000108108,0.000800006091594696,0.001600012183189392,0.00019998697098344564,10.498400006326847
No Overlay,True,True,True,False,209,10.334899998269975,0.00100000761449337,0.0016999983927235007,0.000200001522898674,10.33780000580009
No Overlay,True,True,True,False,210,9.873000002698973,0.0013999961083754897,0.004099987563677132,0.000200001522898674,9.878699987893924
No Overlay,True,True,True,False,211,9.952099993824959,0.0006999907782301307,0.0012999953469261527,0.000100000761449337,9.954199980711564
No Overlay,True,True,True,False,212,9.67639998998493,0.000800006091594696,0.0012999953469261527,0.000100000761449337,9.6785999921849
No Overlay,True,True,True,False,213,9.475700004259124,0.000900006853044033,0.001200009137392044,0.000100000761449337,9.47790002101101
No Overlay,True,True,True,False,214,9.244799992302433,0.0008999923011288047,0.0011999945854768157,0.000200001522898674,9.247099980711937
No Overlay,True,True,True,False,215,9.792500000912696,0.0010999938240274787,0.0017999991541728377,0.000100000761449337,9.795499994652346
No Overlay,True,True,True,False,216,9.5763999997871,0.0007999915396794677,0.0014999968698248267,0.000100000761449337,9.578799988958053
No Overlay,True,True,True,False,217,9.696200009784661,0.000700005330145359,0.0014999968698248267,0.000300002284348011,9.69870001426898
No Overlay,True,True,True,False,218,9.958800001186319,0.0008999923011288047,0.0012999953469261527,0.000100000761449337,9.961099989595823
No Overlay,True,True,True,False,219,10.001300004660152,0.0018999999156221747,0.00100000761449337,0.000100000761449337,10.004300012951717
No Overlay,True,True,True,False,220,9.92979999864474,0.000700005330145359,0.0010999938240274787,0.000200001522898674,9.931799999321811
No Overlay,True,True,True,False,221,9.698199995909818,0.000900006853044033,0.001100008375942707,0.000100000761449337,9.700300011900254
No Overlay,True,True,True,False,222,9.52000000688713,0.0013999961083754897,0.0014999968698248267,0.000200001522898674,9.52310000138823
No Overlay,True,True,True,False,223,9.435200001462363,0.0014999968698248267,0.0011999945854768157,0.000100000761449337,9.437999993679114
No Overlay,True,True,True,False,224,9.590399989974685,0.0020000006770715117,0.001200009137392044,0.000100000761449337,9.593700000550598
No Overlay,True,True,True,False,225,9.965100005501881,0.0020000006770715117,0.0011999945854768157,0.000100000761449337,9.968400001525879
No Overlay,True,True,True,False,226,9.498899991740473,0.0030999945010989904,0.0017999991541728377,9.998620953410864e-05,9.503899971605279
No Overlay,True,True,True,False,227,9.810800009290688,0.0017999991541728377,0.0015999976312741637,9.998620953410864e-05,9.814299992285669
No Overlay,True,True,True,False,228,9.220899999490939,0.0032999960239976645,0.0012999953469261527,0.000100000761449337,9.225599991623312
No Overlay,True,True,True,False,229,9.511000011116266,0.0021000014385208488,0.0021000014385208488,0.0,9.515200013993308
No Overlay,True,True,True,False,230,9.935699999914505,0.0018999999156221747,0.0015999976312741637,0.000100000761449337,9.93929999822285
No Overlay,True,True,True,False,231,9.790199997951277,0.002900007530115545,0.0020000006770715117,0.000300002284348011,9.795400008442812
No Overlay,True,True,True,False,232,9.940299991285428,0.0024999899324029684,0.0042000028770416975,0.000100000761449337,9.947099984856322
No Overlay,True,True,True,False,233,11.122099997010082,0.0025999906938523054,0.0023999891709536314,0.000100000761449337,11.127199977636337
No Overlay,True,True,True,False,234,12.484400009270757,0.0007999915396794677,0.0012999953469261527,0.000100000761449337,12.486599996918812
No Overlay,True,True,True,False,235,13.137899994035251,0.0007999915396794677,0.0014999968698248267,0.000100000761449337,13.140299983206205
No Overlay,True,True,True,False,236,17.2275999939302,0.001100008375942707,0.0020000006770715117,0.000100000761449337,17.230800003744662
No Overlay,True,True,True,False,237,16.908999998122454,0.000800006091594696,0.001300009898841381,9.998620953410864e-05,16.911200000322424
No Overlay,True,True,True,False,238,13.248000002931803,0.000800006091594696,0.0011999945854768157,0.000200001522898674,13.250200005131774
No Overlay,True,True,True,False,239,16.27240001107566,0.000800006091594696,0.001300009898841381,0.000100000761449337,16.274600027827546
No Overlay,True,True,True,False,240,12.822899996535853,0.001300009898841381,0.0016999983927235007,0.000100000761449337,12.826000005588867
No Overlay,True,True,True,False,241,14.644700000644661,0.000800006091594696,0.001400010660290718,0.000100000761449337,14.647000018157996
No Overlay,True,True,True,False,242,10.78840000263881,0.000900006853044033,0.001200009137392044,0.0,10.790500018629245
No Overlay,True,True,True,False,243,10.361399996327236,0.000800006091594696,0.001100008375942707,0.000100000761449337,10.363400011556223
No Overlay,True,True,True,False,244,9.960199997294694,0.0009999930625781417,0.0009999930625781417,0.000100000761449337,9.9622999841813
No Overlay,True,True,True,False,245,10.314499988453463,0.0021999876480549574,0.0014999968698248267,0.0008999923011288047,10.319099965272471
No Overlay,True,True,True,False,246,10.182400001212955,0.000800006091594696,0.001200009137392044,0.000100000761449337,10.18450001720339
No Overlay,True,True,True,False,247,10.287199998856522,0.0007999915396794677,0.0011999945854768157,0.000200001522898674,10.289399986504577
No Overlay,True,True,True,False,248,10.142599989194423,0.0010999938240274787,0.001100008375942707,0.000100000761449337,10.144899992155842
No Overlay,True,True,True,False,249,10.033700003987178,0.000900006853044033,0.0013999961083754897,0.000100000761449337,10.036100007710047
No Overlay,True,True,True,False,250,10.692399999243207,0.000900006853044033,0.0030999945010989904,0.000100000761449337,10.6965000013588
No Overlay,True,True,True,False,251,10.923000008915551,0.0009999930625781417,0.0015999976312741637,0.000200001522898674,10.925800001132302
No Overlay,True,True,True,False,252,10.594799998216331,0.001300009898841381,0.0016999983927235007,0.000100000761449337,10.597900007269345
No Overlay,True,True,True,False,253,10.80319999891799,0.000700005330145359,0.001800013706088066,0.000100000761449337,10.805800018715672
No Overlay,True,True,True,False,254,10.293700004694983,0.0009999930625781417,0.0017999991541728377,0.0004999892553314567,10.296999986167066
No Overlay,True,True,True,False,255,10.629199998220429,0.0009999930625781417,0.0013999961083754897,0.000100000761449337,10.631699988152832
No Overlay,True,True,True,False,256,16.253499998128973,0.0013999961083754897,0.0015999976312741637,0.000200001522898674,16.25669999339152
No Overlay,True,True,True,False,257,17.913000003318302,0.000800006091594696,0.0012999953469261527,0.000100000761449337,17.915200005518273
No Overlay,True,True,True,False,258,16.78649999666959,0.0013999961083754897,0.0020000006770715117,0.000200001522898674,16.790099994977936
No Overlay,True,True,True,False,259,15.350200003013015,0.0007999915396794677,0.001200009137392044,0.000200001522898674,15.352400005212985
No Overlay,True,True,True,False,260,10.575499996775761,0.000800006091594696,0.0022000021999701858,0.000100000761449337,10.578600005828775
No Overlay,True,True,True,False,261,10.661499996786006,0.0008999923011288047,0.0013999961083754897,0.000100000761449337,10.66389998595696
No Overlay,True,True,True,False,262,10.791100008646026,0.0007999915396794677,0.0017999991541728377,9.998620953410864e-05,10.793799985549413
No Overlay,True,True,True,False,263,13.586400003987364,0.000800006091594696,0.001400010660290718,0.000100000761449337,13.5887000215007
No Overlay,True,True,True,False,264,12.573100000736304,0.0007999915396794677,0.0012999953469261527,0.000300002284348011,12.575499989907257
No Overlay,True,True,True,False,265,12.513399997260422,0.000800006091594696,0.0013999961083754897,0.000200001522898674,12.51580000098329
No Overlay,True,True,True,False,266,11.875999989570118,0.0007999915396794677,0.0012999953469261527,0.000100000761449337,11.878199977218173
No Overlay,True,True,True,False,267,12.654799997108057,0.00100000761449337,0.0018999999156221747,0.000200001522898674,12.657900006161071
No Overlay,True,True,True,False,268,11.399299997719936,0.000800006091594696,0.001100008375942707,0.000100000761449337,11.401300012948923
No Overlay,True,True,True,False,269,11.20749999245163,0.00100000761449337,0.0013999961083754897,0.000100000761449337,11.209999996935949
No Overlay,True,True,True,False,270,14.75449999270495,0.0011999945854768157,0.0017999991541728377,0.000200001522898674,14.757699987967499
No Overlay,True,True,True,False,271,16.867300000740215,0.000800006091594696,0.001300009898841381,0.000200001522898674,16.86960001825355
No Overlay,True,True,True,False,272,17.068000001017936,0.0024000037228688598,0.0017999991541728377,0.000200001522898674,17.072400005417876
No Overlay,True,True,True,False,273,16.218699995079078,0.003100009053014219,0.0022000021999701858,0.000300002284348011,16.22430000861641
No Overlay,True,True,True,False,274,12.048099990352057,0.0022000021999701858,0.0022999884095042944,0.000100000761449337,12.05269998172298
No Overlay,True,True,True,False,275,11.616000003414229,0.0021999876480549574,0.0020000006770715117,0.000200001522898674,11.620399993262254
No Overlay,True,True,True,False,276,11.557799996808171,0.00340001133736223,0.0017999991541728377,0.000200001522898674,11.563200008822605
No Overlay,True,True,True,False,277,11.366600010660477,0.0024000037228688598,0.0016999983927235007,0.000100000761449337,11.370800013537519
No Overlay,True,True,True,False,278,16.95099999778904,0.0023999891709536314,0.0034999975468963385,0.000200001522898674,16.95709998602979
No Overlay,True,True,True,False,279,11.356699993484654,0.0018999999156221747,0.001200009137392044,0.000100000761449337,11.359900003299117
No Overlay,True,True,True,False,280,11.257399994065054,0.0008999923011288047,0.0013999961083754897,0.000200001522898674,11.259899983997457
No Overlay,True,True,True,False,281,11.188099990249611,0.0027999922167509794,0.0024000037228688598,0.000100000761449337,11.19339998695068
No Overlay,True,True,True,False,282,16.64090000849683,0.0029999937396496534,0.0024000037228688598,0.000300002284348011,16.646600008243695
No Overlay,True,True,True,False,283,11.834600009024143,0.0022999884095042944,0.0018999999156221747,0.00019998697098344564,11.838999984320253
No Overlay,True,True,True,False,284,11.275600001681596,0.0023000029614195228,0.0040000013541430235,0.000100000761449337,11.282000006758608
No Overlay,True,True,True,False,285,11.456099993665703,0.0007999915396794677,0.0013999961083754897,0.000200001522898674,11.458499982836656
No Overlay,True,True,True,False,286,11.009299996658228,0.0021000014385208488,0.0014999968698248267,0.000100000761449337,11.012999995728023
No Overlay,True,True,True,False,287,12.136300007114187,0.0021000014385208488,0.0021000014385208488,0.000100000761449337,12.140600010752678
No Overlay,True,True,True,False,288,10.844600008567795,0.0020000006770715117,0.0014999968698248267,0.000100000761449337,10.84820000687614
No Overlay,True,True,True,False,289,10.583499999484047,0.0018999999156221747,0.0016999983927235007,0.000100000761449337,10.587199998553842
No Overlay,True,True,True,False,290,10.42089999828022,0.0020000006770715117,0.0016999983927235007,0.000100000761449337,10.424699998111464
No Overlay,True,True,True,False,291,10.72240000939928,0.0020000006770715117,0.0014999968698248267,0.000100000761449337,10.726000007707626
No Overlay,True,True,True,False,292,10.799699986819178,0.0020000006770715117,0.0014999968698248267,0.000200001522898674,10.803399985888973
No Overlay,True,True,True,False,293,10.75279999349732,0.0009999930625781417,0.0035999983083456755,0.000100000761449337,10.757499985629693
No Overlay,True,True,True,False,294,10.665499998140149,0.0007999915396794677,0.0012999953469261527,0.000100000761449337,10.667699985788204
No Overlay,True,True,True,False,295,10.72530000237748,0.0021000014385208488,0.0018999999156221747,0.000100000761449337,10.729400004493073
No Overlay,True,True,True,False,296,15.15599999402184,0.0026000052457675338,0.0021999876480549574,0.000200001522898674,15.160999988438562
No Overlay,True,True,True,False,297,10.944499998004176,0.0020000006770715117,0.0015999976312741637,0.000100000761449337,10.94819999707397
No Overlay,True,True,True,False,298,10.555999993812293,0.0022000021999701858,0.0046000059228390455,0.000100000761449337,10.562900002696551
No Overlay,True,True,True,False,299,10.654300000169314,0.0024000037228688598,0.002700006007216871,0.000100000761449337,10.65950001066085
YOLO Only,True,False,False,False,0,11.23070000903681,0.000200001522898674,0.000200001522898674,0.000100000761449337,11.231200012844056
YOLO Only,True,False,False,False,1,11.059800002840348,0.000200001522898674,0.000200001522898674,0.0,11.060200005886145
YOLO Only,True,False,False,False,2,10.83120000839699,0.000200001522898674,0.000100000761449337,0.000100000761449337,10.831600011442788
YOLO Only,True,False,False,False,3,10.966300003929064,0.000300002284348011,0.000100000761449337,0.000100000761449337,10.96680000773631
YOLO Only,True,False,False,False,4,10.746500003733672,0.00019998697098344564,0.000100000761449337,0.000100000761449337,10.746899992227554
YOLO Only,True,False,False,False,5,10.845699987839907,0.00019998697098344564,0.000200001522898674,0.0,10.84609997633379
YOLO Only,True,False,False,False,6,10.753100010333583,0.000200001522898674,0.00019998697098344564,0.0,10.753499998827465
YOLO Only,True,False,False,False,7,10.748000000603497,0.000300002284348011,0.000100000761449337,0.000100000761449337,10.748500004410744
YOLO Only,True,False,False,False,8,10.64320000295993,0.000200001522898674,0.000100000761449337,0.000100000761449337,10.643600006005727
YOLO Only,True,False,False,False,9,10.67709999915678,0.000200001522898674,0.000100000761449337,0.000100000761449337,10.677500002202578
YOLO Only,True,False,False,False,10,10.840400005690753,0.000200001522898674,0.000100000761449337,0.000100000761449337,10.84080000873655
YOLO Only,True,False,False,False,11,11.205199989490211,0.00019998697098344564,0.000200001522898674,0.0,11.205599977984093
YOLO Only,True,False,False,False,12,10.817399990628473,0.00029998773243278265,0.000100000761449337,0.000100000761449337,10.817899979883805
YOLO Only,True,False,False,False,13,10.864800002309494,0.000300002284348011,0.000100000761449337,0.000100000761449337,10.86530000611674
YOLO Only,True,False,False,False,14,10.659399995347485,0.000200001522898674,0.000200001522898674,0.0,10.659799998393282
YOLO Only,True,False,False,False,15,10.42460001190193,0.000200001522898674,0.000200001522898674,0.0,10.425000014947727
YOLO Only,True,False,False,False,16,10.26310000452213,0.000200001522898674,0.000200001522898674,0.000100000761449337,10.263600008329377
YOLO Only,True,False,False,False,17,10.43200001004152,0.000200001522898674,0.000100000761449337,0.000100000761449337,10.432400013087317
YOLO Only,True,False,False,False,18,10.75719999789726,0.000200001522898674,0.000100000761449337,0.000100000761449337,10.757600000943057
YOLO Only,True,False,False,False,19,10.57940001192037,0.00019998697098344564,0.000100000761449337,0.000100000761449337,10.579800000414252
YOLO Only,True,False,False,False,20,10.600500012515113,0.000200001522898674,0.000200001522898674,0.0,10.60090001556091
YOLO Only,True,False,False,False,21,10.568000012426637,0.000200001522898674,0.000100000761449337,0.000100000761449337,10.568400015472434
YOLO Only,True,False,False,False,22,10.6200999871362,0.000200001522898674,0.000200001522898674,9.998620953410864e-05,10.620599976391532
YOLO Only,True,False,False,False,23,10.727200002293102,0.000500003807246685,0.000100000761449337,0.000100000761449337,10.727900007623248
YOLO Only,True,False,False,False,24,10.752299989690073,0.000300002284348011,0.000200001522898674,0.0,10.75279999349732
YOLO Only,True,False,False,False,25,10.786499988171272,0.000200001522898674,0.000100000761449337,0.000100000761449337,10.78689999121707
YOLO Only,True,False,False,False,26,11.166900003445335,0.000200001522898674,0.000200001522898674,0.000100000761449337,11.167400007252581
YOLO Only,True,False,False,False,27,10.744100000010803,0.000200001522898674,0.000100000761449337,0.0,10.744400002295151
YOLO Only,True,False,False,False,28,10.62600000295788,0.000200001522898674,0.000200001522898674,0.0,10.626400006003678
YOLO Only,True,False,False,False,29,10.763600002974272,0.000200001522898674,0.000100000761449337,0.0,10.76390000525862
YOLO Only,True,False,False,False,30,10.865199990803376,0.000200001522898674,0.000900006853044033,0.000100000761449337,10.866399999940768
YOLO Only,True,False,False,False,31,10.83499999367632,0.000200001522898674,0.000200001522898674,0.0,10.835399996722117
YOLO Only,True,False,False,False,32,10.850999999092892,0.000200001522898674,0.000200001522898674,0.000100000761449337,10.851500002900138
YOLO Only,True,False,False,False,33,11.09879999421537,0.000300002284348011,0.000100000761449337,0.000100000761449337,11.099299998022616
YOLO Only,True,False,False,False,34,10.804999998072162,0.000200001522898674,0.000200001522898674,0.000100000761449337,10.805500001879409
YOLO Only,True,False,False,False,35,11.047899999539368,0.000200001522898674,0.000100000761449337,0.000100000761449337,11.048300002585165
YOLO Only,True,False,False,False,36,10.917999999946915,0.000200001522898674,0.000200001522898674,0.000100000761449337,10.918500003754161
YOLO Only,True,False,False,False,37,11.103400000138208,0.000200001522898674,0.000100000761449337,0.000100000761449337,11.103800003184006
YOLO Only,True,False,False,False,38,10.834699991391972,0.000200001522898674,0.000100000761449337,0.000100000761449337,10.835099994437769
YOLO Only,True,False,False,False,39,10.748699991381727,0.00019998697098344564,0.000100000761449337,0.000100000761449337,10.74909997987561
YOLO Only,True,False,False,False,40,10.71129999763798,0.000200001522898674,0.000200001522898674,0.000100000761449337,10.711800001445226
YOLO Only,True,False,False,False,41,10.85290001356043,0.000200001522898674,0.000200001522898674,0.000100000761449337,10.853400017367676
YOLO Only,True,False,False,False,42,10.700000013457611,0.000200001522898674,0.000200001522898674,0.0,10.700400016503409
YOLO Only,True,False,False,False,43,12.326099997153506,0.000200001522898674,0.000200001522898674,0.0,12.326500000199303
YOLO Only,True,False,False,False,44,13.791999997920357,0.000200001522898674,0.000100000761449337,0.000100000761449337,13.792400000966154
YOLO Only,True,False,False,False,45,11.261999999987893,0.000200001522898674,0.000200001522898674,0.000100000761449337,11.26250000379514
YOLO Only,True,False,False,False,46,10.921900000539608,0.000300002284348011,0.000200001522898674,0.0,10.922400004346855
YOLO Only,True,False,False,False,47,11.383900011423975,0.000300002284348011,0.000200001522898674,0.000100000761449337,11.384500015992671
YOLO Only,True,False,False,False,48,10.908799988101237,0.000200001522898674,0.000100000761449337,0.000100000761449337,10.909199991147034
YOLO Only,True,False,False,False,49,10.82250000035856,0.000200001522898674,0.000100000761449337,0.0,10.822800002642907
YOLO Only,True,False,False,False,50,11.859099991852418,0.000200001522898674,0.000200001522898674,0.000100000761449337,11.859599995659664
YOLO Only,True,False,False,False,51,18.174799988628365,0.000300002284348011,0.000200001522898674,0.000100000761449337,18.17539999319706
YOLO Only,True,False,False,False,52,10.829499995452352,0.00029998773243278265,0.000100000761449337,0.000100000761449337,10.829999984707683
YOLO Only,True,False,False,False,53,10.743999999249354,0.000200001522898674,0.000100000761449337,0.000100000761449337,10.744400002295151
YOLO Only,True,False,False,False,54,10.839700000360608,0.000300002284348011,0.000200001522898674,0.000100000761449337,10.840300004929304
YOLO Only,True,False,False,False,55,10.615699997288175,0.000200001522898674,0.00019998697098344564,0.000100000761449337,10.616199986543506
YOLO Only,True,False,False,False,56,10.553599990089424,0.000200001522898674,9.998620953410864e-05,0.000100000761449337,10.553999978583306
YOLO Only,True,False,False,False,57,10.247500002151355,0.000200001522898674,0.000100000761449337,0.000100000761449337,10.247900005197152
YOLO Only,True,False,False,False,58,10.433000003104098,0.000200001522898674,0.000200001522898674,0.0,10.433400006149895
YOLO Only,True,False,False,False,59,10.495900001842529,0.000200001522898674,0.000200001522898674,0.0,10.496300004888326
YOLO Only,True,False,False,False,60,10.443899998790585,0.000200001522898674,0.000200001522898674,0.000100000761449337,10.444400002597831
YOLO Only,True,False,False,False,61,10.543299998971634,0.000200001522898674,0.000200001522898674,0.000100000761449337,10.54380000277888
YOLO Only,True,False,False,False,62,11.160499998368323,0.00019998697098344564,0.000100000761449337,0.000100000761449337,11.160899986862205
YOLO Only,True,False,False,False,63,10.607999996864237,0.00019998697098344564,0.000100000761449337,0.000100000761449337,10.608399985358119
YOLO Only,True,False,False,False,64,10.614400001941249,0.000300002284348011,0.000200001522898674,0.0,10.614900005748495
YOLO Only,True,False,False,False,65,10.420399994472973,0.000200001522898674,0.000200001522898674,0.0,10.42079999751877
YOLO Only,True,False,False,False,66,10.267400008160621,0.000200001522898674,0.000200001522898674,0.000100000761449337,10.267900011967868
YOLO Only,True,False,False,False,67,10.412999996333383,0.000200001522898674,0.00019998697098344564,0.0,10.413399984827265
YOLO Only,True,False,False,False,68,10.457399999722838,0.000200001522898674,0.000100000761449337,0.000100000761449337,10.457800002768636
YOLO Only,True,False,False,False,69,10.722799997893162,0.000100000761449337,0.000100000761449337,0.000100000761449337,10.72310000017751
YOLO Only,True,False,False,False,70,10.729699992225505,0.000200001522898674,0.000100000761449337,0.000100000761449337,10.730099995271303
YOLO Only,True,False,False,False,71,10.631800003466196,0.000200001522898674,0.000100000761449337,0.000100000761449337,10.632200006511994
YOLO Only,True,False,False,False,72,10.504099991521798,0.000200001522898674,0.000200001522898674,0.0,10.504499994567595
YOLO Only,True,False,False,False,73,10.529500010306947,0.00019998697098344564,0.000200001522898674,0.000100000761449337,10.529999999562278
YOLO Only,True,False,False,False,74,13.059999997494742,0.000200001522898674,0.000100000761449337,0.000100000761449337,13.06040000054054
YOLO Only,True,False,False,False,75,10.6965000013588,0.000100000761449337,0.000200001522898674,0.0,10.696800003643148
YOLO Only,True,False,False,False,76,10.60229999711737,0.000100000761449337,0.000200001522898674,0.0,10.602599999401718
YOLO Only,True,False,False,False,77,10.745000006863847,0.000200001522898674,0.000200001522898674,0.000100000761449337,10.745500010671094
YOLO Only,True,False,False,False,78,10.522200012928806,0.000200001522898674,0.000200001522898674,0.0,10.522600015974604
YOLO Only,True,False,False,False,79,10.538999995333143,0.00029998773243278265,0.000100000761449337,0.000100000761449337,10.539499984588474
YOLO Only,True,False,False,False,80,10.490700005902909,0.000300002284348011,0.000100000761449337,0.000100000761449337,10.491200009710155
YOLO Only,True,False,False,False,81,10.644499998306856,0.000100000761449337,0.000200001522898674,0.000100000761449337,10.644900001352653
YOLO Only,True,False,False,False,82,10.578800007351674,0.00019998697098344564,0.000200001522898674,0.000100000761449337,10.579299996607006
YOLO Only,True,False,False,False,83,10.72389999171719,0.000200001522898674,0.000200001522898674,0.0,10.724299994762987
YOLO Only,True,False,False,False,84,10.921499997493811,0.000200001522898674,0.000200001522898674,0.0,10.921900000539608
YOLO Only,True,False,False,False,85,10.687199988751672,0.000200001522898674,0.000200001522898674,0.0,10.68759999179747
YOLO Only,True,False,False,False,86,10.588099990854971,0.014200006262399256,0.000100000761449337,0.000100000761449337,10.602499998640269
YOLO Only,True,False,False,False,87,10.653200006345287,0.000200001522898674,0.000100000761449337,0.000100000761449337,10.653600009391084
YOLO Only,True,False,False,False,88,10.531699997955002,0.00029998773243278265,0.000200001522898674,0.000100000761449337,10.532299987971783
YOLO Only,True,False,False,False,89,10.53939999837894,0.000300002284348011,0.000100000761449337,0.000100000761449337,10.539900002186187
YOLO Only,True,False,False,False,90,10.614600003464147,0.000200001522898674,0.000200001522898674,0.000100000761449337,10.615100007271394
YOLO Only,True,False,False,False,91,10.566900004050694,0.000100000761449337,0.000200001522898674,0.000100000761449337,10.567300007096492
YOLO Only,True,False,False,False,92,10.786800005007535,0.000200001522898674,0.000100000761449337,0.000100000761449337,10.787200008053333
YOLO Only,True,False,False,False,93,10.616700004902668,0.000200001522898674,0.000100000761449337,0.000100000761449337,10.617100007948466
YOLO Only,True,False,False,False,94,10.499700001673773,0.000200001522898674,0.000100000761449337,0.000100000761449337,10.50010000471957
YOLO Only,True,False,False,False,95,10.51059999736026,0.000200001522898674,0.000200001522898674,0.000100000761449337,10.511100001167506
YOLO Only,True,False,False,False,96,10.57800000126008,0.00019998697098344564,0.000100000761449337,0.000100000761449337,10.578399989753962
YOLO Only,True,False,False,False,97,10.513200002606027,0.000200001522898674,0.000100000761449337,0.000100000761449337,10.513600005651824
YOLO Only,True,False,False,False,98,10.50819999363739,0.000200001522898674,0.000100000761449337,0.000100000761449337,10.508599996683188
YOLO Only,True,False,False,False,99,10.731699992902577,0.000300002284348011,0.000100000761449337,0.000100000761449337,10.732199996709824
YOLO Only,True,False,False,False,100,17.917299992404878,0.000200001522898674,0.000200001522898674,0.000100000761449337,17.917799996212125
YOLO Only,True,False,False,False,101,10.985599990817718,0.000200001522898674,0.000100000761449337,0.000100000761449337,10.985999993863516
YOLO Only,True,False,False,False,102,10.730299996794201,0.000200001522898674,0.000200001522898674,0.0,10.730699999839999
YOLO Only,True,False,False,False,103,10.580000001937151,0.000200001522898674,0.000100000761449337,0.000100000761449337,10.580400004982948
YOLO Only,True,False,False,False,104,10.726300009991974,0.000200001522898674,0.00019998697098344564,0.000100000761449337,10.726799999247305
YOLO Only,True,False,False,False,105,11.081999997259118,0.000200001522898674,0.000100000761449337,0.0,11.082299999543466
YOLO Only,True,False,False,False,106,11.295399992377497,0.000200001522898674,0.000100000761449337,9.998620953410864e-05,11.29579998087138
YOLO Only,True,False,False,False,107,10.630299992044456,0.00019998697098344564,0.000100000761449337,0.000100000761449337,10.630699980538338
YOLO Only,True,False,False,False,108,10.613300008117221,0.000200001522898674,0.000100000761449337,0.000100000761449337,10.613700011163019
YOLO Only,True,False,False,False,109,17.31169999402482,0.000200001522898674,0.000100000761449337,0.000100000761449337,17.312099997070618
YOLO Only,True,False,False,False,110,10.700500002712943,0.000200001522898674,0.000100000761449337,0.000100000761449337,10.70090000575874
YOLO Only,True,False,False,False,111,10.598799999570474,0.000200001522898674,0.000100000761449337,0.000100000761449337,10.599200002616271
YOLO Only,True,False,False,False,112,10.66299999365583,0.00029998773243278265,0.000200001522898674,0.000100000761449337,10.663599983672611
YOLO Only,True,False,False,False,113,10.885900002904236,0.000200001522898674,0.000100000761449337,0.000100000761449337,10.886300005950034
YOLO Only,True,False,False,False,114,10.588900011498481,0.000200001522898674,0.00019998697098344564,0.0,10.589299999992363
YOLO Only,True,False,False,False,115,10.607099990011193,0.000200001522898674,0.000100000761449337,9.998620953410864e-05,10.607499978505075
YOLO Only,True,False,False,False,116,10.469900007592514,0.00019998697098344564,0.000200001522898674,0.0,10.470299996086396
YOLO Only,True,False,False,False,117,10.755499999504536,0.000200001522898674,0.000200001522898674,0.000100000761449337,10.756000003311783
YOLO Only,True,False,False,False,118,10.609199991449714,0.000200001522898674,0.000100000761449337,0.000100000761449337,10.609599994495511
YOLO Only,True,False,False,False,119,10.719899990363047,0.000300002284348011,0.000100000761449337,0.000100000761449337,10.720399994170293
YOLO Only,True,False,False,False,120,10.571100006927736,0.000300002284348011,0.000200001522898674,0.0,10.571600010734983
YOLO Only,True,False,False,False,121,10.659100007615052,0.000200001522898674,0.000100000761449337,0.0,10.6594000098994
YOLO Only,True,False,False,False,122,10.567100005573593,0.000200001522898674,0.000100000761449337,0.000100000761449337,10.56750000861939
YOLO Only,True,False,False,False,123,10.651699994923547,0.000200001522898674,0.000100000761449337,0.000100000761449337,10.652099997969344
YOLO Only,True,False,False,False,124,10.508399995160289,0.000200001522898674,0.000200001522898674,0.000100000761449337,10.508899998967536
YOLO Only,True,False,False,False,125,10.589299999992363,0.000200001522898674,0.000200001522898674,0.0,10.58970000303816
YOLO Only,True,False,False,False,126,10.560499998973683,0.000300002284348011,0.000100000761449337,0.000100000761449337,10.56100000278093
YOLO Only,True,False,False,False,127,10.531500010984018,0.000200001522898674,0.000100000761449337,0.000100000761449337,10.531900014029816
YOLO Only,True,False,False,False,128,10.7245000108378,0.000200001522898674,0.00019998697098344564,0.000100000761449337,10.725000000093132
YOLO Only,True,False,False,False,129,10.56599999719765,0.000200001522898674,0.000100000761449337,0.000100000761449337,10.566400000243448
YOLO Only,True,False,False,False,130,10.543399999733083,0.00029998773243278265,0.000200001522898674,0.000100000761449337,10.543999989749864
YOLO Only,True,False,False,False,131,10.732599999755621,0.000200001522898674,0.000100000761449337,0.000100000761449337,10.733000002801418
YOLO Only,True,False,False,False,132,10.501500000827946,0.00029998773243278265,0.000200001522898674,0.000100000761449337,10.502099990844727
YOLO Only,True,False,False,False,133,10.542199990595691,0.000200001522898674,0.000200001522898674,0.000100000761449337,10.542699994402938
YOLO Only,True,False,False,False,134,10.76229999307543,0.000200001522898674,0.000100000761449337,0.000100000761449337,10.762699996121228
YOLO Only,True,False,False,False,135,10.719300000346266,0.000200001522898674,0.00019998697098344564,0.000100000761449337,10.719799989601597
YOLO Only,True,False,False,False,136,10.598499997286126,0.00029998773243278265,0.000600004568696022,0.000100000761449337,10.599499990348704
YOLO Only,True,False,False,False,137,10.782700002891943,0.000200001522898674,0.000100000761449337,0.000100000761449337,10.78310000593774
YOLO Only,True,False,False,False,138,17.365499996230938,0.000200001522898674,0.000100000761449337,0.0,17.365799998515286
YOLO Only,True,False,False,False,139,10.849600002984516,0.00029998773243278265,0.000200001522898674,0.000100000761449337,10.850199993001297
YOLO Only,True,False,False,False,140,10.705099994083866,0.000200001522898674,0.000200001522898674,9.998620953410864e-05,10.705599983339198
YOLO Only,True,False,False,False,141,10.67930000135675,0.000200001522898674,0.000100000761449337,0.000100000761449337,10.679700004402548
YOLO Only,True,False,False,False,142,10.538000002270564,0.000200001522898674,0.000100000761449337,9.998620953410864e-05,10.538399990764447
YOLO Only,True,False,False,False,143,10.58519999787677,0.000300002284348011,0.000200001522898674,0.000100000761449337,10.585800002445467
YOLO Only,True,False,False,False,144,10.634599995682947,0.000200001522898674,9.998620953410864e-05,0.000100000761449337,10.63499998417683
YOLO Only,True,False,False,False,145,10.581599999568425,0.000200001522898674,0.000100000761449337,0.000100000761449337,10.582000002614222
YOLO Only,True,False,False,False,146,10.612400001264177,0.000200001522898674,0.00019998697098344564,0.000100000761449337,10.612899990519509
YOLO Only,True,False,False,False,147,10.686599998734891,0.000200001522898674,0.000100000761449337,0.000100000761449337,10.687000001780689
YOLO Only,True,False,False,False,148,10.640400010743178,0.000300002284348011,0.000200001522898674,0.000100000761449337,10.641000015311874
YOLO Only,True,False,False,False,149,10.555500004556961,0.000300002284348011,0.000200001522898674,0.0,10.556000008364208
YOLO Only,True,False,False,False,150,10.763600002974272,0.0004999892553314567,0.000200001522898674,0.000100000761449337,10.764399994513951
YOLO Only,True,False,False,False,151,10.887299999012612,0.000200001522898674,0.000100000761449337,0.000100000761449337,10.88770000205841
YOLO Only,True,False,False,False,152,10.701399995014071,0.000200001522898674,0.00019998697098344564,0.000100000761449337,10.701899984269403
YOLO Only,True,False,False,False,153,10.49050000438001,0.000200001522898674,0.000200001522898674,0.0,10.490900007425807
YOLO Only,True,False,False,False,154,10.281900002155453,0.000200001522898674,0.000100000761449337,0.000100000761449337,10.28230000520125
YOLO Only,True,False,False,False,155,10.028499993495643,0.000200001522898674,0.000200001522898674,0.000100000761449337,10.02899999730289
YOLO Only,True,False,False,False,156,10.087000002386048,0.000200001522898674,0.000100000761449337,0.000100000761449337,10.087400005431846
YOLO Only,True,False,False,False,157,10.11350000044331,0.000200001522898674,0.000200001522898674,0.000100000761449337,10.114000004250556
YOLO Only,True,False,False,False,158,10.171699992497452,0.000200001522898674,0.000400003045797348,0.000100000761449337,10.172399997827597
YOLO Only,True,False,False,False,159,10.11329999892041,0.00019998697098344564,0.000100000761449337,0.000100000761449337,10.113699987414293
YOLO Only,True,False,False,False,160,10.162500009755604,0.000300002284348011,0.000100000761449337,0.000100000761449337,10.16300001356285
YOLO Only,True,False,False,False,161,10.073199999169447,0.000100000761449337,0.000100000761449337,0.000100000761449337,10.073500001453795
YOLO Only,True,False,False,False,162,10.087000002386048,0.000300002284348011,0.000100000761449337,0.000100000761449337,10.087500006193295
YOLO Only,True,False,False,False,163,9.977199995773844,0.000200001522898674,0.000200001522898674,0.000100000761449337,9.977699999581091
YOLO Only,True,False,False,False,164,10.307899996405467,0.000300002284348011,0.000100000761449337,0.000100000761449337,10.308400000212714
YOLO Only,True,False,False,False,165,14.571699997759424,0.000300002284348011,0.000200001522898674,9.998620953410864e-05,14.572299987776205
YOLO Only,True,False,False,False,166,17.389700005878694,0.000300002284348011,0.00019998697098344564,0.000100000761449337,17.390299995895475
YOLO Only,True,False,False,False,167,13.881999999284744,0.000200001522898674,0.000100000761449337,0.000100000761449337,13.882400002330542
YOLO Only,True,False,False,False,168,13.845300010871142,0.00019998697098344564,0.000100000761449337,0.000100000761449337,13.845699999365024
YOLO Only,True,False,False,False,169,13.811400000122376,0.000300002284348011,0.000200001522898674,0.000100000761449337,13.812000004691072
YOLO Only,True,False,False,False,170,10.313100006897002,0.000200001522898674,0.000100000761449337,0.000100000761449337,10.3135000099428
YOLO Only,True,False,False,False,171,12.607500000740401,0.000200001522898674,0.000100000761449337,0.000100000761449337,12.607900003786199
YOLO Only,True,False,False,False,172,16.28559999517165,0.000200001522898674,0.000100000761449337,0.000100000761449337,16.28599999821745
YOLO Only,True,False,False,False,173,14.560700001311488,0.00039998849388211966,0.000200001522898674,0.000100000761449337,14.561399992089719
YOLO Only,True,False,False,False,174,15.310000002500601,0.000200001522898674,0.000200001522898674,0.0,15.310400005546398
YOLO Only,True,False,False,False,175,16.499600009410642,0.000200001522898674,0.000200001522898674,0.000100000761449337,16.50010001321789
YOLO Only,True,False,False,False,176,12.619699991773814,0.000200001522898674,0.000200001522898674,0.000100000761449337,12.62019999558106
YOLO Only,True,False,False,False,177,15.003199994680472,0.000300002284348011,0.000200001522898674,0.000100000761449337,15.003799999249168
YOLO Only,True,False,False,False,178,13.96769999701064,0.000200001522898674,0.000200001522898674,0.000100000761449337,13.968200000817887
YOLO Only,True,False,False,False,179,13.41810000303667,0.000200001522898674,0.000100000761449337,0.000100000761449337,13.418500006082468
YOLO Only,True,False,False,False,180,11.821199994301423,0.000300002284348011,0.000200001522898674,0.000100000761449337,11.82179999887012
YOLO Only,True,False,False,False,181,11.976900001172908,0.000200001522898674,0.000100000761449337,0.000100000761449337,11.977300004218705
YOLO Only,True,False,False,False,182,13.642100006109104,0.000200001522898674,0.000100000761449337,0.000100000761449337,13.642500009154901
YOLO Only,True,False,False,False,183,14.158299993141554,0.00029998773243278265,0.000200001522898674,0.000100000761449337,14.158899983158335
YOLO Only,True,False,False,False,184,12.714199998299591,0.000300002284348011,0.000100000761449337,0.0,12.714600001345389
YOLO Only,True,False,False,False,185,14.367600000696257,0.00029998773243278265,0.000200001522898674,0.000100000761449337,14.368199990713038
YOLO Only,True,False,False,False,186,13.362599987885915,0.000200001522898674,9.998620953410864e-05,0.000100000761449337,13.362999976379797
YOLO Only,True,False,False,False,187,13.635899988003075,0.000200001522898674,0.000100000761449337,0.000100000761449337,13.636299991048872
YOLO Only,True,False,False,False,188,13.833899996825494,0.000400003045797348,0.000100000761449337,0.000100000761449337,13.83450000139419
YOLO Only,True,False,False,False,189,16.874399996595457,0.000200001522898674,0.00019998697098344564,0.0,16.87479998508934
YOLO Only,True,False,False,False,190,11.607199994614348,0.000200001522898674,0.000200001522898674,0.0,11.607599997660145
YOLO Only,True,False,False,False,191,12.306899996474385,0.000200001522898674,0.000200001522898674,0.0,12.307299999520183
YOLO Only,True,False,False,False,192,13.70919999317266,0.000300002284348011,0.000200001522898674,0.000100000761449337,13.709799997741356
YOLO Only,True,False,False,False,193,13.510999997379258,0.00029998773243278265,0.000200001522898674,0.000200001522898674,13.511699988157488
YOLO Only,True,False,False,False,194,16.206500004045665,0.00029998773243278265,0.000200001522898674,0.000100000761449337,16.207099994062446
YOLO Only,True,False,False,False,195,13.493900012690574,0.000300002284348011,0.000100000761449337,0.000100000761449337,13.49440001649782
YOLO Only,True,False,False,False,196,17.387800005963072,0.000300002284348011,0.000100000761449337,0.000100000761449337,17.38830000977032
YOLO Only,True,False,False,False,197,17.924400002812035,0.000200001522898674,0.000100000761449337,0.000100000761449337,17.924800005857833
YOLO Only,True,False,False,False,198,14.184600004227832,0.000200001522898674,0.000200001522898674,0.000100000761449337,14.185100008035079
YOLO Only,True,False,False,False,199,13.766800009761937,0.000200001522898674,0.000200001522898674,0.000100000761449337,13.767300013569184
YOLO Only,True,False,False,False,200,18.57200000085868,0.000200001522898674,0.000100000761449337,0.000100000761449337,18.572400003904477
YOLO Only,True,False,False,False,201,13.925599996582605,0.000400003045797348,0.000200001522898674,0.00019998697098344564,13.926399988122284
YOLO Only,True,False,False,False,202,16.855200010468252,0.000400003045797348,0.000200001522898674,0.000100000761449337,16.855900015798397
YOLO Only,True,False,False,False,203,15.20929999242071,0.000200001522898674,0.000200001522898674,9.998620953410864e-05,15.209799981676042
YOLO Only,True,False,False,False,204,13.097800008836202,0.000300002284348011,0.000100000761449337,0.000100000761449337,13.098300012643449
YOLO Only,True,False,False,False,205,14.884399992297404,0.000200001522898674,0.000200001522898674,0.000200001522898674,14.8849999968661
YOLO Only,True,False,False,False,206,16.08000000123866,0.000300002284348011,0.000200001522898674,0.000100000761449337,16.080600005807355
YOLO Only,True,False,False,False,207,15.669999993406236,0.000300002284348011,0.000100000761449337,9.998620953410864e-05,15.670499982661568
YOLO Only,True,False,False,False,208,14.513399990391918,0.000300002284348011,0.000200001522898674,0.000100000761449337,14.513999994960614
YOLO Only,True,False,False,False,209,21.329600000171922,0.000500003807246685,0.000300002284348011,0.000200001522898674,21.330600007786416
YOLO Only,True,False,False,False,210,18.8831000123173,0.000300002284348011,0.000300002284348011,0.000100000761449337,18.883800017647445
YOLO Only,True,False,False,False,211,19.63399999658577,0.000300002284348011,0.000100000761449337,9.998620953410864e-05,19.634499985841103
YOLO Only,True,False,False,False,212,15.714900000602938,0.000200001522898674,0.000200001522898674,0.000100000761449337,15.715400004410185
YOLO Only,True,False,False,False,213,23.109100002329797,0.000200001522898674,0.000200001522898674,0.000100000761449337,23.109600006137043
YOLO Only,True,False,False,False,214,22.881600001710467,0.000400003045797348,0.000200001522898674,0.000100000761449337,22.882300007040612
YOLO Only,True,False,False,False,215,24.329899999429472,0.000300002284348011,0.000100000761449337,0.0,24.33030000247527
YOLO Only,True,False,False,False,216,16.276900001685135,0.000400003045797348,0.000300002284348011,0.000100000761449337,16.27770000777673
YOLO Only,True,False,False,False,217,18.60950000991579,0.000300002284348011,0.000200001522898674,0.000100000761449337,18.610100014484487
YOLO Only,True,False,False,False,218,18.181200008257292,0.000400003045797348,0.000200001522898674,0.000100000761449337,18.181900013587438
YOLO Only,True,False,False,False,219,13.2484000059776,0.000400003045797348,0.000200001522898674,0.000100000761449337,13.249100011307746
YOLO Only,True,False,False,False,220,17.39560000714846,0.000200001522898674,0.000200001522898674,0.000100000761449337,17.396100010955706
YOLO Only,True,False,False,False,221,18.678500011446886,0.000300002284348011,0.00029998773243278265,0.000200001522898674,18.679300002986565
YOLO Only,True,False,False,False,222,20.164999994449317,0.000300002284348011,0.000200001522898674,0.000200001522898674,20.165699999779463
YOLO Only,True,False,False,False,223,14.63450001028832,0.000200001522898674,0.000200001522898674,0.000100000761449337,14.635000014095567
YOLO Only,True,False,False,False,224,12.885699994512834,0.000300002284348011,0.000200001522898674,0.0,12.88619999832008
YOLO Only,True,False,False,False,225,12.743799990857951,0.000200001522898674,0.000100000761449337,0.000100000761449337,12.744199993903749
YOLO Only,True,False,False,False,226,12.658099993132055,0.00029998773243278265,0.000200001522898674,0.0,12.658599982387386
YOLO Only,True,False,False,False,227,12.625200004549697,0.00019998697098344564,0.000100000761449337,0.000100000761449337,12.62559999304358
YOLO Only,True,False,False,False,228,12.672299999394454,0.000200001522898674,0.000100000761449337,0.000100000761449337,12.672700002440251
YOLO Only,True,False,False,False,229,12.568599995574914,0.000200001522898674,0.000200001522898674,0.000100000761449337,12.56909999938216
YOLO Only,True,False,False,False,230,12.504899990744889,0.000200001522898674,0.000100000761449337,0.000100000761449337,12.505299993790686
YOLO Only,True,False,False,False,231,12.880800000857562,0.00019998697098344564,0.000100000761449337,0.0,12.881099988589995
YOLO Only,True,False,False,False,232,12.626600000658073,0.00029998773243278265,0.000200001522898674,0.000100000761449337,12.627199990674853
YOLO Only,True,False,False,False,233,12.518700008513406,0.00019998697098344564,0.000100000761449337,0.000100000761449337,12.519099997007288
YOLO Only,True,False,False,False,234,12.55650000530295,0.000300002284348011,0.000200001522898674,0.000100000761449337,12.557100009871647
YOLO Only,True,False,False,False,235,12.49660000030417,0.000200001522898674,0.000100000761449337,0.000100000761449337,12.497000003349967
YOLO Only,True,False,False,False,236,12.424300002749078,0.00029998773243278265,0.000100000761449337,0.0,12.42469999124296
YOLO Only,True,False,False,False,237,12.72179999796208,0.000200001522898674,0.000200001522898674,0.000100000761449337,12.722300001769327
YOLO Only,True,False,False,False,238,12.550799991004169,0.000200001522898674,0.000200001522898674,0.0,12.551199994049966
YOLO Only,True,False,False,False,239,12.539399991510436,0.00029998773243278265,0.000200001522898674,0.000100000761449337,12.539999981527217
YOLO Only,True,False,False,False,240,12.23520000348799,0.000200001522898674,0.000100000761449337,0.000100000761449337,12.235600006533787
YOLO Only,True,False,False,False,241,12.426800007233396,0.000200001522898674,0.000100000761449337,0.000100000761449337,12.427200010279194
YOLO Only,True,False,False,False,242,12.5566000060644,0.000200001522898674,0.000200001522898674,0.000100000761449337,12.557100009871647
YOLO Only,True,False,False,False,243,12.68040000286419,0.00029998773243278265,0.000100000761449337,0.000100000761449337,12.680899992119521
YOLO Only,True,False,False,False,244,12.58399999642279,0.000200001522898674,0.000100000761449337,0.000100000761449337,12.584399999468587
YOLO Only,True,False,False,False,245,13.081199998850934,0.000200001522898674,0.000200001522898674,0.000100000761449337,13.081700002658181
YOLO Only,True,False,False,False,246,12.31369999004528,0.000400003045797348,0.000200001522898674,0.000100000761449337,12.314399995375425
YOLO Only,True,False,False,False,247,12.305700001888908,0.00029998773243278265,0.000100000761449337,0.000100000761449337,12.30619999114424
YOLO Only,True,False,False,False,248,12.394899997161701,0.00029998773243278265,0.000100000761449337,0.000100000761449337,12.395399986417033
YOLO Only,True,False,False,False,249,12.31730000290554,0.00029998773243278265,0.000100000761449337,0.0,12.317699991399422
YOLO Only,True,False,False,False,250,12.598400004208088,0.00029998773243278265,0.000200001522898674,0.000100000761449337,12.598999994224869
YOLO Only,True,False,False,False,251,13.462600007187575,0.000200001522898674,0.000100000761449337,0.000100000761449337,13.463000010233372
YOLO Only,True,False,False,False,252,13.1664000073215,0.000200001522898674,0.000100000761449337,0.000100000761449337,13.166800010367297
YOLO Only,True,False,False,False,253,13.4299000055762,0.00019998697098344564,0.000100000761449337,0.000100000761449337,13.430299994070083
YOLO Only,True,False,False,False,254,13.327199994819239,0.000300002284348011,0.000100000761449337,0.000100000761449337,13.327699998626485
YOLO Only,True,False,False,False,255,13.629400011268444,0.000200001522898674,0.000200001522898674,0.000100000761449337,13.629900015075691
YOLO Only,True,False,False,False,256,13.659099990036339,0.000100000761449337,0.000200001522898674,0.000100000761449337,13.659499993082136
YOLO Only,True,False,False,False,257,12.738100005663,0.000200001522898674,0.000200001522898674,0.000100000761449337,12.738600009470247
YOLO Only,True,False,False,False,258,12.543999997433275,0.000200001522898674,0.000200001522898674,0.000100000761449337,12.544500001240522
YOLO Only,True,False,False,False,259,13.29299999633804,0.000200001522898674,0.000100000761449337,0.000100000761449337,13.293399999383837
YOLO Only,True,False,False,False,260,13.406900005065836,0.000200001522898674,0.00019998697098344564,0.0,13.407299993559718
YOLO Only,True,False,False,False,261,13.082299992674962,0.000300002284348011,0.000100000761449337,0.000100000761449337,13.082799996482208
YOLO Only,True,False,False,False,262,13.491999998223037,0.000300002284348011,0.000100000761449337,9.998620953410864e-05,13.492499987478368
YOLO Only,True,False,False,False,263,13.254900011816062,0.000300002284348011,0.000200001522898674,0.000100000761449337,13.255500016384758
YOLO Only,True,False,False,False,264,12.922299996716902,0.000400003045797348,0.000200001522898674,0.000200001522898674,12.923100002808496
YOLO Only,True,False,False,False,265,12.628099997527897,0.000300002284348011,0.000100000761449337,0.000100000761449337,12.628600001335144
YOLO Only,True,False,False,False,266,12.467299995478243,0.000200001522898674,0.000100000761449337,0.000100000761449337,12.46769999852404
YOLO Only,True,False,False,False,267,11.847699992358685,0.000200001522898674,0.000100000761449337,0.0,11.847999994643033
YOLO Only,True,False,False,False,268,11.165499992785044,0.000200001522898674,9.998620953410864e-05,0.000100000761449337,11.165899981278926
YOLO Only,True,False,False,False,269,11.128500002087094,0.00019998697098344564,0.000100000761449337,0.000100000761449337,11.128899990580976
YOLO Only,True,False,False,False,270,11.17940001131501,0.000200001522898674,0.000200001522898674,0.000100000761449337,11.179900015122257
YOLO Only,True,False,False,False,271,10.935500002233312,0.000100000761449337,0.000100000761449337,0.000100000761449337,10.93580000451766
YOLO Only,True,False,False,False,272,12.058399996021762,0.000100000761449337,0.000200001522898674,0.0,12.05869999830611
YOLO Only,True,False,False,False,273,11.671700005535968,0.000300002284348011,0.000100000761449337,0.0,11.672100008581765
YOLO Only,True,False,False,False,274,11.929400003282353,0.00029998773243278265,0.000200001522898674,0.000100000761449337,11.929999993299134
YOLO Only,True,False,False,False,275,13.882400002330542,0.000300002284348011,0.000100000761449337,0.0,13.882800005376339
YOLO Only,True,False,False,False,276,12.199800010421313,0.000200001522898674,0.00019998697098344564,0.0,12.200199998915195
YOLO Only,True,False,False,False,277,12.294200001633726,0.000200001522898674,0.000200001522898674,0.000100000761449337,12.294700005440973
YOLO Only,True,False,False,False,278,12.676099999225698,0.000300002284348011,0.00019998697098344564,0.0,12.67659998848103
YOLO Only,True,False,False,False,279,11.805600006482564,0.000200001522898674,0.00019998697098344564,0.000100000761449337,11.806099995737895
YOLO Only,True,False,False,False,280,12.459599995054305,0.000300002284348011,0.000100000761449337,0.000100000761449337,12.460099998861551
YOLO Only,True,False,False,False,281,11.817999999038875,0.000200001522898674,0.000100000761449337,0.000100000761449337,11.818400002084672
YOLO Only,True,False,False,False,282,11.224800007767044,0.00029998773243278265,0.000100000761449337,0.000100000761449337,11.225299997022375
YOLO Only,True,False,False,False,283,11.520799991558306,0.000200001522898674,0.000200001522898674,0.000100000761449337,11.521299995365553
YOLO Only,True,False,False,False,284,10.91209999867715,0.000300002284348011,0.000100000761449337,0.000100000761449337,10.912600002484396
YOLO Only,True,False,False,False,285,10.920600005192682,0.000200001522898674,0.000200001522898674,0.0,10.92100000823848
YOLO Only,True,False,False,False,286,10.774800000945106,0.000200001522898674,0.000100000761449337,0.000100000761449337,10.775200003990903
YOLO Only,True,False,False,False,287,10.846599994692951,0.000200001522898674,0.000200001522898674,0.000100000761449337,10.847099998500198
YOLO Only,True,False,False,False,288,11.249000002862886,0.00039998849388211966,0.000200001522898674,0.000100000761449337,11.249699993641116
YOLO Only,True,False,False,False,289,11.386800004402176,0.000200001522898674,0.000200001522898674,0.000100000761449337,11.387300008209422
YOLO Only,True,False,False,False,290,11.035499992431141,0.000200001522898674,9.998620953410864e-05,0.000100000761449337,11.035899980925024
YOLO Only,True,False,False,False,291,11.042199999792501,0.000200001522898674,0.000100000761449337,0.000100000761449337,11.042600002838299
YOLO Only,True,False,False,False,292,11.193400001502596,0.000300002284348011,0.000100000761449337,0.000100000761449337,11.193900005309843
YOLO Only,True,False,False,False,293,10.998500001733191,0.000200001522898674,0.000200001522898674,0.000100000761449337,10.999000005540438
YOLO Only,True,False,False,False,294,10.919000007561408,0.000200001522898674,0.000100000761449337,0.000100000761449337,10.919400010607205
YOLO Only,True,False,False,False,295,11.060699995141476,0.000600004568696022,0.000100000761449337,0.00019998697098344564,11.061599987442605
YOLO Only,True,False,False,False,296,11.010200003511272,0.000200001522898674,0.000100000761449337,0.000100000761449337,11.01060000655707
YOLO Only,True,False,False,False,297,10.884100003750063,0.000200001522898674,0.000100000761449337,9.998620953410864e-05,10.884499992243946
YOLO Only,True,False,False,False,298,10.926999995717779,0.000200001522898674,0.000100000761449337,0.000100000761449337,10.927399998763576
YOLO Only,True,False,False,False,299,11.014400006388314,0.000200001522898674,0.000200001522898674,0.000100000761449337,11.01490001019556
